[23:39:38.286227] {Default Queue}  -> wl_display#1.get_registry(new id wl_registry#2)
[23:39:38.286246] {Default Queue}  -> wl_display#1.sync(new id wl_callback#3)
[23:39:38.286288] {Display Queue} wl_display#1.delete_id(3)
[23:39:38.286292] {Default Queue} wl_registry#2.global(1, "wl_compositor", 5)
[23:39:38.286295] {Default Queue}  -> wl_registry#2.bind(1, "wl_compositor", 3, new id [unknown]#4)
[23:39:38.286298] {Default Queue} wl_registry#2.global(2, "wl_subcompositor", 1)
[23:39:38.286300] {Default Queue}  -> wl_registry#2.bind(2, "wl_subcompositor", 1, new id [unknown]#5)
[23:39:38.286304] {Default Queue} wl_registry#2.global(3, "wp_viewporter", 1)
[23:39:38.286306] {Default Queue}  -> wl_registry#2.bind(3, "wp_viewporter", 1, new id [unknown]#6)
[23:39:38.286309] {Default Queue} wl_registry#2.global(4, "zxdg_output_manager_v1", 2)
[23:39:38.286311] {Default Queue} wl_registry#2.global(5, "wp_presentation", 2)
[23:39:38.286313] {Default Queue} wl_registry#2.global(6, "wp_single_pixel_buffer_manager_v1", 1)
[23:39:38.286315] {Default Queue} wl_registry#2.global(7, "wp_tearing_control_manager_v1", 1)
[23:39:38.286316] {Default Queue} wl_registry#2.global(8, "wp_fifo_manager_v1", 1)
[23:39:38.286318] {Default Queue} wl_registry#2.global(9, "wp_commit_timing_manager_v1", 1)
[23:39:38.286321] {Default Queue} wl_registry#2.global(10, "wp_alpha_modifier_v1", 1)
[23:39:38.286322] {Default Queue} wl_registry#2.global(11, "zwp_relative_pointer_manager_v1", 1)
[23:39:38.286326] {Default Queue}  -> wl_registry#2.bind(11, "zwp_relative_pointer_manager_v1", 1, new id [unknown]#7)
[23:39:38.286328] {Default Queue} wl_registry#2.global(12, "zwp_pointer_constraints_v1", 1)
[23:39:38.286330] {Default Queue}  -> wl_registry#2.bind(12, "zwp_pointer_constraints_v1", 1, new id [unknown]#8)
[23:39:38.286333] {Default Queue} wl_registry#2.global(13, "zwp_input_timestamps_manager_v1", 1)
[23:39:38.286336] {Default Queue} wl_registry#2.global(14, "weston_capture_v1", 2)
[23:39:38.286338] {Default Queue} wl_registry#2.global(15, "wl_data_device_manager", 3)
[23:39:38.286342] {Default Queue}  -> wl_registry#2.bind(15, "wl_data_device_manager", 1, new id [unknown]#9)
[23:39:38.286343] {Default Queue} wl_registry#2.global(16, "wl_shm", 2)
[23:39:38.286345] {Default Queue}  -> wl_registry#2.bind(16, "wl_shm", 1, new id [unknown]#10)
[23:39:38.286347] {Default Queue} wl_registry#2.global(17, "weston_debug_v1", 1)
[23:39:38.286350] {Default Queue} wl_registry#2.global(18, "wl_eglstream_display", 1)
[23:39:38.286351] {Default Queue} wl_registry#2.global(19, "wl_drm", 2)
[23:39:38.286354] {Default Queue} wl_registry#2.global(20, "zwp_linux_dmabuf_v1", 5)
[23:39:38.286356] {Default Queue} wl_registry#2.global(21, "zwp_linux_explicit_synchronization_v1", 2)
[23:39:38.286358] {Default Queue} wl_registry#2.global(22, "wp_color_representation_manager_v1", 1)
[23:39:38.286359] {Default Queue} wl_registry#2.global(23, "wl_output", 4)
[23:39:38.286361] {Default Queue}  -> wl_registry#2.bind(23, "wl_output", 4, new id [unknown]#11)
[23:39:38.286365] {Default Queue} wl_registry#2.global(24, "zwp_input_panel_v1", 1)
[23:39:38.286367] {Default Queue} wl_registry#2.global(25, "zwp_text_input_manager_v1", 1)
[23:39:38.286369] {Default Queue} wl_registry#2.global(26, "xdg_wm_base", 5)
[23:39:38.286371] {Default Queue}  -> wl_registry#2.bind(26, "xdg_wm_base", 1, new id [unknown]#12)
[23:39:38.286373] {Default Queue} wl_registry#2.global(27, "weston_desktop_shell", 1)
[23:39:38.286374] {Default Queue} wl_registry#2.global(28, "wl_seat", 7)
[23:39:38.286376] {Default Queue}  -> wl_registry#2.bind(28, "wl_seat", 4, new id [unknown]#13)
[23:39:38.286380] {Default Queue} wl_registry#2.global(29, "zwp_input_method_v1", 1)
[23:39:38.286383] {Default Queue} wl_callback#3.done(0)
[23:39:38.286385] {Default Queue}  -> wl_display#1.sync(new id wl_callback#3)
[23:39:38.286419] {Display Queue} wl_display#1.delete_id(3)
[23:39:38.286422] {Default Queue} discarded wl_shm#10.format(0)
[23:39:38.286425] {Default Queue} discarded wl_shm#10.format(1)
[23:39:38.286427] {Default Queue} discarded wl_shm#10.format(842093144)
[23:39:38.286431] {Default Queue} discarded wl_shm#10.format(842093121)
[23:39:38.286432] {Default Queue} discarded wl_shm#10.format(842089048)
[23:39:38.286434] {Default Queue} discarded wl_shm#10.format(842089025)
[23:39:38.286435] {Default Queue} discarded wl_shm#10.format(842094674)
[23:39:38.286436] {Default Queue} discarded wl_shm#10.format(842088786)
[23:39:38.286438] {Default Queue} discarded wl_shm#10.format(842094658)
[23:39:38.286441] {Default Queue} discarded wl_shm#10.format(842088770)
[23:39:38.286442] {Default Queue} discarded wl_shm#10.format(892426322)
[23:39:38.286444] {Default Queue} discarded wl_shm#10.format(892420434)
[23:39:38.286445] {Default Queue} discarded wl_shm#10.format(892426306)
[23:39:38.286447] {Default Queue} discarded wl_shm#10.format(892420418)
[23:39:38.286448] {Default Queue} discarded wl_shm#10.format(909199186)
[23:39:38.286451] {Default Queue} discarded wl_shm#10.format(909199170)
[23:39:38.286454] {Default Queue} discarded wl_shm#10.format(875710290)
[23:39:38.286456] {Default Queue} discarded wl_shm#10.format(875710274)
[23:39:38.286457] {Default Queue} discarded wl_shm#10.format(875713112)
[23:39:38.286459] {Default Queue} discarded wl_shm#10.format(875713089)
[23:39:38.286460] {Default Queue} discarded wl_shm#10.format(875709016)
[23:39:38.286461] {Default Queue} discarded wl_shm#10.format(875708993)
[23:39:38.286463] {Default Queue} discarded wl_shm#10.format(875714642)
[23:39:38.286465] {Default Queue} discarded wl_shm#10.format(875708754)
[23:39:38.286466] {Default Queue} discarded wl_shm#10.format(875714626)
[23:39:38.286469] {Default Queue} discarded wl_shm#10.format(875708738)
[23:39:38.286470] {Default Queue} discarded wl_shm#10.format(808669784)
[23:39:38.286472] {Default Queue} discarded wl_shm#10.format(808669761)
[23:39:38.286473] {Default Queue} discarded wl_shm#10.format(808665688)
[23:39:38.286474] {Default Queue} discarded wl_shm#10.format(808665665)
[23:39:38.286475] {Default Queue} discarded wl_shm#10.format(942948952)
[23:39:38.286477] {Default Queue} discarded wl_shm#10.format(942948929)
[23:39:38.286479] {Default Queue} discarded wl_shm#10.format(942953048)
[23:39:38.286482] {Default Queue} discarded wl_shm#10.format(942953025)
[23:39:38.286484] {Default Queue} discarded wl_shm#10.format(1211384408)
[23:39:38.286485] {Default Queue} discarded wl_shm#10.format(1211384385)
[23:39:38.286486] {Default Queue} discarded wl_shm#10.format(1211388504)
[23:39:38.286488] {Default Queue} discarded wl_shm#10.format(1211388481)
[23:39:38.286489] {Default Queue} discarded wl_shm#10.format(1448695129)
[23:39:38.286491] {Default Queue} discarded wl_shm#10.format(1431918169)
[23:39:38.286492] {Default Queue} discarded wl_shm#10.format(1498831189)
[23:39:38.286494] {Default Queue} discarded wl_shm#10.format(1498765654)
[23:39:38.286496] {Default Queue} discarded wl_shm#10.format(842094158)
[23:39:38.286497] {Default Queue} discarded wl_shm#10.format(825382478)
[23:39:38.286499] {Default Queue} discarded wl_shm#10.format(909203022)
[23:39:38.286500] {Default Queue} discarded wl_shm#10.format(825644622)
[23:39:38.286501] {Default Queue} discarded wl_shm#10.format(875714126)
[23:39:38.286503] {Default Queue} discarded wl_shm#10.format(842290766)
[23:39:38.286504] {Default Queue} discarded wl_shm#10.format(808530000)
[23:39:38.286506] {Default Queue} discarded wl_shm#10.format(842084432)
[23:39:38.286508] {Default Queue} discarded wl_shm#10.format(909193296)
[23:39:38.286511] {Default Queue} discarded wl_shm#10.format(842093913)
[23:39:38.286513] {Default Queue} discarded wl_shm#10.format(842094169)
[23:39:38.286514] {Default Queue} discarded wl_shm#10.format(909202777)
[23:39:38.286516] {Default Queue} discarded wl_shm#10.format(909203033)
[23:39:38.286517] {Default Queue} discarded wl_shm#10.format(875713881)
[23:39:38.286519] {Default Queue} discarded wl_shm#10.format(875714137)
[23:39:38.286520] {Default Queue} discarded wl_shm#10.format(1448434008)
[23:39:38.286521] {Default Queue} wl_output#11.geometry(0, 0, 1200, 900, 0, "weston", "headless", 0)
[23:39:38.286526] {Default Queue} wl_output#11.scale(1)
[23:39:38.286528] {Default Queue} wl_output#11.mode(3, 1200, 900, 60000)
[23:39:38.286530] {Default Queue} wl_output#11.name("headless")
[23:39:38.286532] {Default Queue} wl_output#11.description("headless")
[23:39:38.286534] {Default Queue} wl_output#11.done()
[23:39:38.286536] {Default Queue} wl_seat#13.name("cudaterm-test")
[23:39:38.286540] {Default Queue} wl_seat#13.capabilities(3)
[23:39:38.286542] {Default Queue}  -> wl_seat#13.get_pointer(new id wl_pointer#14)
[23:39:38.286545] {Default Queue}  -> wl_seat#13.get_keyboard(new id wl_keyboard#15)
[23:39:38.286546] {Default Queue} wl_callback#3.done(0)
[23:39:38.286562] {Default Queue}  -> wl_shm#10.create_pool(new id wl_shm_pool#3, fd 40, 1296)
[23:39:38.286815] {Default Queue}  -> wl_shm_pool#3.resize(6688)
[23:39:38.286824] {Default Queue}  -> wl_shm_pool#3.resize(17472)
[23:39:38.286835] {Default Queue}  -> wl_shm_pool#3.resize(39040)
[23:39:38.286848] {Default Queue}  -> wl_shm_pool#3.resize(82176)
[23:39:38.286865] {Default Queue}  -> wl_shm_pool#3.resize(168448)
[23:39:38.287131] {Default Queue}  -> wl_shm_pool#3.resize(340992)
[23:39:38.287552] {Default Queue}  -> wl_shm_pool#3.resize(686080)
[23:39:38.288492] {Default Queue}  -> wl_shm_pool#3.resize(1376256)
[23:39:38.289719] {Default Queue}  -> wl_shm#10.create_pool(new id wl_shm_pool#16, fd 42, 5184)
[23:39:38.289922] {Default Queue}  -> wl_shm_pool#16.resize(14464)
[23:39:38.289932] {Default Queue}  -> wl_shm_pool#16.resize(33024)
[23:39:38.289946] {Default Queue}  -> wl_shm_pool#16.resize(70144)
[23:39:38.289964] {Default Queue}  -> wl_shm_pool#16.resize(144384)
[23:39:38.290204] {Default Queue}  -> wl_shm_pool#16.resize(292864)
[23:39:38.290473] {Default Queue}  -> wl_shm_pool#16.resize(589824)
[23:39:38.291603] {Default Queue}  -> wl_shm_pool#16.resize(1183744)
[23:39:38.292941] {Default Queue}  -> wl_compositor#4.create_surface(new id wl_surface#17)
[23:39:38.292951] {Default Queue}  -> wl_data_device_manager#9.get_data_device(new id wl_data_device#18, wl_seat#13)
[23:39:38.293367] {Default Queue}  -> wl_compositor#4.create_surface(new id wl_surface#19)
[23:39:38.293370] {Default Queue}  -> wl_compositor#4.create_region(new id wl_region#20)
[23:39:38.293372] {Default Queue}  -> wl_region#20.add(0, 0, 640, 512)
[23:39:38.293375] {Default Queue}  -> wl_surface#19.set_opaque_region(wl_region#20)
[23:39:38.293377] {Default Queue}  -> wl_region#20.destroy()
[23:39:38.301458]  -> wl_display#1.get_registry(new id wl_registry#21)
[23:39:38.301469]  -> wl_display#1.sync(new id wl_callback#22)
[23:39:38.301629] {Display Queue} wl_display#1.delete_id(20)
[23:39:38.301632] {Display Queue} wl_display#1.delete_id(22)
[23:39:38.301634] wl_registry#21.global(1, "wl_compositor", 5)
[23:39:38.301636] wl_registry#21.global(2, "wl_subcompositor", 1)
[23:39:38.301639] wl_registry#21.global(3, "wp_viewporter", 1)
[23:39:38.301640] wl_registry#21.global(4, "zxdg_output_manager_v1", 2)
[23:39:38.301642] wl_registry#21.global(5, "wp_presentation", 2)
[23:39:38.301643] wl_registry#21.global(6, "wp_single_pixel_buffer_manager_v1", 1)
[23:39:38.301646] wl_registry#21.global(7, "wp_tearing_control_manager_v1", 1)
[23:39:38.301647] wl_registry#21.global(8, "wp_fifo_manager_v1", 1)
[23:39:38.301649] wl_registry#21.global(9, "wp_commit_timing_manager_v1", 1)
[23:39:38.301651] wl_registry#21.global(10, "wp_alpha_modifier_v1", 1)
[23:39:38.301653] wl_registry#21.global(11, "zwp_relative_pointer_manager_v1", 1)
[23:39:38.301655] wl_registry#21.global(12, "zwp_pointer_constraints_v1", 1)
[23:39:38.301657] wl_registry#21.global(13, "zwp_input_timestamps_manager_v1", 1)
[23:39:38.301658] wl_registry#21.global(14, "weston_capture_v1", 2)
[23:39:38.301660] wl_registry#21.global(15, "wl_data_device_manager", 3)
[23:39:38.301662] wl_registry#21.global(16, "wl_shm", 2)
[23:39:38.301664] wl_registry#21.global(17, "weston_debug_v1", 1)
[23:39:38.301667] wl_registry#21.global(18, "wl_eglstream_display", 1)
[23:39:38.301669] wl_registry#21.global(19, "wl_drm", 2)
[23:39:38.301670] wl_registry#21.global(20, "zwp_linux_dmabuf_v1", 5)
[23:39:38.301674] wl_registry#21.global(21, "zwp_linux_explicit_synchronization_v1", 2)
[23:39:38.301677] wl_registry#21.global(22, "wp_color_representation_manager_v1", 1)
[23:39:38.301679] wl_registry#21.global(23, "wl_output", 4)
[23:39:38.301681] wl_registry#21.global(24, "zwp_input_panel_v1", 1)
[23:39:38.301683] wl_registry#21.global(25, "zwp_text_input_manager_v1", 1)
[23:39:38.301684] wl_registry#21.global(26, "xdg_wm_base", 5)
[23:39:38.301686] wl_registry#21.global(27, "weston_desktop_shell", 1)
[23:39:38.301688] wl_registry#21.global(28, "wl_seat", 7)
[23:39:38.301690] wl_registry#21.global(29, "zwp_input_method_v1", 1)
[23:39:38.301691] wl_callback#22.done(0)
[23:39:38.301694]  -> wl_registry#21.bind(20, "zwp_linux_dmabuf_v1", 4, new id [unknown]#22)
[23:39:38.301697]  -> zwp_linux_dmabuf_v1#22.get_default_feedback(new id zwp_linux_dmabuf_feedback_v1#20)
[23:39:38.301698]  -> wl_display#1.sync(new id wl_callback#23)
[23:39:38.301719] {Display Queue} wl_display#1.delete_id(23)
[23:39:38.301722] zwp_linux_dmabuf_feedback_v1#20.format_table(fd 42, 9408)
[23:39:38.301728] zwp_linux_dmabuf_feedback_v1#20.main_device(array[8])
[23:39:38.301731] zwp_linux_dmabuf_feedback_v1#20.tranche_target_device(array[8])
[23:39:38.301732] zwp_linux_dmabuf_feedback_v1#20.tranche_flags(0)
[23:39:38.301733] zwp_linux_dmabuf_feedback_v1#20.tranche_formats(array[1176])
[23:39:38.301737] zwp_linux_dmabuf_feedback_v1#20.tranche_done()
[23:39:38.301739] zwp_linux_dmabuf_feedback_v1#20.done()
[23:39:38.301741] wl_callback#23.done(0)
[23:39:38.301742]  -> zwp_linux_dmabuf_feedback_v1#20.destroy()
[23:39:38.301794]  -> wl_registry#21.bind(19, "wl_drm", 1, new id [unknown]#23)
[23:39:38.301797]  -> wl_display#1.sync(new id wl_callback#24)
[23:39:38.301809] {Display Queue} wl_display#1.delete_id(20)
[23:39:38.301811] {Display Queue} wl_display#1.delete_id(24)
[23:39:38.301812] wl_drm#23.device("/dev/dri/renderD129")
[23:39:38.301813] wl_callback#24.done(0)
[23:39:38.304452]  -> wl_registry#21.bind(5, "wp_presentation", 2, new id [unknown]#24)
[23:39:38.304461]  -> wl_display#1.sync(new id wl_callback#20)
[23:39:38.304477] {Display Queue} wl_display#1.delete_id(20)
[23:39:38.304480] wp_presentation#24.clock_id(4)
[23:39:38.304482] wl_callback#20.done(0)
[23:39:38.304484] {Default Queue}  -> wl_registry#21.bind(8, "wp_fifo_manager_v1", 1, new id [unknown]#20)
[23:39:38.304487] {Default Queue}  -> wl_registry#21.bind(9, "wp_commit_timing_manager_v1", 1, new id [unknown]#25)
[23:39:38.304565] {Default Queue}  -> zwp_linux_dmabuf_v1#22.destroy()
[23:39:38.304623]  -> wl_display#1.get_registry(new id wl_registry#26)
[23:39:38.304626]  -> wl_display#1.sync(new id wl_callback#27)
[23:39:38.304647] {Display Queue} wl_display#1.delete_id(22)
[23:39:38.304649] {Display Queue} wl_display#1.delete_id(27)
[23:39:38.304651] wl_registry#26.global(1, "wl_compositor", 5)
[23:39:38.304653] wl_registry#26.global(2, "wl_subcompositor", 1)
[23:39:38.304655] wl_registry#26.global(3, "wp_viewporter", 1)
[23:39:38.304656] wl_registry#26.global(4, "zxdg_output_manager_v1", 2)
[23:39:38.304661] wl_registry#26.global(5, "wp_presentation", 2)
[23:39:38.304664] wl_registry#26.global(6, "wp_single_pixel_buffer_manager_v1", 1)
[23:39:38.304668] wl_registry#26.global(7, "wp_tearing_control_manager_v1", 1)
[23:39:38.304671] wl_registry#26.global(8, "wp_fifo_manager_v1", 1)
[23:39:38.304674] wl_registry#26.global(9, "wp_commit_timing_manager_v1", 1)
[23:39:38.304676] wl_registry#26.global(10, "wp_alpha_modifier_v1", 1)
[23:39:38.304680] wl_registry#26.global(11, "zwp_relative_pointer_manager_v1", 1)
[23:39:38.304683] wl_registry#26.global(12, "zwp_pointer_constraints_v1", 1)
[23:39:38.304686] wl_registry#26.global(13, "zwp_input_timestamps_manager_v1", 1)
[23:39:38.304689] wl_registry#26.global(14, "weston_capture_v1", 2)
[23:39:38.304692] wl_registry#26.global(15, "wl_data_device_manager", 3)
[23:39:38.304695] wl_registry#26.global(16, "wl_shm", 2)
[23:39:38.304698] wl_registry#26.global(17, "weston_debug_v1", 1)
[23:39:38.304701] wl_registry#26.global(18, "wl_eglstream_display", 1)
[23:39:38.304708] wl_registry#26.global(19, "wl_drm", 2)
[23:39:38.304711] wl_registry#26.global(20, "zwp_linux_dmabuf_v1", 5)
[23:39:38.304715] wl_registry#26.global(21, "zwp_linux_explicit_synchronization_v1", 2)
[23:39:38.304718] wl_registry#26.global(22, "wp_color_representation_manager_v1", 1)
[23:39:38.304726] wl_registry#26.global(23, "wl_output", 4)
[23:39:38.304729] wl_registry#26.global(24, "zwp_input_panel_v1", 1)
[23:39:38.304732] wl_registry#26.global(25, "zwp_text_input_manager_v1", 1)
[23:39:38.304736] wl_registry#26.global(26, "xdg_wm_base", 5)
[23:39:38.304740] wl_registry#26.global(27, "weston_desktop_shell", 1)
[23:39:38.304742] wl_registry#26.global(28, "wl_seat", 7)
[23:39:38.304745] wl_registry#26.global(29, "zwp_input_method_v1", 1)
[23:39:38.304746] wl_callback#27.done(0)
[23:39:38.304749]  -> wl_registry#26.bind(20, "zwp_linux_dmabuf_v1", 4, new id [unknown]#27)
[23:39:38.304751]  -> zwp_linux_dmabuf_v1#27.get_default_feedback(new id zwp_linux_dmabuf_feedback_v1#22)
[23:39:38.304754]  -> wl_display#1.sync(new id wl_callback#28)
[23:39:38.304770] {Display Queue} wl_display#1.delete_id(28)
[23:39:38.304773] zwp_linux_dmabuf_feedback_v1#22.format_table(fd 42, 9408)
[23:39:38.304779] zwp_linux_dmabuf_feedback_v1#22.main_device(array[8])
[23:39:38.304781] zwp_linux_dmabuf_feedback_v1#22.tranche_target_device(array[8])
[23:39:38.304783] zwp_linux_dmabuf_feedback_v1#22.tranche_flags(0)
[23:39:38.304784] zwp_linux_dmabuf_feedback_v1#22.tranche_formats(array[1176])
[23:39:38.304788] zwp_linux_dmabuf_feedback_v1#22.tranche_done()
[23:39:38.304790] zwp_linux_dmabuf_feedback_v1#22.done()
[23:39:38.304791] wl_callback#28.done(0)
[23:39:38.304793]  -> zwp_linux_dmabuf_feedback_v1#22.destroy()
[23:39:38.304841]  -> wl_registry#26.bind(19, "wl_drm", 1, new id [unknown]#28)
[23:39:38.304844]  -> wl_display#1.sync(new id wl_callback#29)
[23:39:38.304853] {Display Queue} wl_display#1.delete_id(22)
[23:39:38.304855] {Display Queue} wl_display#1.delete_id(29)
[23:39:38.304857] wl_drm#28.device("/dev/dri/renderD129")
[23:39:38.304858] wl_callback#29.done(0)
[23:39:38.305115]  -> wl_registry#26.bind(5, "wp_presentation", 2, new id [unknown]#29)
[23:39:38.305121]  -> wl_display#1.sync(new id wl_callback#22)
[23:39:38.305133] {Display Queue} wl_display#1.delete_id(22)
[23:39:38.305136] wp_presentation#29.clock_id(4)
[23:39:38.305137] wl_callback#22.done(0)
[23:39:38.305139] {Default Queue}  -> wl_registry#26.bind(8, "wp_fifo_manager_v1", 1, new id [unknown]#22)
[23:39:38.305142] {Default Queue}  -> wl_registry#26.bind(9, "wp_commit_timing_manager_v1", 1, new id [unknown]#30)
[23:39:38.310145] {Default Queue}  -> wp_fifo_manager_v1#22.get_fifo(new id wp_fifo_v1#31, wl_surface#19)
[23:39:38.310153] {Default Queue}  -> wp_commit_timing_manager_v1#30.get_timer(new id wp_commit_timer_v1#32, wl_surface#19)
[23:39:38.310156] {EGLSurface(19)}  -> zwp_linux_dmabuf_v1#27.get_surface_feedback(new id zwp_linux_dmabuf_feedback_v1#33, wl_surface#19)
[23:39:38.310160] {EGLSurface(19)}  -> wl_display#1.sync(new id wl_callback#34)
[23:39:38.310192] {Display Queue} wl_display#1.delete_id(34)
[23:39:38.310195] {EGLSurface(19)} zwp_linux_dmabuf_feedback_v1#33.format_table(fd 59, 9408)
[23:39:38.310201] {EGLSurface(19)} zwp_linux_dmabuf_feedback_v1#33.main_device(array[8])
[23:39:38.310203] {EGLSurface(19)} zwp_linux_dmabuf_feedback_v1#33.tranche_target_device(array[8])
[23:39:38.310205] {EGLSurface(19)} zwp_linux_dmabuf_feedback_v1#33.tranche_flags(0)
[23:39:38.310206] {EGLSurface(19)} zwp_linux_dmabuf_feedback_v1#33.tranche_formats(array[1176])
[23:39:38.310210] {EGLSurface(19)} zwp_linux_dmabuf_feedback_v1#33.tranche_done()
[23:39:38.310212] {EGLSurface(19)} zwp_linux_dmabuf_feedback_v1#33.done()
[23:39:38.310214] {EGLSurface(19)} wl_callback#34.done(0)
[23:39:38.310320] {EGLSurface(19/0x559d97851cc0)}  -> zwp_linux_dmabuf_v1#27.create_params(new id zwp_linux_buffer_params_v1#34)
[23:39:38.310325] {EGLSurface(19/0x559d97851cc0)}  -> zwp_linux_buffer_params_v1#34.add(fd 60, 0, 0, 2560, 50331648, 6316052)
[23:39:38.310330] {EGLSurface(19/0x559d97851cc0)}  -> zwp_linux_buffer_params_v1#34.create(640, 512, 875713112, 0)
[23:39:38.310332] {EGLSurface(19/0x559d97851cc0)}  -> wl_display#1.sync(new id wl_callback#35)
[23:39:38.310438] {Display Queue} wl_display#1.delete_id(35)
[23:39:38.310441] {EGLSurface(19/0x559d97851cc0)} zwp_linux_buffer_params_v1#34.created(new id wl_buffer#4278190080)
[23:39:38.310445] {EGLSurface(19/0x559d97851cc0)} wl_callback#35.done(0)
[23:39:38.310447] {EGLSurface(19/0x559d97851cc0)}  -> zwp_linux_buffer_params_v1#34.destroy()
[23:39:38.325551] {Default Queue}  -> xdg_wm_base#12.get_xdg_surface(new id xdg_surface#35, wl_surface#19)
[23:39:38.325562] {Default Queue}  -> xdg_surface#35.get_toplevel(new id xdg_toplevel#36)
[23:39:38.325565] {Default Queue}  -> xdg_toplevel#36.set_app_id("cudaterm")
[23:39:38.325566] {Default Queue}  -> xdg_toplevel#36.set_title("cudaterm")
[23:39:38.325577] {Default Queue}  -> wl_shm#10.create_pool(new id wl_shm_pool#37, fd 70, 4)
[23:39:38.325581] {Default Queue}  -> wl_shm_pool#37.create_buffer(new id wl_buffer#38, 0, 1, 1, 4, 0)
[23:39:38.325587] {Default Queue}  -> wl_shm_pool#37.destroy()
[23:39:38.325590] {Default Queue}  -> wl_compositor#4.create_surface(new id wl_surface#39)
[23:39:38.325593] {Default Queue}  -> wl_subcompositor#5.get_subsurface(new id wl_subsurface#40, wl_surface#39, wl_surface#19)
[23:39:38.325596] {Default Queue}  -> wl_subsurface#40.set_position(0, -24)
[23:39:38.325598] {Default Queue}  -> wp_viewporter#6.get_viewport(new id wp_viewport#41, wl_surface#39)
[23:39:38.325600] {Default Queue}  -> wp_viewport#41.set_destination(640, 24)
[23:39:38.325602] {Default Queue}  -> wl_surface#39.attach(wl_buffer#38, 0, 0)
[23:39:38.325606] {Default Queue}  -> wl_compositor#4.create_region(new id wl_region#42)
[23:39:38.325608] {Default Queue}  -> wl_region#42.add(0, 0, 640, 24)
[23:39:38.325610] {Default Queue}  -> wl_surface#39.set_opaque_region(wl_region#42)
[23:39:38.325612] {Default Queue}  -> wl_surface#39.commit()
[23:39:38.325613] {Default Queue}  -> wl_region#42.destroy()
[23:39:38.325615] {Default Queue}  -> wl_compositor#4.create_surface(new id wl_surface#43)
[23:39:38.325617] {Default Queue}  -> wl_subcompositor#5.get_subsurface(new id wl_subsurface#44, wl_surface#43, wl_surface#19)
[23:39:38.325619] {Default Queue}  -> wl_subsurface#44.set_position(-4, -24)
[23:39:38.325621] {Default Queue}  -> wp_viewporter#6.get_viewport(new id wp_viewport#45, wl_surface#43)
[23:39:38.325623] {Default Queue}  -> wp_viewport#45.set_destination(4, 536)
[23:39:38.325625] {Default Queue}  -> wl_surface#43.attach(wl_buffer#38, 0, 0)
[23:39:38.325627] {Default Queue}  -> wl_compositor#4.create_region(new id wl_region#46)
[23:39:38.325629] {Default Queue}  -> wl_region#46.add(0, 0, 4, 536)
[23:39:38.325631] {Default Queue}  -> wl_surface#43.set_opaque_region(wl_region#46)
[23:39:38.325632] {Default Queue}  -> wl_surface#43.commit()
[23:39:38.325634] {Default Queue}  -> wl_region#46.destroy()
[23:39:38.325635] {Default Queue}  -> wl_compositor#4.create_surface(new id wl_surface#47)
[23:39:38.325637] {Default Queue}  -> wl_subcompositor#5.get_subsurface(new id wl_subsurface#48, wl_surface#47, wl_surface#19)
[23:39:38.325638] {Default Queue}  -> wl_subsurface#48.set_position(640, -24)
[23:39:38.325640] {Default Queue}  -> wp_viewporter#6.get_viewport(new id wp_viewport#49, wl_surface#47)
[23:39:38.325642] {Default Queue}  -> wp_viewport#49.set_destination(4, 536)
[23:39:38.325643] {Default Queue}  -> wl_surface#47.attach(wl_buffer#38, 0, 0)
[23:39:38.325645] {Default Queue}  -> wl_compositor#4.create_region(new id wl_region#50)
[23:39:38.325647] {Default Queue}  -> wl_region#50.add(0, 0, 4, 536)
[23:39:38.325649] {Default Queue}  -> wl_surface#47.set_opaque_region(wl_region#50)
[23:39:38.325651] {Default Queue}  -> wl_surface#47.commit()
[23:39:38.325653] {Default Queue}  -> wl_region#50.destroy()
[23:39:38.325655] {Default Queue}  -> wl_compositor#4.create_surface(new id wl_surface#51)
[23:39:38.325656] {Default Queue}  -> wl_subcompositor#5.get_subsurface(new id wl_subsurface#52, wl_surface#51, wl_surface#19)
[23:39:38.325659] {Default Queue}  -> wl_subsurface#52.set_position(-4, 512)
[23:39:38.325661] {Default Queue}  -> wp_viewporter#6.get_viewport(new id wp_viewport#53, wl_surface#51)
[23:39:38.325662] {Default Queue}  -> wp_viewport#53.set_destination(648, 4)
[23:39:38.325664] {Default Queue}  -> wl_surface#51.attach(wl_buffer#38, 0, 0)
[23:39:38.325666] {Default Queue}  -> wl_compositor#4.create_region(new id wl_region#54)
[23:39:38.325669] {Default Queue}  -> wl_region#54.add(0, 0, 648, 4)
[23:39:38.325671] {Default Queue}  -> wl_surface#51.set_opaque_region(wl_region#54)
[23:39:38.325672] {Default Queue}  -> wl_surface#51.commit()
[23:39:38.325674] {Default Queue}  -> wl_region#54.destroy()
[23:39:38.325676] {Default Queue}  -> xdg_toplevel#36.set_min_size(0, 0)
[23:39:38.325678] {Default Queue}  -> xdg_toplevel#36.set_max_size(0, 0)
[23:39:38.325680] {Default Queue}  -> wl_surface#19.commit()
[23:39:38.325681] {Default Queue}  -> wl_display#1.sync(new id wl_callback#55)
[23:39:38.325685] {Default Queue} wl_keyboard#15.repeat_info(40, 400)
[23:39:38.325689] {Default Queue} wl_keyboard#15.keymap(1, fd 40, 35572)
[23:39:38.327825] {Display Queue} wl_display#1.delete_id(34)
[23:39:38.327833] {Display Queue} wl_display#1.delete_id(37)
[23:39:38.327836] {Display Queue} wl_display#1.delete_id(42)
[23:39:38.327837] {Display Queue} wl_display#1.delete_id(46)
[23:39:38.327839] {Display Queue} wl_display#1.delete_id(50)
[23:39:38.327841] {Display Queue} wl_display#1.delete_id(54)
[23:39:38.327842] {Display Queue} wl_display#1.delete_id(55)
[23:39:38.327844] {Default Queue} wl_callback#55.done(0)
[23:39:38.327849] {Default Queue} xdg_toplevel#36.configure(0, 0, array[0])
[23:39:38.327852] {Default Queue} xdg_surface#35.configure(1)
[23:39:38.327855] {Default Queue}  -> xdg_surface#35.ack_configure(1)
[23:39:38.341654] {EGLSurface(19)}  -> wl_surface#19.damage(0, 0, 2147483647, 2147483647)
[23:39:38.341665] {EGLSurface(19)}  -> wl_surface#19.attach(wl_buffer#4278190080, 0, 0)
[23:39:38.341668] {Default Queue}  -> wp_fifo_v1#31.set_barrier()
[23:39:38.341670] {EGLSurface(19)}  -> wl_surface#19.commit()
[23:39:38.341673] {EGLSurface(19)}  -> wl_display#1.sync(new id wl_callback#55)
[23:39:38.341871] {EGLSurface(19/0x559d97851cc0)}  -> zwp_linux_dmabuf_v1#27.create_params(new id zwp_linux_buffer_params_v1#54)
[23:39:38.341879] {EGLSurface(19/0x559d97851cc0)}  -> zwp_linux_buffer_params_v1#54.add(fd 40, 0, 0, 2560, 50331648, 6316052)
[23:39:38.341882] {EGLSurface(19/0x559d97851cc0)}  -> zwp_linux_buffer_params_v1#54.create(640, 512, 875713112, 0)
[23:39:38.341885] {EGLSurface(19/0x559d97851cc0)}  -> wl_display#1.sync(new id wl_callback#50)
[23:39:38.341899] {Display Queue} wl_display#1.delete_id(55)
[23:39:38.341983] {Display Queue} wl_display#1.delete_id(50)
[23:39:38.341985] {EGLSurface(19/0x559d97851cc0)} zwp_linux_buffer_params_v1#54.created(new id wl_buffer#4278190081)
[23:39:38.341988] {EGLSurface(19/0x559d97851cc0)} wl_callback#50.done(3)
[23:39:38.341990] {EGLSurface(19/0x559d97851cc0)}  -> zwp_linux_buffer_params_v1#54.destroy()
[23:39:38.342028] {Default Queue} wl_surface#19.enter(wl_output#11)
[23:39:38.342031] {Default Queue} discarded wl_surface#39.enter(wl_output#11)
[23:39:38.342033] {Default Queue} discarded wl_surface#43.enter(wl_output#11)
[23:39:38.342034] {Default Queue} discarded wl_surface#47.enter(wl_output#11)
[23:39:38.342036] {Default Queue} discarded wl_surface#51.enter(wl_output#11)
[23:39:38.342037] {Default Queue} wl_keyboard#15.enter(2, wl_surface#19, array[0])
[23:39:38.342132] {Default Queue} wl_keyboard#15.modifiers(2, 0, 0, 0, 0)
[23:39:38.342137] {Default Queue} wl_data_device#18.selection(nil)
[23:39:38.342139] {Default Queue} xdg_toplevel#36.configure(0, 0, array[4])
[23:39:38.342142] {Default Queue} xdg_surface#35.configure(3)
[23:39:38.342144] {Default Queue}  -> xdg_surface#35.ack_configure(3)
[23:39:38.350472] {EGLSurface(19)} wl_callback#55.done(2)
[23:39:38.350717] {EGLSurface(19)}  -> wl_surface#19.damage(0, 0, 2147483647, 2147483647)
[23:39:38.350724] {EGLSurface(19)}  -> wl_surface#19.attach(wl_buffer#4278190081, 0, 0)
[23:39:38.350726] {Default Queue}  -> wp_fifo_v1#31.set_barrier()
[23:39:38.350728] {EGLSurface(19)}  -> wl_surface#19.commit()
[23:39:38.350729] {EGLSurface(19)}  -> wl_display#1.sync(new id wl_callback#55)
[23:39:38.350870] {EGLSurface(19/0x559d97851cc0)}  -> zwp_linux_dmabuf_v1#27.create_params(new id zwp_linux_buffer_params_v1#50)
[23:39:38.350876] {EGLSurface(19/0x559d97851cc0)}  -> zwp_linux_buffer_params_v1#50.add(fd 40, 0, 0, 2560, 50331648, 6316052)
[23:39:38.350879] {EGLSurface(19/0x559d97851cc0)}  -> zwp_linux_buffer_params_v1#50.create(640, 512, 875713112, 0)
[23:39:38.350881] {EGLSurface(19/0x559d97851cc0)}  -> wl_display#1.sync(new id wl_callback#46)
[23:39:38.350891] {Display Queue} wl_display#1.delete_id(54)
[23:39:38.350894] {Display Queue} wl_display#1.delete_id(55)
[23:39:38.350895] {EGLSurface(19/0x559d97851cc0)} wl_buffer#4278190080.release()
[23:39:38.350962] {Display Queue} wl_display#1.delete_id(46)
[23:39:38.350964] {EGLSurface(19/0x559d97851cc0)} zwp_linux_buffer_params_v1#50.created(new id wl_buffer#4278190082)
[23:39:38.350966] {EGLSurface(19/0x559d97851cc0)} wl_callback#46.done(3)
[23:39:38.350968] {EGLSurface(19/0x559d97851cc0)}  -> zwp_linux_buffer_params_v1#50.destroy()
[23:39:38.355585] {Display Queue} wl_display#1.delete_id(50)
[23:39:38.355589] {Default Queue} discarded wl_buffer#38.release()
[23:39:38.630472] {Default Queue}  -> wl_display#1.sync(new id wl_callback#50)
[23:39:38.630520] {Display Queue} wl_display#1.delete_id(50)
[23:39:38.630527] {Default Queue} discarded wl_callback#50.done(3)
[23:39:38.650514] {Default Queue}  -> wl_display#1.sync(new id wl_callback#46)
[23:39:38.650536] {Display Queue} wl_display#1.delete_id(46)
[23:39:38.650540] {Default Queue} discarded wl_callback#46.done(3)
[23:39:38.670578] {Default Queue}  -> wl_display#1.sync(new id wl_callback#54)
[23:39:38.670600] {Display Queue} wl_display#1.delete_id(54)
[23:39:38.670605] {Default Queue} discarded wl_callback#54.done(3)
[23:39:38.690622] {Default Queue}  -> wl_display#1.sync(new id wl_callback#42)
[23:39:38.690652] {Display Queue} wl_display#1.delete_id(42)
[23:39:38.690658] {Default Queue} discarded wl_callback#42.done(3)
[23:39:38.710691] {Default Queue}  -> wl_display#1.sync(new id wl_callback#37)
[23:39:38.710713] {Display Queue} wl_display#1.delete_id(37)
[23:39:38.710718] {Default Queue} discarded wl_callback#37.done(3)
[23:39:38.730734] {Default Queue}  -> wl_display#1.sync(new id wl_callback#34)
[23:39:38.730754] {Display Queue} wl_display#1.delete_id(34)
[23:39:38.730760] {Default Queue} discarded wl_callback#34.done(3)
[23:39:38.750802] {Default Queue}  -> wl_display#1.sync(new id wl_callback#56)
[23:39:38.750825] {Display Queue} wl_display#1.delete_id(56)
[23:39:38.750829] {Default Queue} discarded wl_callback#56.done(3)
[23:39:38.770841] {Default Queue}  -> wl_display#1.sync(new id wl_callback#57)
[23:39:38.770874] {Display Queue} wl_display#1.delete_id(57)
[23:39:38.770881] {Default Queue} discarded wl_callback#57.done(3)
[23:39:38.790901] {Default Queue}  -> wl_display#1.sync(new id wl_callback#58)
[23:39:38.790931] {Display Queue} wl_display#1.delete_id(58)
[23:39:38.790937] {Default Queue} discarded wl_callback#58.done(3)
[23:39:38.810968] {Default Queue}  -> wl_display#1.sync(new id wl_callback#59)
[23:39:38.810997] {Display Queue} wl_display#1.delete_id(59)
[23:39:38.811002] {Default Queue} discarded wl_callback#59.done(3)
[23:39:38.831043] {Default Queue}  -> wl_display#1.sync(new id wl_callback#60)
[23:39:38.831100] {Display Queue} wl_display#1.delete_id(60)
[23:39:38.831109] {Default Queue} discarded wl_callback#60.done(3)
[23:39:38.851101] {Default Queue}  -> wl_display#1.sync(new id wl_callback#61)
[23:39:38.851126] {Display Queue} wl_display#1.delete_id(61)
[23:39:38.851132] {Default Queue} discarded wl_callback#61.done(3)
[23:39:38.871164] {Default Queue}  -> wl_display#1.sync(new id wl_callback#62)
[23:39:38.871213] {Display Queue} wl_display#1.delete_id(62)
[23:39:38.871222] {Default Queue} discarded wl_callback#62.done(3)
[23:39:38.891231] {Default Queue}  -> wl_display#1.sync(new id wl_callback#63)
[23:39:38.891275] {Display Queue} wl_display#1.delete_id(63)
[23:39:38.891284] {Default Queue} discarded wl_callback#63.done(3)
[23:39:38.911303] {Default Queue}  -> wl_display#1.sync(new id wl_callback#64)
[23:39:38.911357] {Display Queue} wl_display#1.delete_id(64)
[23:39:38.911366] {Default Queue} discarded wl_callback#64.done(3)
[23:39:38.931370] {Default Queue}  -> wl_display#1.sync(new id wl_callback#65)
[23:39:38.931415] {Display Queue} wl_display#1.delete_id(65)
[23:39:38.931423] {Default Queue} discarded wl_callback#65.done(3)
[23:39:38.951396] {Default Queue}  -> wl_display#1.sync(new id wl_callback#66)
[23:39:38.951418] {Display Queue} wl_display#1.delete_id(66)
[23:39:38.951423] {Default Queue} discarded wl_callback#66.done(3)
[23:39:38.971464] {Default Queue}  -> wl_display#1.sync(new id wl_callback#67)
[23:39:38.971499] {Display Queue} wl_display#1.delete_id(67)
[23:39:38.971505] {Default Queue} discarded wl_callback#67.done(3)
[23:39:38.991520] {Default Queue}  -> wl_display#1.sync(new id wl_callback#68)
[23:39:38.991545] {Display Queue} wl_display#1.delete_id(68)
[23:39:38.991551] {Default Queue} discarded wl_callback#68.done(3)
[23:39:39.011590] {Default Queue}  -> wl_display#1.sync(new id wl_callback#69)
[23:39:39.011630] {Display Queue} wl_display#1.delete_id(69)
[23:39:39.011639] {Default Queue} discarded wl_callback#69.done(3)
[23:39:39.031663] {Default Queue}  -> wl_display#1.sync(new id wl_callback#70)
[23:39:39.031709] {Display Queue} wl_display#1.delete_id(70)
[23:39:39.031723] {Default Queue} discarded wl_callback#70.done(3)
[23:39:39.051719] {Default Queue}  -> wl_display#1.sync(new id wl_callback#71)
[23:39:39.051743] {Display Queue} wl_display#1.delete_id(71)
[23:39:39.051749] {Default Queue} discarded wl_callback#71.done(3)
[23:39:39.071739] {Default Queue}  -> wl_display#1.sync(new id wl_callback#72)
[23:39:39.071783] {Display Queue} wl_display#1.delete_id(72)
[23:39:39.071792] {Default Queue} discarded wl_callback#72.done(3)
[23:39:39.091807] {Default Queue}  -> wl_display#1.sync(new id wl_callback#73)
[23:39:39.091849] {Display Queue} wl_display#1.delete_id(73)
[23:39:39.091857] {Default Queue} discarded wl_callback#73.done(3)
[23:39:39.111877] {Default Queue}  -> wl_display#1.sync(new id wl_callback#74)
[23:39:39.111923] {Display Queue} wl_display#1.delete_id(74)
[23:39:39.111932] {Default Queue} discarded wl_callback#74.done(3)
[23:39:39.131948] {Default Queue}  -> wl_display#1.sync(new id wl_callback#75)
[23:39:39.131992] {Display Queue} wl_display#1.delete_id(75)
[23:39:39.132000] {Default Queue} discarded wl_callback#75.done(3)
[23:39:39.152002] {Default Queue}  -> wl_display#1.sync(new id wl_callback#76)
[23:39:39.152026] {Display Queue} wl_display#1.delete_id(76)
[23:39:39.152033] {Default Queue} discarded wl_callback#76.done(3)
[23:39:39.172078] {Default Queue}  -> wl_display#1.sync(new id wl_callback#77)
[23:39:39.172125] {Display Queue} wl_display#1.delete_id(77)
[23:39:39.172133] {Default Queue} discarded wl_callback#77.done(3)
[23:39:39.192135] {Default Queue}  -> wl_display#1.sync(new id wl_callback#78)
[23:39:39.192166] {Display Queue} wl_display#1.delete_id(78)
[23:39:39.192173] {Default Queue} discarded wl_callback#78.done(3)
[23:39:39.212205] {Default Queue}  -> wl_display#1.sync(new id wl_callback#79)
[23:39:39.212245] {Display Queue} wl_display#1.delete_id(79)
[23:39:39.212253] {Default Queue} discarded wl_callback#79.done(3)
[23:39:39.353885] {Default Queue}  -> wl_display#1.sync(new id wl_callback#80)
[23:39:39.353943] {Display Queue} wl_display#1.delete_id(80)
[23:39:39.353951] {Default Queue} discarded wl_callback#80.done(4)
[23:39:39.356101] {EGLSurface(19)} wl_callback#55.done(3)
[23:39:39.356321] {EGLSurface(19)}  -> wl_surface#19.damage(0, 0, 2147483647, 2147483647)
[23:39:39.356325] {EGLSurface(19)}  -> wl_surface#19.attach(wl_buffer#4278190082, 0, 0)
[23:39:39.356328] {Default Queue}  -> wp_fifo_v1#31.set_barrier()
[23:39:39.356331] {EGLSurface(19)}  -> wl_surface#19.commit()
[23:39:39.356337] {EGLSurface(19)}  -> wl_display#1.sync(new id wl_callback#55)
[23:39:39.356609] {Display Queue} wl_display#1.delete_id(55)
[23:39:39.373943] {Default Queue}  -> wl_display#1.sync(new id wl_callback#81)
[23:39:39.373976] {Display Queue} wl_display#1.delete_id(81)
[23:39:39.373984] {Default Queue} discarded wl_callback#81.done(4)
[23:39:39.394017] {Default Queue}  -> wl_display#1.sync(new id wl_callback#82)
[23:39:39.394067] {Display Queue} wl_display#1.delete_id(82)
[23:39:39.394078] {Default Queue} discarded wl_callback#82.done(4)
[23:39:39.414078] {Default Queue}  -> wl_display#1.sync(new id wl_callback#83)
[23:39:39.414112] {Display Queue} wl_display#1.delete_id(83)
[23:39:39.414119] {Default Queue} discarded wl_callback#83.done(4)
[23:39:39.434153] {Default Queue}  -> wl_display#1.sync(new id wl_callback#84)
[23:39:39.434201] {Display Queue} wl_display#1.delete_id(84)
[23:39:39.434209] {Default Queue} discarded wl_callback#84.done(4)
[23:39:39.454208] {Default Queue}  -> wl_display#1.sync(new id wl_callback#85)
[23:39:39.454235] {Display Queue} wl_display#1.delete_id(85)
[23:39:39.454242] {Default Queue} discarded wl_callback#85.done(4)
[23:39:39.474280] {Default Queue}  -> wl_display#1.sync(new id wl_callback#86)
[23:39:39.474330] {Display Queue} wl_display#1.delete_id(86)
[23:39:39.474339] {Default Queue} discarded wl_callback#86.done(4)
[23:39:39.494350] {Default Queue}  -> wl_display#1.sync(new id wl_callback#87)
[23:39:39.494404] {Display Queue} wl_display#1.delete_id(87)
[23:39:39.494412] {Default Queue} discarded wl_callback#87.done(4)
[23:39:39.514419] {Default Queue}  -> wl_display#1.sync(new id wl_callback#88)
[23:39:39.514468] {Display Queue} wl_display#1.delete_id(88)
[23:39:39.514477] {Default Queue} discarded wl_callback#88.done(4)
[23:39:39.534491] {Default Queue}  -> wl_display#1.sync(new id wl_callback#89)
[23:39:39.534540] {Display Queue} wl_display#1.delete_id(89)
[23:39:39.534548] {Default Queue} discarded wl_callback#89.done(4)
[23:39:39.554547] {Default Queue}  -> wl_display#1.sync(new id wl_callback#90)
[23:39:39.554582] {Display Queue} wl_display#1.delete_id(90)
[23:39:39.554591] {Default Queue} discarded wl_callback#90.done(4)
[23:39:39.574625] {Default Queue}  -> wl_display#1.sync(new id wl_callback#91)
[23:39:39.574675] {Display Queue} wl_display#1.delete_id(91)
[23:39:39.574684] {Default Queue} discarded wl_callback#91.done(4)
[23:39:39.594688] {Default Queue}  -> wl_display#1.sync(new id wl_callback#92)
[23:39:39.594733] {Display Queue} wl_display#1.delete_id(92)
[23:39:39.594739] {Default Queue} discarded wl_callback#92.done(4)
[23:39:39.614736] {Default Queue}  -> wl_display#1.sync(new id wl_callback#93)
[23:39:39.614780] {Display Queue} wl_display#1.delete_id(93)
[23:39:39.614785] {Default Queue} discarded wl_callback#93.done(4)
[23:39:39.634809] {Default Queue}  -> wl_display#1.sync(new id wl_callback#94)
[23:39:39.634866] {Display Queue} wl_display#1.delete_id(94)
[23:39:39.634875] {Default Queue} discarded wl_callback#94.done(4)
[23:39:39.654869] {Default Queue}  -> wl_display#1.sync(new id wl_callback#95)
[23:39:39.654902] {Display Queue} wl_display#1.delete_id(95)
[23:39:39.654908] {Default Queue} discarded wl_callback#95.done(4)
[23:39:39.674945] {Default Queue}  -> wl_display#1.sync(new id wl_callback#96)
[23:39:39.674997] {Display Queue} wl_display#1.delete_id(96)
[23:39:39.675007] {Default Queue} discarded wl_callback#96.done(4)
[23:39:39.695024] {Default Queue}  -> wl_display#1.sync(new id wl_callback#97)
[23:39:39.695082] {Display Queue} wl_display#1.delete_id(97)
[23:39:39.695091] {Default Queue} discarded wl_callback#97.done(4)
[23:39:39.715097] {Default Queue}  -> wl_display#1.sync(new id wl_callback#98)
[23:39:39.715170] {Display Queue} wl_display#1.delete_id(98)
[23:39:39.715182] {Default Queue} discarded wl_callback#98.done(4)
[23:39:39.735168] {Default Queue}  -> wl_display#1.sync(new id wl_callback#99)
[23:39:39.735218] {Display Queue} wl_display#1.delete_id(99)
[23:39:39.735223] {Default Queue} discarded wl_callback#99.done(4)
[23:39:39.755234] {Default Queue}  -> wl_display#1.sync(new id wl_callback#100)
[23:39:39.755273] {Display Queue} wl_display#1.delete_id(100)
[23:39:39.755281] {Default Queue} discarded wl_callback#100.done(4)
[23:39:39.775306] {Default Queue}  -> wl_display#1.sync(new id wl_callback#101)
[23:39:39.775352] {Display Queue} wl_display#1.delete_id(101)
[23:39:39.775360] {Default Queue} discarded wl_callback#101.done(4)
[23:39:39.795377] {Default Queue}  -> wl_display#1.sync(new id wl_callback#102)
[23:39:39.795425] {Display Queue} wl_display#1.delete_id(102)
[23:39:39.795433] {Default Queue} discarded wl_callback#102.done(4)
[23:39:39.815439] {Default Queue}  -> wl_display#1.sync(new id wl_callback#103)
[23:39:39.815469] {Display Queue} wl_display#1.delete_id(103)
[23:39:39.815476] {Default Queue} discarded wl_callback#103.done(4)
[23:39:39.835517] {Default Queue}  -> wl_display#1.sync(new id wl_callback#104)
[23:39:39.835567] {Display Queue} wl_display#1.delete_id(104)
[23:39:39.835576] {Default Queue} discarded wl_callback#104.done(4)
[23:39:39.855578] {Default Queue}  -> wl_display#1.sync(new id wl_callback#105)
[23:39:39.855610] {Display Queue} wl_display#1.delete_id(105)
[23:39:39.855616] {Default Queue} discarded wl_callback#105.done(4)
[23:39:39.875654] {Default Queue}  -> wl_display#1.sync(new id wl_callback#106)
[23:39:39.875695] {Display Queue} wl_display#1.delete_id(106)
[23:39:39.875700] {Default Queue} discarded wl_callback#106.done(4)
[23:39:39.895734] {Default Queue}  -> wl_display#1.sync(new id wl_callback#107)
[23:39:39.895791] {Display Queue} wl_display#1.delete_id(107)
[23:39:39.895799] {Default Queue} discarded wl_callback#107.done(4)
[23:39:39.915813] {Default Queue}  -> wl_display#1.sync(new id wl_callback#108)
[23:39:39.915877] {Display Queue} wl_display#1.delete_id(108)
[23:39:39.915886] {Default Queue} discarded wl_callback#108.done(4)
[23:39:39.935888] {Default Queue}  -> wl_display#1.sync(new id wl_callback#109)
[23:39:39.935941] {Display Queue} wl_display#1.delete_id(109)
[23:39:39.935947] {Default Queue} discarded wl_callback#109.done(4)
[23:39:40.067389] {Default Queue}  -> wl_display#1.sync(new id wl_callback#110)
[23:39:40.067438] {Display Queue} wl_display#1.delete_id(110)
[23:39:40.067444] {Default Queue} discarded wl_callback#110.done(4)
[23:39:40.069003] {EGLSurface(19)} wl_callback#55.done(4)
[23:39:40.069208] {EGLSurface(19)}  -> wl_surface#19.damage(0, 0, 2147483647, 2147483647)
[23:39:40.069212] {EGLSurface(19)}  -> wl_surface#19.attach(wl_buffer#4278190080, 0, 0)
[23:39:40.069215] {Default Queue}  -> wp_fifo_v1#31.set_barrier()
[23:39:40.069218] {EGLSurface(19)}  -> wl_surface#19.commit()
[23:39:40.069221] {EGLSurface(19)}  -> wl_display#1.sync(new id wl_callback#55)
[23:39:40.069227] {EGLSurface(19/0x559d97851cc0)} wl_buffer#4278190081.release()
[23:39:40.069344] {Display Queue} wl_display#1.delete_id(55)
[23:39:40.077676] {EGLSurface(19)} wl_callback#55.done(4)
[23:39:40.077893] {EGLSurface(19)}  -> wl_surface#19.damage(0, 0, 2147483647, 2147483647)
[23:39:40.077900] {EGLSurface(19)}  -> wl_surface#19.attach(wl_buffer#4278190081, 0, 0)
[23:39:40.077904] {Default Queue}  -> wp_fifo_v1#31.set_barrier()
[23:39:40.077907] {EGLSurface(19)}  -> wl_surface#19.commit()
[23:39:40.077909] {EGLSurface(19)}  -> wl_display#1.sync(new id wl_callback#55)
[23:39:40.078161] {EGLSurface(19/0x559d97851cc0)}  -> zwp_linux_dmabuf_v1#27.create_params(new id zwp_linux_buffer_params_v1#111)
[23:39:40.078167] {EGLSurface(19/0x559d97851cc0)}  -> zwp_linux_buffer_params_v1#111.add(fd 40, 0, 0, 2560, 50331648, 6316052)
[23:39:40.078170] {EGLSurface(19/0x559d97851cc0)}  -> zwp_linux_buffer_params_v1#111.create(640, 512, 875713112, 0)
[23:39:40.078173] {EGLSurface(19/0x559d97851cc0)}  -> wl_display#1.sync(new id wl_callback#112)
[23:39:40.078181] {Display Queue} wl_display#1.delete_id(55)
[23:39:40.078184] {EGLSurface(19/0x559d97851cc0)} wl_buffer#4278190080.release()
[23:39:40.078310] {Display Queue} wl_display#1.delete_id(112)
[23:39:40.078312] {EGLSurface(19/0x559d97851cc0)} zwp_linux_buffer_params_v1#111.created(new id wl_buffer#4278190083)
[23:39:40.078318] {EGLSurface(19/0x559d97851cc0)} wl_callback#112.done(4)
[23:39:40.078320] {EGLSurface(19/0x559d97851cc0)}  -> zwp_linux_buffer_params_v1#111.destroy()
[23:39:40.079009] {Display Queue} wl_display#1.delete_id(111)
[23:39:40.203707] {Default Queue}  -> wl_display#1.sync(new id wl_callback#111)
[23:39:40.203767] {Display Queue} wl_display#1.delete_id(111)
[23:39:40.203776] {Default Queue} discarded wl_callback#111.done(4)
[23:39:40.203801] {Default Queue}  -> wl_display#1.sync(new id wl_callback#112)
[23:39:40.203813] {Display Queue} wl_display#1.delete_id(112)
[23:39:40.203816] {Default Queue} discarded wl_callback#112.done(4)
[23:39:40.203819] {Default Queue}  -> wl_display#1.sync(new id wl_callback#113)
[23:39:40.204700] {EGLSurface(19/0x559d97851cc0)}  -> wl_buffer#4278190083.destroy()
[23:39:40.204744] {EGLSurface(19/0x559d97851cc0)}  -> wl_buffer#4278190082.destroy()
[23:39:40.204774] {EGLSurface(19/0x559d97851cc0)}  -> wl_buffer#4278190081.destroy()
[23:39:40.204804] {EGLSurface(19/0x559d97851cc0)}  -> wl_buffer#4278190080.destroy()
[23:39:40.204833] {EGLSurface(19)}  -> zwp_linux_dmabuf_feedback_v1#33.destroy()
[23:39:40.204841] {Default Queue}  -> wp_fifo_v1#31.destroy()
[23:39:40.204843] {Default Queue}  -> wp_commit_timer_v1#32.destroy()
[23:39:40.205074] {Default Queue}  -> wl_subsurface#40.destroy()
[23:39:40.205078] {Default Queue}  -> wl_surface#39.destroy()
[23:39:40.205081] {Default Queue}  -> wp_viewport#41.destroy()
[23:39:40.205084] {Default Queue}  -> wl_subsurface#44.destroy()
[23:39:40.205086] {Default Queue}  -> wl_surface#43.destroy()
[23:39:40.205088] {Default Queue}  -> wp_viewport#45.destroy()
[23:39:40.205089] {Default Queue}  -> wl_subsurface#48.destroy()
[23:39:40.205091] {Default Queue}  -> wl_surface#47.destroy()
[23:39:40.205093] {Default Queue}  -> wp_viewport#49.destroy()
[23:39:40.205095] {Default Queue}  -> wl_subsurface#52.destroy()
[23:39:40.205096] {Default Queue}  -> wl_surface#51.destroy()
[23:39:40.205098] {Default Queue}  -> wp_viewport#53.destroy()
[23:39:40.205100] {Default Queue}  -> xdg_toplevel#36.destroy()
[23:39:40.205101] {Default Queue}  -> xdg_surface#35.destroy()
[23:39:40.205103] {Default Queue}  -> wl_buffer#38.destroy()
[23:39:40.205105] {Default Queue}  -> wl_surface#19.destroy()
[23:39:40.205117] {Default Queue}  -> zwp_linux_dmabuf_v1#27.destroy()
[23:39:40.205269] {Default Queue}  -> wl_shm_pool#3.destroy()
[23:39:40.205297] {Default Queue}  -> wl_shm_pool#16.destroy()
[23:39:40.205321] {Default Queue}  -> wl_surface#17.destroy()
[23:39:40.205324] {Default Queue}  -> wl_subcompositor#5.destroy()
[23:39:40.205328] {Default Queue}  -> wp_viewporter#6.destroy()
[23:39:40.205331] {Default Queue}  -> xdg_wm_base#12.destroy()
[23:39:40.205335] {Default Queue}  -> zwp_relative_pointer_manager_v1#7.destroy()
[23:39:40.205338] {Default Queue}  -> zwp_pointer_constraints_v1#8.destroy()
[23:39:40.513931] {Default Queue}  -> wl_display#1.get_registry(new id wl_registry#2)
[23:39:40.513946] {Default Queue}  -> wl_display#1.sync(new id wl_callback#3)
[23:39:40.513984] {Display Queue} wl_display#1.delete_id(3)
[23:39:40.513991] {Default Queue} wl_registry#2.global(1, "wl_compositor", 5)
[23:39:40.513995] {Default Queue}  -> wl_registry#2.bind(1, "wl_compositor", 3, new id [unknown]#4)
[23:39:40.513997] {Default Queue} wl_registry#2.global(2, "wl_subcompositor", 1)
[23:39:40.513999] {Default Queue}  -> wl_registry#2.bind(2, "wl_subcompositor", 1, new id [unknown]#5)
[23:39:40.514002] {Default Queue} wl_registry#2.global(3, "wp_viewporter", 1)
[23:39:40.514004] {Default Queue}  -> wl_registry#2.bind(3, "wp_viewporter", 1, new id [unknown]#6)
[23:39:40.514005] {Default Queue} wl_registry#2.global(4, "zxdg_output_manager_v1", 2)
[23:39:40.514008] {Default Queue} wl_registry#2.global(5, "wp_presentation", 2)
[23:39:40.514010] {Default Queue} wl_registry#2.global(6, "wp_single_pixel_buffer_manager_v1", 1)
[23:39:40.514012] {Default Queue} wl_registry#2.global(7, "wp_tearing_control_manager_v1", 1)
[23:39:40.514014] {Default Queue} wl_registry#2.global(8, "wp_fifo_manager_v1", 1)
[23:39:40.514019] {Default Queue} wl_registry#2.global(9, "wp_commit_timing_manager_v1", 1)
[23:39:40.514020] {Default Queue} wl_registry#2.global(10, "wp_alpha_modifier_v1", 1)
[23:39:40.514023] {Default Queue} wl_registry#2.global(11, "zwp_relative_pointer_manager_v1", 1)
[23:39:40.514024] {Default Queue}  -> wl_registry#2.bind(11, "zwp_relative_pointer_manager_v1", 1, new id [unknown]#7)
[23:39:40.514026] {Default Queue} wl_registry#2.global(12, "zwp_pointer_constraints_v1", 1)
[23:39:40.514028] {Default Queue}  -> wl_registry#2.bind(12, "zwp_pointer_constraints_v1", 1, new id [unknown]#8)
[23:39:40.514030] {Default Queue} wl_registry#2.global(13, "zwp_input_timestamps_manager_v1", 1)
[23:39:40.514032] {Default Queue} wl_registry#2.global(14, "weston_capture_v1", 2)
[23:39:40.514034] {Default Queue} wl_registry#2.global(15, "wl_data_device_manager", 3)
[23:39:40.514035] {Default Queue}  -> wl_registry#2.bind(15, "wl_data_device_manager", 1, new id [unknown]#9)
[23:39:40.514037] {Default Queue} wl_registry#2.global(16, "wl_shm", 2)
[23:39:40.514039] {Default Queue}  -> wl_registry#2.bind(16, "wl_shm", 1, new id [unknown]#10)
[23:39:40.514041] {Default Queue} wl_registry#2.global(17, "weston_debug_v1", 1)
[23:39:40.514043] {Default Queue} wl_registry#2.global(18, "wl_eglstream_display", 1)
[23:39:40.514045] {Default Queue} wl_registry#2.global(19, "wl_drm", 2)
[23:39:40.514046] {Default Queue} wl_registry#2.global(20, "zwp_linux_dmabuf_v1", 5)
[23:39:40.514048] {Default Queue} wl_registry#2.global(21, "zwp_linux_explicit_synchronization_v1", 2)
[23:39:40.514050] {Default Queue} wl_registry#2.global(22, "wp_color_representation_manager_v1", 1)
[23:39:40.514052] {Default Queue} wl_registry#2.global(23, "wl_output", 4)
[23:39:40.514054] {Default Queue}  -> wl_registry#2.bind(23, "wl_output", 4, new id [unknown]#11)
[23:39:40.514056] {Default Queue} wl_registry#2.global(24, "zwp_input_panel_v1", 1)
[23:39:40.514058] {Default Queue} wl_registry#2.global(25, "zwp_text_input_manager_v1", 1)
[23:39:40.514060] {Default Queue} wl_registry#2.global(26, "xdg_wm_base", 5)
[23:39:40.514062] {Default Queue}  -> wl_registry#2.bind(26, "xdg_wm_base", 1, new id [unknown]#12)
[23:39:40.514063] {Default Queue} wl_registry#2.global(27, "weston_desktop_shell", 1)
[23:39:40.514066] {Default Queue} wl_registry#2.global(28, "wl_seat", 7)
[23:39:40.514067] {Default Queue}  -> wl_registry#2.bind(28, "wl_seat", 4, new id [unknown]#13)
[23:39:40.514072] {Default Queue} wl_registry#2.global(29, "zwp_input_method_v1", 1)
[23:39:40.514074] {Default Queue} wl_callback#3.done(8)
[23:39:40.514076] {Default Queue}  -> wl_display#1.sync(new id wl_callback#3)
[23:39:40.514108] {Display Queue} wl_display#1.delete_id(3)
[23:39:40.514109] {Default Queue} discarded wl_shm#10.format(0)
[23:39:40.514111] {Default Queue} discarded wl_shm#10.format(1)
[23:39:40.514113] {Default Queue} discarded wl_shm#10.format(842093144)
[23:39:40.514114] {Default Queue} discarded wl_shm#10.format(842093121)
[23:39:40.514116] {Default Queue} discarded wl_shm#10.format(842089048)
[23:39:40.514117] {Default Queue} discarded wl_shm#10.format(842089025)
[23:39:40.514118] {Default Queue} discarded wl_shm#10.format(842094674)
[23:39:40.514120] {Default Queue} discarded wl_shm#10.format(842088786)
[23:39:40.514121] {Default Queue} discarded wl_shm#10.format(842094658)
[23:39:40.514122] {Default Queue} discarded wl_shm#10.format(842088770)
[23:39:40.514123] {Default Queue} discarded wl_shm#10.format(892426322)
[23:39:40.514125] {Default Queue} discarded wl_shm#10.format(892420434)
[23:39:40.514126] {Default Queue} discarded wl_shm#10.format(892426306)
[23:39:40.514127] {Default Queue} discarded wl_shm#10.format(892420418)
[23:39:40.514129] {Default Queue} discarded wl_shm#10.format(909199186)
[23:39:40.514130] {Default Queue} discarded wl_shm#10.format(909199170)
[23:39:40.514132] {Default Queue} discarded wl_shm#10.format(875710290)
[23:39:40.514133] {Default Queue} discarded wl_shm#10.format(875710274)
[23:39:40.514134] {Default Queue} discarded wl_shm#10.format(875713112)
[23:39:40.514136] {Default Queue} discarded wl_shm#10.format(875713089)
[23:39:40.514138] {Default Queue} discarded wl_shm#10.format(875709016)
[23:39:40.514139] {Default Queue} discarded wl_shm#10.format(875708993)
[23:39:40.514140] {Default Queue} discarded wl_shm#10.format(875714642)
[23:39:40.514141] {Default Queue} discarded wl_shm#10.format(875708754)
[23:39:40.514143] {Default Queue} discarded wl_shm#10.format(875714626)
[23:39:40.514145] {Default Queue} discarded wl_shm#10.format(875708738)
[23:39:40.514146] {Default Queue} discarded wl_shm#10.format(808669784)
[23:39:40.514148] {Default Queue} discarded wl_shm#10.format(808669761)
[23:39:40.514149] {Default Queue} discarded wl_shm#10.format(808665688)
[23:39:40.514150] {Default Queue} discarded wl_shm#10.format(808665665)
[23:39:40.514151] {Default Queue} discarded wl_shm#10.format(942948952)
[23:39:40.514152] {Default Queue} discarded wl_shm#10.format(942948929)
[23:39:40.514154] {Default Queue} discarded wl_shm#10.format(942953048)
[23:39:40.514156] {Default Queue} discarded wl_shm#10.format(942953025)
[23:39:40.514157] {Default Queue} discarded wl_shm#10.format(1211384408)
[23:39:40.514159] {Default Queue} discarded wl_shm#10.format(1211384385)
[23:39:40.514161] {Default Queue} discarded wl_shm#10.format(1211388504)
[23:39:40.514162] {Default Queue} discarded wl_shm#10.format(1211388481)
[23:39:40.514163] {Default Queue} discarded wl_shm#10.format(1448695129)
[23:39:40.514165] {Default Queue} discarded wl_shm#10.format(1431918169)
[23:39:40.514166] {Default Queue} discarded wl_shm#10.format(1498831189)
[23:39:40.514167] {Default Queue} discarded wl_shm#10.format(1498765654)
[23:39:40.514168] {Default Queue} discarded wl_shm#10.format(842094158)
[23:39:40.514170] {Default Queue} discarded wl_shm#10.format(825382478)
[23:39:40.514171] {Default Queue} discarded wl_shm#10.format(909203022)
[23:39:40.514173] {Default Queue} discarded wl_shm#10.format(825644622)
[23:39:40.514174] {Default Queue} discarded wl_shm#10.format(875714126)
[23:39:40.514175] {Default Queue} discarded wl_shm#10.format(842290766)
[23:39:40.514177] {Default Queue} discarded wl_shm#10.format(808530000)
[23:39:40.514178] {Default Queue} discarded wl_shm#10.format(842084432)
[23:39:40.514180] {Default Queue} discarded wl_shm#10.format(909193296)
[23:39:40.514182] {Default Queue} discarded wl_shm#10.format(842093913)
[23:39:40.514183] {Default Queue} discarded wl_shm#10.format(842094169)
[23:39:40.514184] {Default Queue} discarded wl_shm#10.format(909202777)
[23:39:40.514186] {Default Queue} discarded wl_shm#10.format(909203033)
[23:39:40.514188] {Default Queue} discarded wl_shm#10.format(875713881)
[23:39:40.514189] {Default Queue} discarded wl_shm#10.format(875714137)
[23:39:40.514190] {Default Queue} discarded wl_shm#10.format(1448434008)
[23:39:40.514191] {Default Queue} wl_output#11.geometry(0, 0, 1200, 900, 0, "weston", "headless", 0)
[23:39:40.514194] {Default Queue} wl_output#11.scale(1)
[23:39:40.514197] {Default Queue} wl_output#11.mode(3, 1200, 900, 60000)
[23:39:40.514199] {Default Queue} wl_output#11.name("headless")
[23:39:40.514201] {Default Queue} wl_output#11.description("headless")
[23:39:40.514202] {Default Queue} wl_output#11.done()
[23:39:40.514204] {Default Queue} wl_seat#13.name("cudaterm-test")
[23:39:40.514206] {Default Queue} wl_seat#13.capabilities(3)
[23:39:40.514208] {Default Queue}  -> wl_seat#13.get_pointer(new id wl_pointer#14)
[23:39:40.514210] {Default Queue}  -> wl_seat#13.get_keyboard(new id wl_keyboard#15)
[23:39:40.514212] {Default Queue} wl_callback#3.done(8)
[23:39:40.514236] {Default Queue}  -> wl_shm#10.create_pool(new id wl_shm_pool#3, fd 41, 1296)
[23:39:40.514468] {Default Queue}  -> wl_shm_pool#3.resize(6688)
[23:39:40.514478] {Default Queue}  -> wl_shm_pool#3.resize(17472)
[23:39:40.514488] {Default Queue}  -> wl_shm_pool#3.resize(39040)
[23:39:40.514503] {Default Queue}  -> wl_shm_pool#3.resize(82176)
[23:39:40.514521] {Default Queue}  -> wl_shm_pool#3.resize(168448)
[23:39:40.514774] {Default Queue}  -> wl_shm_pool#3.resize(340992)
[23:39:40.515182] {Default Queue}  -> wl_shm_pool#3.resize(686080)
[23:39:40.516164] {Default Queue}  -> wl_shm_pool#3.resize(1376256)
[23:39:40.517398] {Default Queue}  -> wl_shm#10.create_pool(new id wl_shm_pool#16, fd 43, 5184)
[23:39:40.517608] {Default Queue}  -> wl_shm_pool#16.resize(14464)
[23:39:40.517625] {Default Queue}  -> wl_shm_pool#16.resize(33024)
[23:39:40.517648] {Default Queue}  -> wl_shm_pool#16.resize(70144)
[23:39:40.517679] {Default Queue}  -> wl_shm_pool#16.resize(144384)
[23:39:40.518300] {Default Queue}  -> wl_shm_pool#16.resize(292864)
[23:39:40.518601] {Default Queue}  -> wl_shm_pool#16.resize(589824)
[23:39:40.519612] {Default Queue}  -> wl_shm_pool#16.resize(1183744)
[23:39:40.520810] {Default Queue}  -> wl_compositor#4.create_surface(new id wl_surface#17)
[23:39:40.520817] {Default Queue}  -> wl_data_device_manager#9.get_data_device(new id wl_data_device#18, wl_seat#13)
[23:39:40.521219] {Default Queue}  -> wl_compositor#4.create_surface(new id wl_surface#19)
[23:39:40.521221] {Default Queue}  -> wl_compositor#4.create_region(new id wl_region#20)
[23:39:40.521224] {Default Queue}  -> wl_region#20.add(0, 0, 640, 512)
[23:39:40.521228] {Default Queue}  -> wl_surface#19.set_opaque_region(wl_region#20)
[23:39:40.521231] {Default Queue}  -> wl_region#20.destroy()
[23:39:40.528986]  -> wl_display#1.get_registry(new id wl_registry#21)
[23:39:40.528996]  -> wl_display#1.sync(new id wl_callback#22)
[23:39:40.529150] {Display Queue} wl_display#1.delete_id(20)
[23:39:40.529153] {Display Queue} wl_display#1.delete_id(22)
[23:39:40.529155] wl_registry#21.global(1, "wl_compositor", 5)
[23:39:40.529157] wl_registry#21.global(2, "wl_subcompositor", 1)
[23:39:40.529159] wl_registry#21.global(3, "wp_viewporter", 1)
[23:39:40.529161] wl_registry#21.global(4, "zxdg_output_manager_v1", 2)
[23:39:40.529163] wl_registry#21.global(5, "wp_presentation", 2)
[23:39:40.529164] wl_registry#21.global(6, "wp_single_pixel_buffer_manager_v1", 1)
[23:39:40.529166] wl_registry#21.global(7, "wp_tearing_control_manager_v1", 1)
[23:39:40.529167] wl_registry#21.global(8, "wp_fifo_manager_v1", 1)
[23:39:40.529169] wl_registry#21.global(9, "wp_commit_timing_manager_v1", 1)
[23:39:40.529170] wl_registry#21.global(10, "wp_alpha_modifier_v1", 1)
[23:39:40.529172] wl_registry#21.global(11, "zwp_relative_pointer_manager_v1", 1)
[23:39:40.529173] wl_registry#21.global(12, "zwp_pointer_constraints_v1", 1)
[23:39:40.529175] wl_registry#21.global(13, "zwp_input_timestamps_manager_v1", 1)
[23:39:40.529177] wl_registry#21.global(14, "weston_capture_v1", 2)
[23:39:40.529178] wl_registry#21.global(15, "wl_data_device_manager", 3)
[23:39:40.529180] wl_registry#21.global(16, "wl_shm", 2)
[23:39:40.529181] wl_registry#21.global(17, "weston_debug_v1", 1)
[23:39:40.529183] wl_registry#21.global(18, "wl_eglstream_display", 1)
[23:39:40.529184] wl_registry#21.global(19, "wl_drm", 2)
[23:39:40.529186] wl_registry#21.global(20, "zwp_linux_dmabuf_v1", 5)
[23:39:40.529187] wl_registry#21.global(21, "zwp_linux_explicit_synchronization_v1", 2)
[23:39:40.529188] wl_registry#21.global(22, "wp_color_representation_manager_v1", 1)
[23:39:40.529190] wl_registry#21.global(23, "wl_output", 4)
[23:39:40.529191] wl_registry#21.global(24, "zwp_input_panel_v1", 1)
[23:39:40.529193] wl_registry#21.global(25, "zwp_text_input_manager_v1", 1)
[23:39:40.529194] wl_registry#21.global(26, "xdg_wm_base", 5)
[23:39:40.529196] wl_registry#21.global(27, "weston_desktop_shell", 1)
[23:39:40.529197] wl_registry#21.global(28, "wl_seat", 7)
[23:39:40.529199] wl_registry#21.global(29, "zwp_input_method_v1", 1)
[23:39:40.529200] wl_callback#22.done(8)
[23:39:40.529202]  -> wl_registry#21.bind(20, "zwp_linux_dmabuf_v1", 4, new id [unknown]#22)
[23:39:40.529205]  -> zwp_linux_dmabuf_v1#22.get_default_feedback(new id zwp_linux_dmabuf_feedback_v1#20)
[23:39:40.529207]  -> wl_display#1.sync(new id wl_callback#23)
[23:39:40.529340] {Display Queue} wl_display#1.delete_id(23)
[23:39:40.529342] zwp_linux_dmabuf_feedback_v1#20.format_table(fd 43, 9408)
[23:39:40.529349] zwp_linux_dmabuf_feedback_v1#20.main_device(array[8])
[23:39:40.529351] zwp_linux_dmabuf_feedback_v1#20.tranche_target_device(array[8])
[23:39:40.529352] zwp_linux_dmabuf_feedback_v1#20.tranche_flags(0)
[23:39:40.529354] zwp_linux_dmabuf_feedback_v1#20.tranche_formats(array[1176])
[23:39:40.529358] zwp_linux_dmabuf_feedback_v1#20.tranche_done()
[23:39:40.529360] zwp_linux_dmabuf_feedback_v1#20.done()
[23:39:40.529361] wl_callback#23.done(8)
[23:39:40.529363]  -> zwp_linux_dmabuf_feedback_v1#20.destroy()
[23:39:40.529412]  -> wl_registry#21.bind(19, "wl_drm", 1, new id [unknown]#23)
[23:39:40.529415]  -> wl_display#1.sync(new id wl_callback#24)
[23:39:40.529427] {Display Queue} wl_display#1.delete_id(20)
[23:39:40.529429] {Display Queue} wl_display#1.delete_id(24)
[23:39:40.529430] wl_drm#23.device("/dev/dri/renderD129")
[23:39:40.529432] wl_callback#24.done(8)
[23:39:40.532076]  -> wl_registry#21.bind(5, "wp_presentation", 2, new id [unknown]#24)
[23:39:40.532083]  -> wl_display#1.sync(new id wl_callback#20)
[23:39:40.532101] {Display Queue} wl_display#1.delete_id(20)
[23:39:40.532103] wp_presentation#24.clock_id(4)
[23:39:40.532105] wl_callback#20.done(8)
[23:39:40.532107] {Default Queue}  -> wl_registry#21.bind(8, "wp_fifo_manager_v1", 1, new id [unknown]#20)
[23:39:40.532109] {Default Queue}  -> wl_registry#21.bind(9, "wp_commit_timing_manager_v1", 1, new id [unknown]#25)
[23:39:40.532186] {Default Queue}  -> zwp_linux_dmabuf_v1#22.destroy()
[23:39:40.532247]  -> wl_display#1.get_registry(new id wl_registry#26)
[23:39:40.532250]  -> wl_display#1.sync(new id wl_callback#27)
[23:39:40.532280] {Display Queue} wl_display#1.delete_id(22)
[23:39:40.532282] {Display Queue} wl_display#1.delete_id(27)
[23:39:40.532284] wl_registry#26.global(1, "wl_compositor", 5)
[23:39:40.532285] wl_registry#26.global(2, "wl_subcompositor", 1)
[23:39:40.532287] wl_registry#26.global(3, "wp_viewporter", 1)
[23:39:40.532289] wl_registry#26.global(4, "zxdg_output_manager_v1", 2)
[23:39:40.532290] wl_registry#26.global(5, "wp_presentation", 2)
[23:39:40.532292] wl_registry#26.global(6, "wp_single_pixel_buffer_manager_v1", 1)
[23:39:40.532293] wl_registry#26.global(7, "wp_tearing_control_manager_v1", 1)
[23:39:40.532295] wl_registry#26.global(8, "wp_fifo_manager_v1", 1)
[23:39:40.532296] wl_registry#26.global(9, "wp_commit_timing_manager_v1", 1)
[23:39:40.532298] wl_registry#26.global(10, "wp_alpha_modifier_v1", 1)
[23:39:40.532300] wl_registry#26.global(11, "zwp_relative_pointer_manager_v1", 1)
[23:39:40.532301] wl_registry#26.global(12, "zwp_pointer_constraints_v1", 1)
[23:39:40.532303] wl_registry#26.global(13, "zwp_input_timestamps_manager_v1", 1)
[23:39:40.532304] wl_registry#26.global(14, "weston_capture_v1", 2)
[23:39:40.532306] wl_registry#26.global(15, "wl_data_device_manager", 3)
[23:39:40.532307] wl_registry#26.global(16, "wl_shm", 2)
[23:39:40.532309] wl_registry#26.global(17, "weston_debug_v1", 1)
[23:39:40.532310] wl_registry#26.global(18, "wl_eglstream_display", 1)
[23:39:40.532312] wl_registry#26.global(19, "wl_drm", 2)
[23:39:40.532314] wl_registry#26.global(20, "zwp_linux_dmabuf_v1", 5)
[23:39:40.532316] wl_registry#26.global(21, "zwp_linux_explicit_synchronization_v1", 2)
[23:39:40.532317] wl_registry#26.global(22, "wp_color_representation_manager_v1", 1)
[23:39:40.532319] wl_registry#26.global(23, "wl_output", 4)
[23:39:40.532321] wl_registry#26.global(24, "zwp_input_panel_v1", 1)
[23:39:40.532323] wl_registry#26.global(25, "zwp_text_input_manager_v1", 1)
[23:39:40.532324] wl_registry#26.global(26, "xdg_wm_base", 5)
[23:39:40.532326] wl_registry#26.global(27, "weston_desktop_shell", 1)
[23:39:40.532328] wl_registry#26.global(28, "wl_seat", 7)
[23:39:40.532329] wl_registry#26.global(29, "zwp_input_method_v1", 1)
[23:39:40.532331] wl_callback#27.done(8)
[23:39:40.532333]  -> wl_registry#26.bind(20, "zwp_linux_dmabuf_v1", 4, new id [unknown]#27)
[23:39:40.532335]  -> zwp_linux_dmabuf_v1#27.get_default_feedback(new id zwp_linux_dmabuf_feedback_v1#22)
[23:39:40.532337]  -> wl_display#1.sync(new id wl_callback#28)
[23:39:40.532354] {Display Queue} wl_display#1.delete_id(28)
[23:39:40.532356] zwp_linux_dmabuf_feedback_v1#22.format_table(fd 43, 9408)
[23:39:40.532362] zwp_linux_dmabuf_feedback_v1#22.main_device(array[8])
[23:39:40.532363] zwp_linux_dmabuf_feedback_v1#22.tranche_target_device(array[8])
[23:39:40.532365] zwp_linux_dmabuf_feedback_v1#22.tranche_flags(0)
[23:39:40.532366] zwp_linux_dmabuf_feedback_v1#22.tranche_formats(array[1176])
[23:39:40.532371] zwp_linux_dmabuf_feedback_v1#22.tranche_done()
[23:39:40.532372] zwp_linux_dmabuf_feedback_v1#22.done()
[23:39:40.532374] wl_callback#28.done(8)
[23:39:40.532376]  -> zwp_linux_dmabuf_feedback_v1#22.destroy()
[23:39:40.532425]  -> wl_registry#26.bind(19, "wl_drm", 1, new id [unknown]#28)
[23:39:40.532427]  -> wl_display#1.sync(new id wl_callback#29)
[23:39:40.532437] {Display Queue} wl_display#1.delete_id(22)
[23:39:40.532438] {Display Queue} wl_display#1.delete_id(29)
[23:39:40.532440] wl_drm#28.device("/dev/dri/renderD129")
[23:39:40.532441] wl_callback#29.done(8)
[23:39:40.532706]  -> wl_registry#26.bind(5, "wp_presentation", 2, new id [unknown]#29)
[23:39:40.532715]  -> wl_display#1.sync(new id wl_callback#22)
[23:39:40.532727] {Display Queue} wl_display#1.delete_id(22)
[23:39:40.532730] wp_presentation#29.clock_id(4)
[23:39:40.532732] wl_callback#22.done(8)
[23:39:40.532733] {Default Queue}  -> wl_registry#26.bind(8, "wp_fifo_manager_v1", 1, new id [unknown]#22)
[23:39:40.532735] {Default Queue}  -> wl_registry#26.bind(9, "wp_commit_timing_manager_v1", 1, new id [unknown]#30)
[23:39:40.537797] {Default Queue}  -> wp_fifo_manager_v1#22.get_fifo(new id wp_fifo_v1#31, wl_surface#19)
[23:39:40.537804] {Default Queue}  -> wp_commit_timing_manager_v1#30.get_timer(new id wp_commit_timer_v1#32, wl_surface#19)
[23:39:40.537807] {EGLSurface(19)}  -> zwp_linux_dmabuf_v1#27.get_surface_feedback(new id zwp_linux_dmabuf_feedback_v1#33, wl_surface#19)
[23:39:40.537811] {EGLSurface(19)}  -> wl_display#1.sync(new id wl_callback#34)
[23:39:40.537839] {Display Queue} wl_display#1.delete_id(34)
[23:39:40.537842] {EGLSurface(19)} zwp_linux_dmabuf_feedback_v1#33.format_table(fd 60, 9408)
[23:39:40.537848] {EGLSurface(19)} zwp_linux_dmabuf_feedback_v1#33.main_device(array[8])
[23:39:40.537850] {EGLSurface(19)} zwp_linux_dmabuf_feedback_v1#33.tranche_target_device(array[8])
[23:39:40.537852] {EGLSurface(19)} zwp_linux_dmabuf_feedback_v1#33.tranche_flags(0)
[23:39:40.537854] {EGLSurface(19)} zwp_linux_dmabuf_feedback_v1#33.tranche_formats(array[1176])
[23:39:40.537858] {EGLSurface(19)} zwp_linux_dmabuf_feedback_v1#33.tranche_done()
[23:39:40.537859] {EGLSurface(19)} zwp_linux_dmabuf_feedback_v1#33.done()
[23:39:40.537861] {EGLSurface(19)} wl_callback#34.done(8)
[23:39:40.537968] {EGLSurface(19/0x562572a22110)}  -> zwp_linux_dmabuf_v1#27.create_params(new id zwp_linux_buffer_params_v1#34)
[23:39:40.537972] {EGLSurface(19/0x562572a22110)}  -> zwp_linux_buffer_params_v1#34.add(fd 61, 0, 0, 2560, 50331648, 6316052)
[23:39:40.537975] {EGLSurface(19/0x562572a22110)}  -> zwp_linux_buffer_params_v1#34.create(640, 512, 875713112, 0)
[23:39:40.537977] {EGLSurface(19/0x562572a22110)}  -> wl_display#1.sync(new id wl_callback#35)
[23:39:40.538079] {Display Queue} wl_display#1.delete_id(35)
[23:39:40.538081] {EGLSurface(19/0x562572a22110)} zwp_linux_buffer_params_v1#34.created(new id wl_buffer#4278190080)
[23:39:40.538083] {EGLSurface(19/0x562572a22110)} wl_callback#35.done(8)
[23:39:40.538084] {EGLSurface(19/0x562572a22110)}  -> zwp_linux_buffer_params_v1#34.destroy()
[23:39:40.556868] {Default Queue}  -> xdg_wm_base#12.get_xdg_surface(new id xdg_surface#35, wl_surface#19)
[23:39:40.556877] {Default Queue}  -> xdg_surface#35.get_toplevel(new id xdg_toplevel#36)
[23:39:40.556879] {Default Queue}  -> xdg_toplevel#36.set_app_id("cudaterm")
[23:39:40.556881] {Default Queue}  -> xdg_toplevel#36.set_title("cudaterm")
[23:39:40.556892] {Default Queue}  -> wl_shm#10.create_pool(new id wl_shm_pool#37, fd 71, 4)
[23:39:40.556895] {Default Queue}  -> wl_shm_pool#37.create_buffer(new id wl_buffer#38, 0, 1, 1, 4, 0)
[23:39:40.556902] {Default Queue}  -> wl_shm_pool#37.destroy()
[23:39:40.556904] {Default Queue}  -> wl_compositor#4.create_surface(new id wl_surface#39)
[23:39:40.556906] {Default Queue}  -> wl_subcompositor#5.get_subsurface(new id wl_subsurface#40, wl_surface#39, wl_surface#19)
[23:39:40.556909] {Default Queue}  -> wl_subsurface#40.set_position(0, -24)
[23:39:40.556911] {Default Queue}  -> wp_viewporter#6.get_viewport(new id wp_viewport#41, wl_surface#39)
[23:39:40.556913] {Default Queue}  -> wp_viewport#41.set_destination(640, 24)
[23:39:40.556915] {Default Queue}  -> wl_surface#39.attach(wl_buffer#38, 0, 0)
[23:39:40.556917] {Default Queue}  -> wl_compositor#4.create_region(new id wl_region#42)
[23:39:40.556918] {Default Queue}  -> wl_region#42.add(0, 0, 640, 24)
[23:39:40.556921] {Default Queue}  -> wl_surface#39.set_opaque_region(wl_region#42)
[23:39:40.556922] {Default Queue}  -> wl_surface#39.commit()
[23:39:40.556924] {Default Queue}  -> wl_region#42.destroy()
[23:39:40.556925] {Default Queue}  -> wl_compositor#4.create_surface(new id wl_surface#43)
[23:39:40.556927] {Default Queue}  -> wl_subcompositor#5.get_subsurface(new id wl_subsurface#44, wl_surface#43, wl_surface#19)
[23:39:40.556929] {Default Queue}  -> wl_subsurface#44.set_position(-4, -24)
[23:39:40.556930] {Default Queue}  -> wp_viewporter#6.get_viewport(new id wp_viewport#45, wl_surface#43)
[23:39:40.556932] {Default Queue}  -> wp_viewport#45.set_destination(4, 536)
[23:39:40.556934] {Default Queue}  -> wl_surface#43.attach(wl_buffer#38, 0, 0)
[23:39:40.556935] {Default Queue}  -> wl_compositor#4.create_region(new id wl_region#46)
[23:39:40.556937] {Default Queue}  -> wl_region#46.add(0, 0, 4, 536)
[23:39:40.556939] {Default Queue}  -> wl_surface#43.set_opaque_region(wl_region#46)
[23:39:40.556940] {Default Queue}  -> wl_surface#43.commit()
[23:39:40.556942] {Default Queue}  -> wl_region#46.destroy()
[23:39:40.556943] {Default Queue}  -> wl_compositor#4.create_surface(new id wl_surface#47)
[23:39:40.556945] {Default Queue}  -> wl_subcompositor#5.get_subsurface(new id wl_subsurface#48, wl_surface#47, wl_surface#19)
[23:39:40.556947] {Default Queue}  -> wl_subsurface#48.set_position(640, -24)
[23:39:40.556948] {Default Queue}  -> wp_viewporter#6.get_viewport(new id wp_viewport#49, wl_surface#47)
[23:39:40.556949] {Default Queue}  -> wp_viewport#49.set_destination(4, 536)
[23:39:40.556952] {Default Queue}  -> wl_surface#47.attach(wl_buffer#38, 0, 0)
[23:39:40.556953] {Default Queue}  -> wl_compositor#4.create_region(new id wl_region#50)
[23:39:40.556955] {Default Queue}  -> wl_region#50.add(0, 0, 4, 536)
[23:39:40.556956] {Default Queue}  -> wl_surface#47.set_opaque_region(wl_region#50)
[23:39:40.556958] {Default Queue}  -> wl_surface#47.commit()
[23:39:40.556960] {Default Queue}  -> wl_region#50.destroy()
[23:39:40.556961] {Default Queue}  -> wl_compositor#4.create_surface(new id wl_surface#51)
[23:39:40.556962] {Default Queue}  -> wl_subcompositor#5.get_subsurface(new id wl_subsurface#52, wl_surface#51, wl_surface#19)
[23:39:40.556964] {Default Queue}  -> wl_subsurface#52.set_position(-4, 512)
[23:39:40.556965] {Default Queue}  -> wp_viewporter#6.get_viewport(new id wp_viewport#53, wl_surface#51)
[23:39:40.556968] {Default Queue}  -> wp_viewport#53.set_destination(648, 4)
[23:39:40.556969] {Default Queue}  -> wl_surface#51.attach(wl_buffer#38, 0, 0)
[23:39:40.556971] {Default Queue}  -> wl_compositor#4.create_region(new id wl_region#54)
[23:39:40.556972] {Default Queue}  -> wl_region#54.add(0, 0, 648, 4)
[23:39:40.556974] {Default Queue}  -> wl_surface#51.set_opaque_region(wl_region#54)
[23:39:40.556976] {Default Queue}  -> wl_surface#51.commit()
[23:39:40.556978] {Default Queue}  -> wl_region#54.destroy()
[23:39:40.556979] {Default Queue}  -> xdg_toplevel#36.set_min_size(0, 0)
[23:39:40.556981] {Default Queue}  -> xdg_toplevel#36.set_max_size(0, 0)
[23:39:40.556982] {Default Queue}  -> wl_surface#19.commit()
[23:39:40.556984] {Default Queue}  -> wl_display#1.sync(new id wl_callback#55)
[23:39:40.556986] {Default Queue} wl_keyboard#15.repeat_info(40, 400)
[23:39:40.556990] {Default Queue} wl_keyboard#15.keymap(1, fd 41, 35572)
[23:39:40.558687] {Display Queue} wl_display#1.delete_id(34)
[23:39:40.558691] {Display Queue} wl_display#1.delete_id(37)
[23:39:40.558693] {Display Queue} wl_display#1.delete_id(42)
[23:39:40.558694] {Display Queue} wl_display#1.delete_id(46)
[23:39:40.558697] {Display Queue} wl_display#1.delete_id(50)
[23:39:40.558698] {Display Queue} wl_display#1.delete_id(54)
[23:39:40.558700] {Display Queue} wl_display#1.delete_id(55)
[23:39:40.558702] {Default Queue} wl_callback#55.done(8)
[23:39:40.558703] {Default Queue} xdg_toplevel#36.configure(0, 0, array[0])
[23:39:40.558706] {Default Queue} xdg_surface#35.configure(9)
[23:39:40.558707] {Default Queue}  -> xdg_surface#35.ack_configure(9)
[23:39:40.570421] {EGLSurface(19)}  -> wl_surface#19.damage(0, 0, 2147483647, 2147483647)
[23:39:40.570429] {EGLSurface(19)}  -> wl_surface#19.attach(wl_buffer#4278190080, 0, 0)
[23:39:40.570432] {Default Queue}  -> wp_fifo_v1#31.set_barrier()
[23:39:40.570434] {EGLSurface(19)}  -> wl_surface#19.commit()
[23:39:40.570436] {EGLSurface(19)}  -> wl_display#1.sync(new id wl_callback#55)
[23:39:40.570613] {EGLSurface(19/0x562572a22110)}  -> zwp_linux_dmabuf_v1#27.create_params(new id zwp_linux_buffer_params_v1#54)
[23:39:40.570619] {EGLSurface(19/0x562572a22110)}  -> zwp_linux_buffer_params_v1#54.add(fd 41, 0, 0, 2560, 50331648, 6316052)
[23:39:40.570622] {EGLSurface(19/0x562572a22110)}  -> zwp_linux_buffer_params_v1#54.create(640, 512, 875713112, 0)
[23:39:40.570624] {EGLSurface(19/0x562572a22110)}  -> wl_display#1.sync(new id wl_callback#50)
[23:39:40.570634] {Display Queue} wl_display#1.delete_id(55)
[23:39:40.570724] {Display Queue} wl_display#1.delete_id(50)
[23:39:40.570727] {EGLSurface(19/0x562572a22110)} zwp_linux_buffer_params_v1#54.created(new id wl_buffer#4278190081)
[23:39:40.570729] {EGLSurface(19/0x562572a22110)} wl_callback#50.done(11)
[23:39:40.570731] {EGLSurface(19/0x562572a22110)}  -> zwp_linux_buffer_params_v1#54.destroy()
[23:39:40.570773] {Default Queue} wl_surface#19.enter(wl_output#11)
[23:39:40.570776] {Default Queue} discarded wl_surface#39.enter(wl_output#11)
[23:39:40.570777] {Default Queue} discarded wl_surface#43.enter(wl_output#11)
[23:39:40.570778] {Default Queue} discarded wl_surface#47.enter(wl_output#11)
[23:39:40.570779] {Default Queue} discarded wl_surface#51.enter(wl_output#11)
[23:39:40.570781] {Default Queue} wl_keyboard#15.enter(10, wl_surface#19, array[0])
[23:39:40.570870] {Default Queue} wl_keyboard#15.modifiers(10, 0, 0, 0, 0)
[23:39:40.570874] {Default Queue} wl_data_device#18.selection(nil)
[23:39:40.570876] {Default Queue} xdg_toplevel#36.configure(0, 0, array[4])
[23:39:40.570878] {Default Queue} xdg_surface#35.configure(11)
[23:39:40.570880] {Default Queue}  -> xdg_surface#35.ack_configure(11)
[23:39:40.579419] {Display Queue} wl_display#1.delete_id(54)
[23:39:40.579422] {Default Queue} discarded wl_buffer#38.release()
[23:39:41.132466] {Default Queue}  -> wl_display#1.sync(new id wl_callback#54)
[23:39:41.132520] {Display Queue} wl_display#1.delete_id(54)
[23:39:41.132528] {Default Queue} discarded wl_callback#54.done(11)
[23:39:41.221701] {Default Queue} wl_keyboard#15.key(12, 1945186085, 29, 1)
[23:39:41.221719] {Default Queue} wl_keyboard#15.modifiers(12, 4, 0, 0, 0)
[23:39:41.221723] {Default Queue} wl_keyboard#15.key(13, 1945186085, 57, 1)
[23:39:41.221728] {Default Queue} wl_keyboard#15.key(14, 1945186085, 57, 0)
[23:39:41.221730] {Default Queue} wl_keyboard#15.key(15, 1945186085, 29, 0)
[23:39:41.221731] {Default Queue} wl_keyboard#15.modifiers(15, 0, 0, 0, 0)
[23:39:41.637102] {EGLSurface(19)} wl_callback#55.done(10)
[23:39:41.637605] {EGLSurface(19)}  -> wl_surface#19.damage(0, 0, 2147483647, 2147483647)
[23:39:41.637609] {EGLSurface(19)}  -> wl_surface#19.attach(wl_buffer#4278190081, 0, 0)
[23:39:41.637612] {Default Queue}  -> wp_fifo_v1#31.set_barrier()
[23:39:41.637614] {EGLSurface(19)}  -> wl_surface#19.commit()
[23:39:41.637618] {EGLSurface(19)}  -> wl_display#1.sync(new id wl_callback#55)
[23:39:41.637889] {EGLSurface(19/0x562572a22110)}  -> zwp_linux_dmabuf_v1#27.create_params(new id zwp_linux_buffer_params_v1#50)
[23:39:41.637901] {EGLSurface(19/0x562572a22110)}  -> zwp_linux_buffer_params_v1#50.add(fd 41, 0, 0, 2560, 50331648, 6316052)
[23:39:41.637904] {EGLSurface(19/0x562572a22110)}  -> zwp_linux_buffer_params_v1#50.create(640, 512, 875713112, 0)
[23:39:41.637907] {EGLSurface(19/0x562572a22110)}  -> wl_display#1.sync(new id wl_callback#46)
[23:39:41.637917] {Display Queue} wl_display#1.delete_id(55)
[23:39:41.638089] {Display Queue} wl_display#1.delete_id(46)
[23:39:41.638092] {EGLSurface(19/0x562572a22110)} zwp_linux_buffer_params_v1#50.created(new id wl_buffer#4278190082)
[23:39:41.638093] {EGLSurface(19/0x562572a22110)} wl_callback#46.done(15)
[23:39:41.638095] {EGLSurface(19/0x562572a22110)}  -> zwp_linux_buffer_params_v1#50.destroy()
[23:39:41.638171] {Default Queue}  -> wl_display#1.sync(new id wl_callback#46)
[23:39:41.638204] {Display Queue} wl_display#1.delete_id(50)
[23:39:41.638207] {Display Queue} wl_display#1.delete_id(46)
[23:39:41.638209] {Default Queue} discarded wl_callback#46.done(15)
[23:39:41.638212] {Default Queue}  -> wl_display#1.sync(new id wl_callback#50)
[23:39:41.638916] {EGLSurface(19/0x562572a22110)}  -> wl_buffer#4278190082.destroy()
[23:39:41.638950] {EGLSurface(19/0x562572a22110)}  -> wl_buffer#4278190081.destroy()
[23:39:41.638981] {EGLSurface(19/0x562572a22110)}  -> wl_buffer#4278190080.destroy()
[23:39:41.639009] {EGLSurface(19)}  -> zwp_linux_dmabuf_feedback_v1#33.destroy()
[23:39:41.639017] {Default Queue}  -> wp_fifo_v1#31.destroy()
[23:39:41.639020] {Default Queue}  -> wp_commit_timer_v1#32.destroy()
[23:39:41.639246] {Default Queue}  -> wl_subsurface#40.destroy()
[23:39:41.639251] {Default Queue}  -> wl_surface#39.destroy()
[23:39:41.639253] {Default Queue}  -> wp_viewport#41.destroy()
[23:39:41.639255] {Default Queue}  -> wl_subsurface#44.destroy()
[23:39:41.639257] {Default Queue}  -> wl_surface#43.destroy()
[23:39:41.639259] {Default Queue}  -> wp_viewport#45.destroy()
[23:39:41.639260] {Default Queue}  -> wl_subsurface#48.destroy()
[23:39:41.639261] {Default Queue}  -> wl_surface#47.destroy()
[23:39:41.639262] {Default Queue}  -> wp_viewport#49.destroy()
[23:39:41.639264] {Default Queue}  -> wl_subsurface#52.destroy()
[23:39:41.639265] {Default Queue}  -> wl_surface#51.destroy()
[23:39:41.639267] {Default Queue}  -> wp_viewport#53.destroy()
[23:39:41.639269] {Default Queue}  -> xdg_toplevel#36.destroy()
[23:39:41.639271] {Default Queue}  -> xdg_surface#35.destroy()
[23:39:41.639272] {Default Queue}  -> wl_buffer#38.destroy()
[23:39:41.639274] {Default Queue}  -> wl_surface#19.destroy()
[23:39:41.639285] {Default Queue}  -> zwp_linux_dmabuf_v1#27.destroy()
[23:39:41.639440] {Default Queue}  -> wl_shm_pool#3.destroy()
[23:39:41.639467] {Default Queue}  -> wl_shm_pool#16.destroy()
[23:39:41.639484] {Default Queue}  -> wl_surface#17.destroy()
[23:39:41.639486] {Default Queue}  -> wl_subcompositor#5.destroy()
[23:39:41.639487] {Default Queue}  -> wp_viewporter#6.destroy()
[23:39:41.639489] {Default Queue}  -> xdg_wm_base#12.destroy()
[23:39:41.639492] {Default Queue}  -> zwp_relative_pointer_manager_v1#7.destroy()
[23:39:41.639494] {Default Queue}  -> zwp_pointer_constraints_v1#8.destroy()
[23:39:41.729248] {Default Queue}  -> wl_display#1.get_registry(new id wl_registry#2)
[23:39:41.729266] {Default Queue}  -> wl_display#1.sync(new id wl_callback#3)
[23:39:41.729306] {Display Queue} wl_display#1.delete_id(3)
[23:39:41.729309] {Default Queue} wl_registry#2.global(1, "wl_compositor", 5)
[23:39:41.729313] {Default Queue}  -> wl_registry#2.bind(1, "wl_compositor", 3, new id [unknown]#4)
[23:39:41.729317] {Default Queue} wl_registry#2.global(2, "wl_subcompositor", 1)
[23:39:41.729320] {Default Queue}  -> wl_registry#2.bind(2, "wl_subcompositor", 1, new id [unknown]#5)
[23:39:41.729324] {Default Queue} wl_registry#2.global(3, "wp_viewporter", 1)
[23:39:41.729327] {Default Queue}  -> wl_registry#2.bind(3, "wp_viewporter", 1, new id [unknown]#6)
[23:39:41.729330] {Default Queue} wl_registry#2.global(4, "zxdg_output_manager_v1", 2)
[23:39:41.729336] {Default Queue} wl_registry#2.global(5, "wp_presentation", 2)
[23:39:41.729339] {Default Queue} wl_registry#2.global(6, "wp_single_pixel_buffer_manager_v1", 1)
[23:39:41.729342] {Default Queue} wl_registry#2.global(7, "wp_tearing_control_manager_v1", 1)
[23:39:41.729345] {Default Queue} wl_registry#2.global(8, "wp_fifo_manager_v1", 1)
[23:39:41.729348] {Default Queue} wl_registry#2.global(9, "wp_commit_timing_manager_v1", 1)
[23:39:41.729352] {Default Queue} wl_registry#2.global(10, "wp_alpha_modifier_v1", 1)
[23:39:41.729356] {Default Queue} wl_registry#2.global(11, "zwp_relative_pointer_manager_v1", 1)
[23:39:41.729359] {Default Queue}  -> wl_registry#2.bind(11, "zwp_relative_pointer_manager_v1", 1, new id [unknown]#7)
[23:39:41.729363] {Default Queue} wl_registry#2.global(12, "zwp_pointer_constraints_v1", 1)
[23:39:41.729366] {Default Queue}  -> wl_registry#2.bind(12, "zwp_pointer_constraints_v1", 1, new id [unknown]#8)
[23:39:41.729370] {Default Queue} wl_registry#2.global(13, "zwp_input_timestamps_manager_v1", 1)
[23:39:41.729373] {Default Queue} wl_registry#2.global(14, "weston_capture_v1", 2)
[23:39:41.729377] {Default Queue} wl_registry#2.global(15, "wl_data_device_manager", 3)
[23:39:41.729379] {Default Queue}  -> wl_registry#2.bind(15, "wl_data_device_manager", 1, new id [unknown]#9)
[23:39:41.729383] {Default Queue} wl_registry#2.global(16, "wl_shm", 2)
[23:39:41.729386] {Default Queue}  -> wl_registry#2.bind(16, "wl_shm", 1, new id [unknown]#10)
[23:39:41.729389] {Default Queue} wl_registry#2.global(17, "weston_debug_v1", 1)
[23:39:41.729393] {Default Queue} wl_registry#2.global(18, "wl_eglstream_display", 1)
[23:39:41.729396] {Default Queue} wl_registry#2.global(19, "wl_drm", 2)
[23:39:41.729399] {Default Queue} wl_registry#2.global(20, "zwp_linux_dmabuf_v1", 5)
[23:39:41.729402] {Default Queue} wl_registry#2.global(21, "zwp_linux_explicit_synchronization_v1", 2)
[23:39:41.729405] {Default Queue} wl_registry#2.global(22, "wp_color_representation_manager_v1", 1)
[23:39:41.729408] {Default Queue} wl_registry#2.global(23, "wl_output", 4)
[23:39:41.729412] {Default Queue}  -> wl_registry#2.bind(23, "wl_output", 4, new id [unknown]#11)
[23:39:41.729416] {Default Queue} wl_registry#2.global(24, "zwp_input_panel_v1", 1)
[23:39:41.729418] {Default Queue} wl_registry#2.global(25, "zwp_text_input_manager_v1", 1)
[23:39:41.729422] {Default Queue} wl_registry#2.global(26, "xdg_wm_base", 5)
[23:39:41.729425] {Default Queue}  -> wl_registry#2.bind(26, "xdg_wm_base", 1, new id [unknown]#12)
[23:39:41.729428] {Default Queue} wl_registry#2.global(27, "weston_desktop_shell", 1)
[23:39:41.729431] {Default Queue} wl_registry#2.global(28, "wl_seat", 7)
[23:39:41.729434] {Default Queue}  -> wl_registry#2.bind(28, "wl_seat", 4, new id [unknown]#13)
[23:39:41.729438] {Default Queue} wl_registry#2.global(29, "zwp_input_method_v1", 1)
[23:39:41.729442] {Default Queue} wl_callback#3.done(15)
[23:39:41.729445] {Default Queue}  -> wl_display#1.sync(new id wl_callback#3)
[23:39:41.729481] {Display Queue} wl_display#1.delete_id(3)
[23:39:41.729485] {Default Queue} discarded wl_shm#10.format(0)
[23:39:41.729487] {Default Queue} discarded wl_shm#10.format(1)
[23:39:41.729490] {Default Queue} discarded wl_shm#10.format(842093144)
[23:39:41.729495] {Default Queue} discarded wl_shm#10.format(842093121)
[23:39:41.729498] {Default Queue} discarded wl_shm#10.format(842089048)
[23:39:41.729500] {Default Queue} discarded wl_shm#10.format(842089025)
[23:39:41.729503] {Default Queue} discarded wl_shm#10.format(842094674)
[23:39:41.729505] {Default Queue} discarded wl_shm#10.format(842088786)
[23:39:41.729507] {Default Queue} discarded wl_shm#10.format(842094658)
[23:39:41.729511] {Default Queue} discarded wl_shm#10.format(842088770)
[23:39:41.729513] {Default Queue} discarded wl_shm#10.format(892426322)
[23:39:41.729516] {Default Queue} discarded wl_shm#10.format(892420434)
[23:39:41.729519] {Default Queue} discarded wl_shm#10.format(892426306)
[23:39:41.729521] {Default Queue} discarded wl_shm#10.format(892420418)
[23:39:41.729525] {Default Queue} discarded wl_shm#10.format(909199186)
[23:39:41.729527] {Default Queue} discarded wl_shm#10.format(909199170)
[23:39:41.729529] {Default Queue} discarded wl_shm#10.format(875710290)
[23:39:41.729532] {Default Queue} discarded wl_shm#10.format(875710274)
[23:39:41.729534] {Default Queue} discarded wl_shm#10.format(875713112)
[23:39:41.729536] {Default Queue} discarded wl_shm#10.format(875713089)
[23:39:41.729539] {Default Queue} discarded wl_shm#10.format(875709016)
[23:39:41.729541] {Default Queue} discarded wl_shm#10.format(875708993)
[23:39:41.729544] {Default Queue} discarded wl_shm#10.format(875714642)
[23:39:41.729546] {Default Queue} discarded wl_shm#10.format(875708754)
[23:39:41.729548] {Default Queue} discarded wl_shm#10.format(875714626)
[23:39:41.729551] {Default Queue} discarded wl_shm#10.format(875708738)
[23:39:41.729553] {Default Queue} discarded wl_shm#10.format(808669784)
[23:39:41.729556] {Default Queue} discarded wl_shm#10.format(808669761)
[23:39:41.729559] {Default Queue} discarded wl_shm#10.format(808665688)
[23:39:41.729561] {Default Queue} discarded wl_shm#10.format(808665665)
[23:39:41.729564] {Default Queue} discarded wl_shm#10.format(942948952)
[23:39:41.729566] {Default Queue} discarded wl_shm#10.format(942948929)
[23:39:41.729569] {Default Queue} discarded wl_shm#10.format(942953048)
[23:39:41.729571] {Default Queue} discarded wl_shm#10.format(942953025)
[23:39:41.729573] {Default Queue} discarded wl_shm#10.format(1211384408)
[23:39:41.729576] {Default Queue} discarded wl_shm#10.format(1211384385)
[23:39:41.729578] {Default Queue} discarded wl_shm#10.format(1211388504)
[23:39:41.729581] {Default Queue} discarded wl_shm#10.format(1211388481)
[23:39:41.729583] {Default Queue} discarded wl_shm#10.format(1448695129)
[23:39:41.729586] {Default Queue} discarded wl_shm#10.format(1431918169)
[23:39:41.729588] {Default Queue} discarded wl_shm#10.format(1498831189)
[23:39:41.729591] {Default Queue} discarded wl_shm#10.format(1498765654)
[23:39:41.729593] {Default Queue} discarded wl_shm#10.format(842094158)
[23:39:41.729595] {Default Queue} discarded wl_shm#10.format(825382478)
[23:39:41.729598] {Default Queue} discarded wl_shm#10.format(909203022)
[23:39:41.729601] {Default Queue} discarded wl_shm#10.format(825644622)
[23:39:41.729603] {Default Queue} discarded wl_shm#10.format(875714126)
[23:39:41.729606] {Default Queue} discarded wl_shm#10.format(842290766)
[23:39:41.729608] {Default Queue} discarded wl_shm#10.format(808530000)
[23:39:41.729611] {Default Queue} discarded wl_shm#10.format(842084432)
[23:39:41.729614] {Default Queue} discarded wl_shm#10.format(909193296)
[23:39:41.729616] {Default Queue} discarded wl_shm#10.format(842093913)
[23:39:41.729618] {Default Queue} discarded wl_shm#10.format(842094169)
[23:39:41.729621] {Default Queue} discarded wl_shm#10.format(909202777)
[23:39:41.729623] {Default Queue} discarded wl_shm#10.format(909203033)
[23:39:41.729625] {Default Queue} discarded wl_shm#10.format(875713881)
[23:39:41.729628] {Default Queue} discarded wl_shm#10.format(875714137)
[23:39:41.729631] {Default Queue} discarded wl_shm#10.format(1448434008)
[23:39:41.729635] {Default Queue} wl_output#11.geometry(0, 0, 1200, 900, 0, "weston", "headless", 0)
[23:39:41.729639] {Default Queue} wl_output#11.scale(1)
[23:39:41.729642] {Default Queue} wl_output#11.mode(3, 1200, 900, 60000)
[23:39:41.729646] {Default Queue} wl_output#11.name("headless")
[23:39:41.729649] {Default Queue} wl_output#11.description("headless")
[23:39:41.729651] {Default Queue} wl_output#11.done()
[23:39:41.729654] {Default Queue} wl_seat#13.name("cudaterm-test")
[23:39:41.729657] {Default Queue} wl_seat#13.capabilities(3)
[23:39:41.729660] {Default Queue}  -> wl_seat#13.get_pointer(new id wl_pointer#14)
[23:39:41.729664] {Default Queue}  -> wl_seat#13.get_keyboard(new id wl_keyboard#15)
[23:39:41.729667] {Default Queue} wl_callback#3.done(15)
[23:39:41.729689] {Default Queue}  -> wl_shm#10.create_pool(new id wl_shm_pool#3, fd 40, 1296)
[23:39:41.730104] {Default Queue}  -> wl_shm_pool#3.resize(6688)
[23:39:41.730119] {Default Queue}  -> wl_shm_pool#3.resize(17472)
[23:39:41.730133] {Default Queue}  -> wl_shm_pool#3.resize(39040)
[23:39:41.730147] {Default Queue}  -> wl_shm_pool#3.resize(82176)
[23:39:41.730165] {Default Queue}  -> wl_shm_pool#3.resize(168448)
[23:39:41.730428] {Default Queue}  -> wl_shm_pool#3.resize(340992)
[23:39:41.730873] {Default Queue}  -> wl_shm_pool#3.resize(686080)
[23:39:41.731996] {Default Queue}  -> wl_shm_pool#3.resize(1376256)
[23:39:41.733281] {Default Queue}  -> wl_shm#10.create_pool(new id wl_shm_pool#16, fd 42, 5184)
[23:39:41.733495] {Default Queue}  -> wl_shm_pool#16.resize(14464)
[23:39:41.733506] {Default Queue}  -> wl_shm_pool#16.resize(33024)
[23:39:41.733519] {Default Queue}  -> wl_shm_pool#16.resize(70144)
[23:39:41.733541] {Default Queue}  -> wl_shm_pool#16.resize(144384)
[23:39:41.733830] {Default Queue}  -> wl_shm_pool#16.resize(292864)
[23:39:41.734130] {Default Queue}  -> wl_shm_pool#16.resize(589824)
[23:39:41.735201] {Default Queue}  -> wl_shm_pool#16.resize(1183744)
[23:39:41.736442] {Default Queue}  -> wl_compositor#4.create_surface(new id wl_surface#17)
[23:39:41.736448] {Default Queue}  -> wl_data_device_manager#9.get_data_device(new id wl_data_device#18, wl_seat#13)
[23:39:41.736855] {Default Queue}  -> wl_compositor#4.create_surface(new id wl_surface#19)
[23:39:41.736858] {Default Queue}  -> wl_compositor#4.create_region(new id wl_region#20)
[23:39:41.736860] {Default Queue}  -> wl_region#20.add(0, 0, 640, 512)
[23:39:41.736862] {Default Queue}  -> wl_surface#19.set_opaque_region(wl_region#20)
[23:39:41.736863] {Default Queue}  -> wl_region#20.destroy()
[23:39:41.745494]  -> wl_display#1.get_registry(new id wl_registry#21)
[23:39:41.745504]  -> wl_display#1.sync(new id wl_callback#22)
[23:39:41.745658] {Display Queue} wl_display#1.delete_id(20)
[23:39:41.745660] {Display Queue} wl_display#1.delete_id(22)
[23:39:41.745662] wl_registry#21.global(1, "wl_compositor", 5)
[23:39:41.745665] wl_registry#21.global(2, "wl_subcompositor", 1)
[23:39:41.745667] wl_registry#21.global(3, "wp_viewporter", 1)
[23:39:41.745668] wl_registry#21.global(4, "zxdg_output_manager_v1", 2)
[23:39:41.745670] wl_registry#21.global(5, "wp_presentation", 2)
[23:39:41.745672] wl_registry#21.global(6, "wp_single_pixel_buffer_manager_v1", 1)
[23:39:41.745674] wl_registry#21.global(7, "wp_tearing_control_manager_v1", 1)
[23:39:41.745676] wl_registry#21.global(8, "wp_fifo_manager_v1", 1)
[23:39:41.745677] wl_registry#21.global(9, "wp_commit_timing_manager_v1", 1)
[23:39:41.745679] wl_registry#21.global(10, "wp_alpha_modifier_v1", 1)
[23:39:41.745681] wl_registry#21.global(11, "zwp_relative_pointer_manager_v1", 1)
[23:39:41.745683] wl_registry#21.global(12, "zwp_pointer_constraints_v1", 1)
[23:39:41.745684] wl_registry#21.global(13, "zwp_input_timestamps_manager_v1", 1)
[23:39:41.745686] wl_registry#21.global(14, "weston_capture_v1", 2)
[23:39:41.745688] wl_registry#21.global(15, "wl_data_device_manager", 3)
[23:39:41.745689] wl_registry#21.global(16, "wl_shm", 2)
[23:39:41.745692] wl_registry#21.global(17, "weston_debug_v1", 1)
[23:39:41.745693] wl_registry#21.global(18, "wl_eglstream_display", 1)
[23:39:41.745695] wl_registry#21.global(19, "wl_drm", 2)
[23:39:41.745697] wl_registry#21.global(20, "zwp_linux_dmabuf_v1", 5)
[23:39:41.745698] wl_registry#21.global(21, "zwp_linux_explicit_synchronization_v1", 2)
[23:39:41.745700] wl_registry#21.global(22, "wp_color_representation_manager_v1", 1)
[23:39:41.745702] wl_registry#21.global(23, "wl_output", 4)
[23:39:41.745703] wl_registry#21.global(24, "zwp_input_panel_v1", 1)
[23:39:41.745705] wl_registry#21.global(25, "zwp_text_input_manager_v1", 1)
[23:39:41.745706] wl_registry#21.global(26, "xdg_wm_base", 5)
[23:39:41.745708] wl_registry#21.global(27, "weston_desktop_shell", 1)
[23:39:41.745710] wl_registry#21.global(28, "wl_seat", 7)
[23:39:41.745712] wl_registry#21.global(29, "zwp_input_method_v1", 1)
[23:39:41.745715] wl_callback#22.done(15)
[23:39:41.745718]  -> wl_registry#21.bind(20, "zwp_linux_dmabuf_v1", 4, new id [unknown]#22)
[23:39:41.745727]  -> zwp_linux_dmabuf_v1#22.get_default_feedback(new id zwp_linux_dmabuf_feedback_v1#20)
[23:39:41.745729]  -> wl_display#1.sync(new id wl_callback#23)
[23:39:41.745747] {Display Queue} wl_display#1.delete_id(23)
[23:39:41.745749] zwp_linux_dmabuf_feedback_v1#20.format_table(fd 42, 9408)
[23:39:41.745754] zwp_linux_dmabuf_feedback_v1#20.main_device(array[8])
[23:39:41.745755] zwp_linux_dmabuf_feedback_v1#20.tranche_target_device(array[8])
[23:39:41.745757] zwp_linux_dmabuf_feedback_v1#20.tranche_flags(0)
[23:39:41.745758] zwp_linux_dmabuf_feedback_v1#20.tranche_formats(array[1176])
[23:39:41.745763] zwp_linux_dmabuf_feedback_v1#20.tranche_done()
[23:39:41.745765] zwp_linux_dmabuf_feedback_v1#20.done()
[23:39:41.745766] wl_callback#23.done(15)
[23:39:41.745769]  -> zwp_linux_dmabuf_feedback_v1#20.destroy()
[23:39:41.745818]  -> wl_registry#21.bind(19, "wl_drm", 1, new id [unknown]#23)
[23:39:41.745820]  -> wl_display#1.sync(new id wl_callback#24)
[23:39:41.745832] {Display Queue} wl_display#1.delete_id(20)
[23:39:41.745833] {Display Queue} wl_display#1.delete_id(24)
[23:39:41.745835] wl_drm#23.device("/dev/dri/renderD129")
[23:39:41.745836] wl_callback#24.done(15)
[23:39:41.748459]  -> wl_registry#21.bind(5, "wp_presentation", 2, new id [unknown]#24)
[23:39:41.748466]  -> wl_display#1.sync(new id wl_callback#20)
[23:39:41.748487] {Display Queue} wl_display#1.delete_id(20)
[23:39:41.748490] wp_presentation#24.clock_id(4)
[23:39:41.748492] wl_callback#20.done(15)
[23:39:41.748493] {Default Queue}  -> wl_registry#21.bind(8, "wp_fifo_manager_v1", 1, new id [unknown]#20)
[23:39:41.748496] {Default Queue}  -> wl_registry#21.bind(9, "wp_commit_timing_manager_v1", 1, new id [unknown]#25)
[23:39:41.748574] {Default Queue}  -> zwp_linux_dmabuf_v1#22.destroy()
[23:39:41.748633]  -> wl_display#1.get_registry(new id wl_registry#26)
[23:39:41.748636]  -> wl_display#1.sync(new id wl_callback#27)
[23:39:41.748662] {Display Queue} wl_display#1.delete_id(22)
[23:39:41.748665] {Display Queue} wl_display#1.delete_id(27)
[23:39:41.748666] wl_registry#26.global(1, "wl_compositor", 5)
[23:39:41.748669] wl_registry#26.global(2, "wl_subcompositor", 1)
[23:39:41.748671] wl_registry#26.global(3, "wp_viewporter", 1)
[23:39:41.748673] wl_registry#26.global(4, "zxdg_output_manager_v1", 2)
[23:39:41.748674] wl_registry#26.global(5, "wp_presentation", 2)
[23:39:41.748676] wl_registry#26.global(6, "wp_single_pixel_buffer_manager_v1", 1)
[23:39:41.748678] wl_registry#26.global(7, "wp_tearing_control_manager_v1", 1)
[23:39:41.748679] wl_registry#26.global(8, "wp_fifo_manager_v1", 1)
[23:39:41.748681] wl_registry#26.global(9, "wp_commit_timing_manager_v1", 1)
[23:39:41.748683] wl_registry#26.global(10, "wp_alpha_modifier_v1", 1)
[23:39:41.748684] wl_registry#26.global(11, "zwp_relative_pointer_manager_v1", 1)
[23:39:41.748686] wl_registry#26.global(12, "zwp_pointer_constraints_v1", 1)
[23:39:41.748688] wl_registry#26.global(13, "zwp_input_timestamps_manager_v1", 1)
[23:39:41.748689] wl_registry#26.global(14, "weston_capture_v1", 2)
[23:39:41.748691] wl_registry#26.global(15, "wl_data_device_manager", 3)
[23:39:41.748692] wl_registry#26.global(16, "wl_shm", 2)
[23:39:41.748694] wl_registry#26.global(17, "weston_debug_v1", 1)
[23:39:41.748696] wl_registry#26.global(18, "wl_eglstream_display", 1)
[23:39:41.748697] wl_registry#26.global(19, "wl_drm", 2)
[23:39:41.748699] wl_registry#26.global(20, "zwp_linux_dmabuf_v1", 5)
[23:39:41.748700] wl_registry#26.global(21, "zwp_linux_explicit_synchronization_v1", 2)
[23:39:41.748702] wl_registry#26.global(22, "wp_color_representation_manager_v1", 1)
[23:39:41.748704] wl_registry#26.global(23, "wl_output", 4)
[23:39:41.748706] wl_registry#26.global(24, "zwp_input_panel_v1", 1)
[23:39:41.748707] wl_registry#26.global(25, "zwp_text_input_manager_v1", 1)
[23:39:41.748710] wl_registry#26.global(26, "xdg_wm_base", 5)
[23:39:41.748712] wl_registry#26.global(27, "weston_desktop_shell", 1)
[23:39:41.748714] wl_registry#26.global(28, "wl_seat", 7)
[23:39:41.748715] wl_registry#26.global(29, "zwp_input_method_v1", 1)
[23:39:41.748723] wl_callback#27.done(15)
[23:39:41.748726]  -> wl_registry#26.bind(20, "zwp_linux_dmabuf_v1", 4, new id [unknown]#27)
[23:39:41.748729]  -> zwp_linux_dmabuf_v1#27.get_default_feedback(new id zwp_linux_dmabuf_feedback_v1#22)
[23:39:41.748732]  -> wl_display#1.sync(new id wl_callback#28)
[23:39:41.748748] {Display Queue} wl_display#1.delete_id(28)
[23:39:41.748750] zwp_linux_dmabuf_feedback_v1#22.format_table(fd 42, 9408)
[23:39:41.748756] zwp_linux_dmabuf_feedback_v1#22.main_device(array[8])
[23:39:41.748757] zwp_linux_dmabuf_feedback_v1#22.tranche_target_device(array[8])
[23:39:41.748758] zwp_linux_dmabuf_feedback_v1#22.tranche_flags(0)
[23:39:41.748760] zwp_linux_dmabuf_feedback_v1#22.tranche_formats(array[1176])
[23:39:41.748764] zwp_linux_dmabuf_feedback_v1#22.tranche_done()
[23:39:41.748766] zwp_linux_dmabuf_feedback_v1#22.done()
[23:39:41.748767] wl_callback#28.done(15)
[23:39:41.748769]  -> zwp_linux_dmabuf_feedback_v1#22.destroy()
[23:39:41.748817]  -> wl_registry#26.bind(19, "wl_drm", 1, new id [unknown]#28)
[23:39:41.748819]  -> wl_display#1.sync(new id wl_callback#29)
[23:39:41.748829] {Display Queue} wl_display#1.delete_id(22)
[23:39:41.748830] {Display Queue} wl_display#1.delete_id(29)
[23:39:41.748832] wl_drm#28.device("/dev/dri/renderD129")
[23:39:41.748833] wl_callback#29.done(15)
[23:39:41.749103]  -> wl_registry#26.bind(5, "wp_presentation", 2, new id [unknown]#29)
[23:39:41.749108]  -> wl_display#1.sync(new id wl_callback#22)
[23:39:41.749120] {Display Queue} wl_display#1.delete_id(22)
[23:39:41.749122] wp_presentation#29.clock_id(4)
[23:39:41.749124] wl_callback#22.done(15)
[23:39:41.749126] {Default Queue}  -> wl_registry#26.bind(8, "wp_fifo_manager_v1", 1, new id [unknown]#22)
[23:39:41.749128] {Default Queue}  -> wl_registry#26.bind(9, "wp_commit_timing_manager_v1", 1, new id [unknown]#30)
[23:39:41.754158] {Default Queue}  -> wp_fifo_manager_v1#22.get_fifo(new id wp_fifo_v1#31, wl_surface#19)
[23:39:41.754165] {Default Queue}  -> wp_commit_timing_manager_v1#30.get_timer(new id wp_commit_timer_v1#32, wl_surface#19)
[23:39:41.754168] {EGLSurface(19)}  -> zwp_linux_dmabuf_v1#27.get_surface_feedback(new id zwp_linux_dmabuf_feedback_v1#33, wl_surface#19)
[23:39:41.754171] {EGLSurface(19)}  -> wl_display#1.sync(new id wl_callback#34)
[23:39:41.754200] {Display Queue} wl_display#1.delete_id(34)
[23:39:41.754202] {EGLSurface(19)} zwp_linux_dmabuf_feedback_v1#33.format_table(fd 59, 9408)
[23:39:41.754207] {EGLSurface(19)} zwp_linux_dmabuf_feedback_v1#33.main_device(array[8])
[23:39:41.754209] {EGLSurface(19)} zwp_linux_dmabuf_feedback_v1#33.tranche_target_device(array[8])
[23:39:41.754211] {EGLSurface(19)} zwp_linux_dmabuf_feedback_v1#33.tranche_flags(0)
[23:39:41.754212] {EGLSurface(19)} zwp_linux_dmabuf_feedback_v1#33.tranche_formats(array[1176])
[23:39:41.754215] {EGLSurface(19)} zwp_linux_dmabuf_feedback_v1#33.tranche_done()
[23:39:41.754217] {EGLSurface(19)} zwp_linux_dmabuf_feedback_v1#33.done()
[23:39:41.754218] {EGLSurface(19)} wl_callback#34.done(15)
[23:39:41.754320] {EGLSurface(19/0x55909269eef0)}  -> zwp_linux_dmabuf_v1#27.create_params(new id zwp_linux_buffer_params_v1#34)
[23:39:41.754326] {EGLSurface(19/0x55909269eef0)}  -> zwp_linux_buffer_params_v1#34.add(fd 60, 0, 0, 2560, 50331648, 6316052)
[23:39:41.754328] {EGLSurface(19/0x55909269eef0)}  -> zwp_linux_buffer_params_v1#34.create(640, 512, 875713112, 0)
[23:39:41.754330] {EGLSurface(19/0x55909269eef0)}  -> wl_display#1.sync(new id wl_callback#35)
[23:39:41.754431] {Display Queue} wl_display#1.delete_id(35)
[23:39:41.754433] {EGLSurface(19/0x55909269eef0)} zwp_linux_buffer_params_v1#34.created(new id wl_buffer#4278190080)
[23:39:41.754435] {EGLSurface(19/0x55909269eef0)} wl_callback#35.done(15)
[23:39:41.754436] {EGLSurface(19/0x55909269eef0)}  -> zwp_linux_buffer_params_v1#34.destroy()
[23:39:41.776344] {Default Queue}  -> xdg_wm_base#12.get_xdg_surface(new id xdg_surface#35, wl_surface#19)
[23:39:41.776355] {Default Queue}  -> xdg_surface#35.get_toplevel(new id xdg_toplevel#36)
[23:39:41.776357] {Default Queue}  -> xdg_toplevel#36.set_app_id("cudaterm")
[23:39:41.776361] {Default Queue}  -> xdg_toplevel#36.set_title("cudaterm")
[23:39:41.776371] {Default Queue}  -> wl_shm#10.create_pool(new id wl_shm_pool#37, fd 70, 4)
[23:39:41.776374] {Default Queue}  -> wl_shm_pool#37.create_buffer(new id wl_buffer#38, 0, 1, 1, 4, 0)
[23:39:41.776379] {Default Queue}  -> wl_shm_pool#37.destroy()
[23:39:41.776382] {Default Queue}  -> wl_compositor#4.create_surface(new id wl_surface#39)
[23:39:41.776384] {Default Queue}  -> wl_subcompositor#5.get_subsurface(new id wl_subsurface#40, wl_surface#39, wl_surface#19)
[23:39:41.776386] {Default Queue}  -> wl_subsurface#40.set_position(0, -24)
[23:39:41.776388] {Default Queue}  -> wp_viewporter#6.get_viewport(new id wp_viewport#41, wl_surface#39)
[23:39:41.776390] {Default Queue}  -> wp_viewport#41.set_destination(640, 24)
[23:39:41.776392] {Default Queue}  -> wl_surface#39.attach(wl_buffer#38, 0, 0)
[23:39:41.776394] {Default Queue}  -> wl_compositor#4.create_region(new id wl_region#42)
[23:39:41.776396] {Default Queue}  -> wl_region#42.add(0, 0, 640, 24)
[23:39:41.776398] {Default Queue}  -> wl_surface#39.set_opaque_region(wl_region#42)
[23:39:41.776400] {Default Queue}  -> wl_surface#39.commit()
[23:39:41.776401] {Default Queue}  -> wl_region#42.destroy()
[23:39:41.776402] {Default Queue}  -> wl_compositor#4.create_surface(new id wl_surface#43)
[23:39:41.776405] {Default Queue}  -> wl_subcompositor#5.get_subsurface(new id wl_subsurface#44, wl_surface#43, wl_surface#19)
[23:39:41.776406] {Default Queue}  -> wl_subsurface#44.set_position(-4, -24)
[23:39:41.776408] {Default Queue}  -> wp_viewporter#6.get_viewport(new id wp_viewport#45, wl_surface#43)
[23:39:41.776410] {Default Queue}  -> wp_viewport#45.set_destination(4, 536)
[23:39:41.776411] {Default Queue}  -> wl_surface#43.attach(wl_buffer#38, 0, 0)
[23:39:41.776413] {Default Queue}  -> wl_compositor#4.create_region(new id wl_region#46)
[23:39:41.776415] {Default Queue}  -> wl_region#46.add(0, 0, 4, 536)
[23:39:41.776417] {Default Queue}  -> wl_surface#43.set_opaque_region(wl_region#46)
[23:39:41.776419] {Default Queue}  -> wl_surface#43.commit()
[23:39:41.776420] {Default Queue}  -> wl_region#46.destroy()
[23:39:41.776422] {Default Queue}  -> wl_compositor#4.create_surface(new id wl_surface#47)
[23:39:41.776424] {Default Queue}  -> wl_subcompositor#5.get_subsurface(new id wl_subsurface#48, wl_surface#47, wl_surface#19)
[23:39:41.776425] {Default Queue}  -> wl_subsurface#48.set_position(640, -24)
[23:39:41.776428] {Default Queue}  -> wp_viewporter#6.get_viewport(new id wp_viewport#49, wl_surface#47)
[23:39:41.776429] {Default Queue}  -> wp_viewport#49.set_destination(4, 536)
[23:39:41.776430] {Default Queue}  -> wl_surface#47.attach(wl_buffer#38, 0, 0)
[23:39:41.776432] {Default Queue}  -> wl_compositor#4.create_region(new id wl_region#50)
[23:39:41.776434] {Default Queue}  -> wl_region#50.add(0, 0, 4, 536)
[23:39:41.776435] {Default Queue}  -> wl_surface#47.set_opaque_region(wl_region#50)
[23:39:41.776437] {Default Queue}  -> wl_surface#47.commit()
[23:39:41.776438] {Default Queue}  -> wl_region#50.destroy()
[23:39:41.776440] {Default Queue}  -> wl_compositor#4.create_surface(new id wl_surface#51)
[23:39:41.776441] {Default Queue}  -> wl_subcompositor#5.get_subsurface(new id wl_subsurface#52, wl_surface#51, wl_surface#19)
[23:39:41.776443] {Default Queue}  -> wl_subsurface#52.set_position(-4, 512)
[23:39:41.776444] {Default Queue}  -> wp_viewporter#6.get_viewport(new id wp_viewport#53, wl_surface#51)
[23:39:41.776445] {Default Queue}  -> wp_viewport#53.set_destination(648, 4)
[23:39:41.776447] {Default Queue}  -> wl_surface#51.attach(wl_buffer#38, 0, 0)
[23:39:41.776449] {Default Queue}  -> wl_compositor#4.create_region(new id wl_region#54)
[23:39:41.776451] {Default Queue}  -> wl_region#54.add(0, 0, 648, 4)
[23:39:41.776452] {Default Queue}  -> wl_surface#51.set_opaque_region(wl_region#54)
[23:39:41.776454] {Default Queue}  -> wl_surface#51.commit()
[23:39:41.776455] {Default Queue}  -> wl_region#54.destroy()
[23:39:41.776457] {Default Queue}  -> xdg_toplevel#36.set_min_size(0, 0)
[23:39:41.776460] {Default Queue}  -> xdg_toplevel#36.set_max_size(0, 0)
[23:39:41.776462] {Default Queue}  -> wl_surface#19.commit()
[23:39:41.776464] {Default Queue}  -> wl_display#1.sync(new id wl_callback#55)
[23:39:41.776466] {Default Queue} wl_keyboard#15.repeat_info(40, 400)
[23:39:41.776470] {Default Queue} wl_keyboard#15.keymap(1, fd 40, 35572)
[23:39:41.778205] {Display Queue} wl_display#1.delete_id(34)
[23:39:41.778211] {Display Queue} wl_display#1.delete_id(37)
[23:39:41.778214] {Display Queue} wl_display#1.delete_id(42)
[23:39:41.778215] {Display Queue} wl_display#1.delete_id(46)
[23:39:41.778217] {Display Queue} wl_display#1.delete_id(50)
[23:39:41.778219] {Display Queue} wl_display#1.delete_id(54)
[23:39:41.778220] {Display Queue} wl_display#1.delete_id(55)
[23:39:41.778222] {Default Queue} wl_callback#55.done(15)
[23:39:41.778223] {Default Queue} xdg_toplevel#36.configure(0, 0, array[0])
[23:39:41.778225] {Default Queue} xdg_surface#35.configure(16)
[23:39:41.778228] {Default Queue}  -> xdg_surface#35.ack_configure(16)
[23:39:41.790256] {EGLSurface(19)}  -> wl_surface#19.damage(0, 0, 2147483647, 2147483647)
[23:39:41.790264] {EGLSurface(19)}  -> wl_surface#19.attach(wl_buffer#4278190080, 0, 0)
[23:39:41.790267] {Default Queue}  -> wp_fifo_v1#31.set_barrier()
[23:39:41.790269] {EGLSurface(19)}  -> wl_surface#19.commit()
[23:39:41.790271] {EGLSurface(19)}  -> wl_display#1.sync(new id wl_callback#55)
[23:39:41.790461] {EGLSurface(19/0x55909269eef0)}  -> zwp_linux_dmabuf_v1#27.create_params(new id zwp_linux_buffer_params_v1#54)
[23:39:41.790467] {EGLSurface(19/0x55909269eef0)}  -> zwp_linux_buffer_params_v1#54.add(fd 40, 0, 0, 2560, 50331648, 6316052)
[23:39:41.790470] {EGLSurface(19/0x55909269eef0)}  -> zwp_linux_buffer_params_v1#54.create(640, 512, 875713112, 0)
[23:39:41.790472] {EGLSurface(19/0x55909269eef0)}  -> wl_display#1.sync(new id wl_callback#50)
[23:39:41.790483] {Display Queue} wl_display#1.delete_id(55)
[23:39:41.790574] {Display Queue} wl_display#1.delete_id(50)
[23:39:41.790576] {EGLSurface(19/0x55909269eef0)} zwp_linux_buffer_params_v1#54.created(new id wl_buffer#4278190081)
[23:39:41.790578] {EGLSurface(19/0x55909269eef0)} wl_callback#50.done(18)
[23:39:41.790580] {EGLSurface(19/0x55909269eef0)}  -> zwp_linux_buffer_params_v1#54.destroy()
[23:39:41.790619] {Default Queue} wl_surface#19.enter(wl_output#11)
[23:39:41.790622] {Default Queue} discarded wl_surface#39.enter(wl_output#11)
[23:39:41.790623] {Default Queue} discarded wl_surface#43.enter(wl_output#11)
[23:39:41.790624] {Default Queue} discarded wl_surface#47.enter(wl_output#11)
[23:39:41.790626] {Default Queue} discarded wl_surface#51.enter(wl_output#11)
[23:39:41.790627] {Default Queue} wl_keyboard#15.enter(17, wl_surface#19, array[0])
[23:39:41.790707] {Default Queue} wl_keyboard#15.modifiers(17, 0, 0, 0, 0)
[23:39:41.790714] {Default Queue} wl_data_device#18.selection(nil)
[23:39:41.790716] {Default Queue} xdg_toplevel#36.configure(0, 0, array[4])
[23:39:41.790719] {Default Queue} xdg_surface#35.configure(18)
[23:39:41.790721] {Default Queue}  -> xdg_surface#35.ack_configure(18)
[23:39:41.797531] {Display Queue} wl_display#1.delete_id(54)
[23:39:41.797534] {Default Queue} discarded wl_buffer#38.release()
[23:39:42.564168] {Default Queue} wl_pointer#14.enter(20, wl_surface#19, 4.00000000, 24.00000000)
[23:39:42.564185] {Default Queue}  -> wl_shm_pool#3.create_buffer(new id wl_buffer#54, 581632, 32, 32, 128, 0)
[23:39:42.564191] {Default Queue}  -> wl_pointer#14.set_cursor(20, wl_surface#17, 4, 4)
[23:39:42.564193] {Default Queue}  -> wl_surface#17.set_buffer_scale(1)
[23:39:42.564195] {Default Queue}  -> wl_surface#17.attach(wl_buffer#54, 0, 0)
[23:39:42.564197] {Default Queue}  -> wl_surface#17.damage(0, 0, 32, 32)
[23:39:42.564198] {Default Queue}  -> wl_surface#17.commit()
[23:39:42.564315] {Default Queue} xdg_wm_base#12.ping(21)
[23:39:42.564318] {Default Queue}  -> xdg_wm_base#12.pong(21)
[23:39:42.564361] {Default Queue} discarded wl_surface#17.enter(wl_output#11)
[23:39:42.580905] {Default Queue} discarded wl_buffer#54.release()
[23:39:42.614217] {Default Queue} wl_keyboard#15.key(22, 1945187478, 42, 1)
[23:39:42.614237] {Default Queue} wl_keyboard#15.modifiers(22, 1, 0, 0, 0)
[23:39:42.614241] {Default Queue} wl_pointer#14.button(23, 1945187478, 272, 1)
[23:39:42.614470] {EGLSurface(19)} wl_callback#55.done(17)
[23:39:42.614615] {EGLSurface(19)}  -> wl_surface#19.damage(0, 0, 2147483647, 2147483647)
[23:39:42.614619] {EGLSurface(19)}  -> wl_surface#19.attach(wl_buffer#4278190081, 0, 0)
[23:39:42.614623] {Default Queue}  -> wp_fifo_v1#31.set_barrier()
[23:39:42.614626] {EGLSurface(19)}  -> wl_surface#19.commit()
[23:39:42.614629] {EGLSurface(19)}  -> wl_display#1.sync(new id wl_callback#55)
[23:39:42.614904] {EGLSurface(19/0x55909269eef0)}  -> zwp_linux_dmabuf_v1#27.create_params(new id zwp_linux_buffer_params_v1#50)
[23:39:42.614911] {EGLSurface(19/0x55909269eef0)}  -> zwp_linux_buffer_params_v1#50.add(fd 40, 0, 0, 2560, 50331648, 6316052)
[23:39:42.614914] {EGLSurface(19/0x55909269eef0)}  -> zwp_linux_buffer_params_v1#50.create(640, 512, 875713112, 0)
[23:39:42.614917] {EGLSurface(19/0x55909269eef0)}  -> wl_display#1.sync(new id wl_callback#46)
[23:39:42.614925] {Display Queue} wl_display#1.delete_id(55)
[23:39:42.615028] {Display Queue} wl_display#1.delete_id(46)
[23:39:42.615031] {EGLSurface(19/0x55909269eef0)} zwp_linux_buffer_params_v1#50.created(new id wl_buffer#4278190082)
[23:39:42.615033] {EGLSurface(19/0x55909269eef0)} wl_callback#46.done(23)
[23:39:42.615034] {EGLSurface(19/0x55909269eef0)}  -> zwp_linux_buffer_params_v1#50.destroy()
[23:39:42.624470] {Display Queue} wl_display#1.delete_id(50)
[23:39:42.664323] {Default Queue} wl_pointer#14.motion(1945187528, 76.00000000, 24.00000000)
[23:39:42.664608] {EGLSurface(19)} wl_callback#55.done(23)
[23:39:42.665117] {EGLSurface(19)}  -> wl_surface#19.damage(0, 0, 2147483647, 2147483647)
[23:39:42.665122] {EGLSurface(19)}  -> wl_surface#19.attach(wl_buffer#4278190082, 0, 0)
[23:39:42.665124] {Default Queue}  -> wp_fifo_v1#31.set_barrier()
[23:39:42.665126] {EGLSurface(19)}  -> wl_surface#19.commit()
[23:39:42.665129] {EGLSurface(19)}  -> wl_display#1.sync(new id wl_callback#55)
[23:39:42.665134] {EGLSurface(19/0x55909269eef0)} wl_buffer#4278190080.release()
[23:39:42.665171] {Display Queue} wl_display#1.delete_id(55)
[23:39:42.714400] {Default Queue} wl_pointer#14.button(24, 1945187578, 272, 0)
[23:39:42.714512] {Default Queue} xdg_wm_base#12.ping(25)
[23:39:42.714516] {Default Queue}  -> xdg_wm_base#12.pong(25)
[23:39:42.714518] {Default Queue} wl_keyboard#15.key(26, 1945187578, 42, 0)
[23:39:42.714522] {Default Queue} wl_keyboard#15.modifiers(26, 0, 0, 0, 0)
[23:39:42.714628] {EGLSurface(19)} wl_callback#55.done(23)
[23:39:42.714800] {EGLSurface(19)}  -> wl_surface#19.damage(0, 0, 2147483647, 2147483647)
[23:39:42.714805] {EGLSurface(19)}  -> wl_surface#19.attach(wl_buffer#4278190080, 0, 0)
[23:39:42.714809] {Default Queue}  -> wp_fifo_v1#31.set_barrier()
[23:39:42.714811] {EGLSurface(19)}  -> wl_surface#19.commit()
[23:39:42.714814] {EGLSurface(19)}  -> wl_display#1.sync(new id wl_callback#55)
[23:39:42.714820] {EGLSurface(19/0x55909269eef0)} wl_buffer#4278190081.release()
[23:39:42.714852] {Display Queue} wl_display#1.delete_id(55)
[23:39:42.764487] {Default Queue} wl_keyboard#15.key(27, 1945187628, 29, 1)
[23:39:42.764510] {Default Queue} wl_keyboard#15.modifiers(27, 4, 0, 0, 0)
[23:39:42.764513] {Default Queue} wl_keyboard#15.key(28, 1945187628, 42, 1)
[23:39:42.764516] {Default Queue} wl_keyboard#15.modifiers(28, 5, 0, 0, 0)
[23:39:42.764518] {Default Queue} wl_keyboard#15.key(29, 1945187628, 46, 1)
[23:39:42.764689] {Default Queue}  -> wl_data_device_manager#9.create_data_source(new id wl_data_source#50)
[23:39:42.764692] {Default Queue}  -> wl_data_source#50.offer("text/plain;charset=utf-8")
[23:39:42.764695] {Default Queue}  -> wl_data_device#18.set_selection(wl_data_source#50, 29)
[23:39:42.764698] {Default Queue} wl_keyboard#15.key(30, 1945187628, 46, 0)
[23:39:42.764701] {Default Queue} wl_keyboard#15.key(31, 1945187628, 42, 0)
[23:39:42.764707] {Default Queue} wl_keyboard#15.modifiers(31, 4, 0, 0, 0)
[23:39:42.764709] {Default Queue} wl_keyboard#15.key(32, 1945187628, 29, 0)
[23:39:42.764716] {Default Queue} wl_keyboard#15.modifiers(32, 0, 0, 0, 0)
[23:39:42.764762] {Default Queue} wl_data_device#18.data_offer(new id wl_data_offer#4278190083)
[23:39:42.764764] {Default Queue} wl_data_offer#4278190083.offer("text/plain;charset=utf-8")
[23:39:42.764765] {Default Queue} wl_data_device#18.selection(wl_data_offer#4278190083)
[23:39:42.764767] {Default Queue} wl_data_source#50.send("text/plain;charset=utf-8", fd 40)
[23:39:42.864579] {Default Queue} wl_keyboard#15.key(33, 1945187728, 29, 1)
[23:39:42.864601] {Default Queue} wl_keyboard#15.modifiers(33, 4, 0, 0, 0)
[23:39:42.864605] {Default Queue} wl_keyboard#15.key(34, 1945187728, 42, 1)
[23:39:42.864608] {Default Queue} wl_keyboard#15.modifiers(34, 5, 0, 0, 0)
[23:39:42.864609] {Default Queue} wl_keyboard#15.key(35, 1945187728, 47, 1)
[23:39:42.864763] {Default Queue} wl_keyboard#15.key(36, 1945187728, 47, 0)
[23:39:42.864773] {Default Queue} wl_keyboard#15.key(37, 1945187728, 42, 0)
[23:39:42.864777] {Default Queue} wl_keyboard#15.modifiers(37, 4, 0, 0, 0)
[23:39:42.864779] {Default Queue} wl_keyboard#15.key(38, 1945187728, 29, 0)
[23:39:42.864781] {Default Queue} wl_keyboard#15.modifiers(38, 0, 0, 0, 0)
[23:39:42.864885] {EGLSurface(19)} wl_callback#55.done(26)
[23:39:42.865262] {EGLSurface(19)}  -> wl_surface#19.damage(0, 0, 2147483647, 2147483647)
[23:39:42.865265] {EGLSurface(19)}  -> wl_surface#19.attach(wl_buffer#4278190081, 0, 0)
[23:39:42.865268] {Default Queue}  -> wp_fifo_v1#31.set_barrier()
[23:39:42.865270] {EGLSurface(19)}  -> wl_surface#19.commit()
[23:39:42.865272] {EGLSurface(19)}  -> wl_display#1.sync(new id wl_callback#55)
[23:39:42.865278] {EGLSurface(19/0x55909269eef0)} wl_buffer#4278190082.release()
[23:39:42.865311] {Display Queue} wl_display#1.delete_id(55)
[23:39:42.888434] {Default Queue}  -> wl_display#1.sync(new id wl_callback#46)
[23:39:42.888481] {Display Queue} wl_display#1.delete_id(46)
[23:39:42.888485] {Default Queue} discarded wl_callback#46.done(38)
[23:39:42.888520] {Default Queue}  -> wl_display#1.sync(new id wl_callback#42)
[23:39:42.888536] {Display Queue} wl_display#1.delete_id(42)
[23:39:42.888538] {Default Queue} discarded wl_callback#42.done(38)
[23:39:42.888541] {Default Queue}  -> wl_display#1.sync(new id wl_callback#37)
[23:39:42.889288] {EGLSurface(19/0x55909269eef0)}  -> wl_buffer#4278190080.destroy()
[23:39:42.889328] {EGLSurface(19/0x55909269eef0)}  -> wl_buffer#4278190081.destroy()
[23:39:42.889356] {EGLSurface(19/0x55909269eef0)}  -> wl_buffer#4278190082.destroy()
[23:39:42.889388] {EGLSurface(19)}  -> zwp_linux_dmabuf_feedback_v1#33.destroy()
[23:39:42.889394] {Default Queue}  -> wp_fifo_v1#31.destroy()
[23:39:42.889396] {Default Queue}  -> wp_commit_timer_v1#32.destroy()
[23:39:42.889616] {Default Queue}  -> wl_subsurface#40.destroy()
[23:39:42.889621] {Default Queue}  -> wl_surface#39.destroy()
[23:39:42.889623] {Default Queue}  -> wp_viewport#41.destroy()
[23:39:42.889625] {Default Queue}  -> wl_subsurface#44.destroy()
[23:39:42.889627] {Default Queue}  -> wl_surface#43.destroy()
[23:39:42.889628] {Default Queue}  -> wp_viewport#45.destroy()
[23:39:42.889630] {Default Queue}  -> wl_subsurface#48.destroy()
[23:39:42.889632] {Default Queue}  -> wl_surface#47.destroy()
[23:39:42.889633] {Default Queue}  -> wp_viewport#49.destroy()
[23:39:42.889635] {Default Queue}  -> wl_subsurface#52.destroy()
[23:39:42.889637] {Default Queue}  -> wl_surface#51.destroy()
[23:39:42.889638] {Default Queue}  -> wp_viewport#53.destroy()
[23:39:42.889640] {Default Queue}  -> xdg_toplevel#36.destroy()
[23:39:42.889641] {Default Queue}  -> xdg_surface#35.destroy()
[23:39:42.889643] {Default Queue}  -> wl_buffer#38.destroy()
[23:39:42.889646] {Default Queue}  -> wl_surface#19.destroy()
[23:39:42.889656] {Default Queue}  -> zwp_linux_dmabuf_v1#27.destroy()
[23:39:42.889801] {Default Queue}  -> wl_buffer#54.destroy()
[23:39:42.889820] {Default Queue}  -> wl_shm_pool#3.destroy()
[23:39:42.889846] {Default Queue}  -> wl_shm_pool#16.destroy()
[23:39:42.889862] {Default Queue}  -> wl_surface#17.destroy()
[23:39:42.889864] {Default Queue}  -> wl_subcompositor#5.destroy()
[23:39:42.889866] {Default Queue}  -> wp_viewporter#6.destroy()
[23:39:42.889868] {Default Queue}  -> xdg_wm_base#12.destroy()
[23:39:42.889870] {Default Queue}  -> wl_data_offer#4278190083.destroy()
[23:39:42.889872] {Default Queue}  -> wl_data_source#50.destroy()
[23:39:42.889876] {Default Queue}  -> zwp_relative_pointer_manager_v1#7.destroy()
[23:39:42.889878] {Default Queue}  -> zwp_pointer_constraints_v1#8.destroy()
[23:39:42.937593] {Default Queue}  -> wl_display#1.get_registry(new id wl_registry#2)
[23:39:42.937613] {Default Queue}  -> wl_display#1.sync(new id wl_callback#3)
[23:39:42.937657] {Display Queue} wl_display#1.delete_id(3)
[23:39:42.937660] {Default Queue} wl_registry#2.global(1, "wl_compositor", 5)
[23:39:42.937664] {Default Queue}  -> wl_registry#2.bind(1, "wl_compositor", 3, new id [unknown]#4)
[23:39:42.937667] {Default Queue} wl_registry#2.global(2, "wl_subcompositor", 1)
[23:39:42.937670] {Default Queue}  -> wl_registry#2.bind(2, "wl_subcompositor", 1, new id [unknown]#5)
[23:39:42.937673] {Default Queue} wl_registry#2.global(3, "wp_viewporter", 1)
[23:39:42.937677] {Default Queue}  -> wl_registry#2.bind(3, "wp_viewporter", 1, new id [unknown]#6)
[23:39:42.937681] {Default Queue} wl_registry#2.global(4, "zxdg_output_manager_v1", 2)
[23:39:42.937683] {Default Queue} wl_registry#2.global(5, "wp_presentation", 2)
[23:39:42.937686] {Default Queue} wl_registry#2.global(6, "wp_single_pixel_buffer_manager_v1", 1)
[23:39:42.937688] {Default Queue} wl_registry#2.global(7, "wp_tearing_control_manager_v1", 1)
[23:39:42.937690] {Default Queue} wl_registry#2.global(8, "wp_fifo_manager_v1", 1)
[23:39:42.937693] {Default Queue} wl_registry#2.global(9, "wp_commit_timing_manager_v1", 1)
[23:39:42.937695] {Default Queue} wl_registry#2.global(10, "wp_alpha_modifier_v1", 1)
[23:39:42.937698] {Default Queue} wl_registry#2.global(11, "zwp_relative_pointer_manager_v1", 1)
[23:39:42.937701] {Default Queue}  -> wl_registry#2.bind(11, "zwp_relative_pointer_manager_v1", 1, new id [unknown]#7)
[23:39:42.937703] {Default Queue} wl_registry#2.global(12, "zwp_pointer_constraints_v1", 1)
[23:39:42.937706] {Default Queue}  -> wl_registry#2.bind(12, "zwp_pointer_constraints_v1", 1, new id [unknown]#8)
[23:39:42.937708] {Default Queue} wl_registry#2.global(13, "zwp_input_timestamps_manager_v1", 1)
[23:39:42.937711] {Default Queue} wl_registry#2.global(14, "weston_capture_v1", 2)
[23:39:42.937714] {Default Queue} wl_registry#2.global(15, "wl_data_device_manager", 3)
[23:39:42.937716] {Default Queue}  -> wl_registry#2.bind(15, "wl_data_device_manager", 1, new id [unknown]#9)
[23:39:42.937719] {Default Queue} wl_registry#2.global(16, "wl_shm", 2)
[23:39:42.937726] {Default Queue}  -> wl_registry#2.bind(16, "wl_shm", 1, new id [unknown]#10)
[23:39:42.937728] {Default Queue} wl_registry#2.global(17, "weston_debug_v1", 1)
[23:39:42.937731] {Default Queue} wl_registry#2.global(18, "wl_eglstream_display", 1)
[23:39:42.937734] {Default Queue} wl_registry#2.global(19, "wl_drm", 2)
[23:39:42.937736] {Default Queue} wl_registry#2.global(20, "zwp_linux_dmabuf_v1", 5)
[23:39:42.937739] {Default Queue} wl_registry#2.global(21, "zwp_linux_explicit_synchronization_v1", 2)
[23:39:42.937741] {Default Queue} wl_registry#2.global(22, "wp_color_representation_manager_v1", 1)
[23:39:42.937743] {Default Queue} wl_registry#2.global(23, "wl_output", 4)
[23:39:42.937746] {Default Queue}  -> wl_registry#2.bind(23, "wl_output", 4, new id [unknown]#11)
[23:39:42.937749] {Default Queue} wl_registry#2.global(24, "zwp_input_panel_v1", 1)
[23:39:42.937752] {Default Queue} wl_registry#2.global(25, "zwp_text_input_manager_v1", 1)
[23:39:42.937755] {Default Queue} wl_registry#2.global(26, "xdg_wm_base", 5)
[23:39:42.937757] {Default Queue}  -> wl_registry#2.bind(26, "xdg_wm_base", 1, new id [unknown]#12)
[23:39:42.937760] {Default Queue} wl_registry#2.global(27, "weston_desktop_shell", 1)
[23:39:42.937765] {Default Queue} wl_registry#2.global(28, "wl_seat", 7)
[23:39:42.937768] {Default Queue}  -> wl_registry#2.bind(28, "wl_seat", 4, new id [unknown]#13)
[23:39:42.937771] {Default Queue} wl_registry#2.global(29, "zwp_input_method_v1", 1)
[23:39:42.937773] {Default Queue} wl_callback#3.done(39)
[23:39:42.937776] {Default Queue}  -> wl_display#1.sync(new id wl_callback#3)
[23:39:42.937809] {Display Queue} wl_display#1.delete_id(3)
[23:39:42.937812] {Default Queue} discarded wl_shm#10.format(0)
[23:39:42.937814] {Default Queue} discarded wl_shm#10.format(1)
[23:39:42.937815] {Default Queue} discarded wl_shm#10.format(842093144)
[23:39:42.937817] {Default Queue} discarded wl_shm#10.format(842093121)
[23:39:42.937819] {Default Queue} discarded wl_shm#10.format(842089048)
[23:39:42.937821] {Default Queue} discarded wl_shm#10.format(842089025)
[23:39:42.937823] {Default Queue} discarded wl_shm#10.format(842094674)
[23:39:42.937825] {Default Queue} discarded wl_shm#10.format(842088786)
[23:39:42.937828] {Default Queue} discarded wl_shm#10.format(842094658)
[23:39:42.937830] {Default Queue} discarded wl_shm#10.format(842088770)
[23:39:42.937832] {Default Queue} discarded wl_shm#10.format(892426322)
[23:39:42.937834] {Default Queue} discarded wl_shm#10.format(892420434)
[23:39:42.937836] {Default Queue} discarded wl_shm#10.format(892426306)
[23:39:42.937838] {Default Queue} discarded wl_shm#10.format(892420418)
[23:39:42.937839] {Default Queue} discarded wl_shm#10.format(909199186)
[23:39:42.937842] {Default Queue} discarded wl_shm#10.format(909199170)
[23:39:42.937844] {Default Queue} discarded wl_shm#10.format(875710290)
[23:39:42.937846] {Default Queue} discarded wl_shm#10.format(875710274)
[23:39:42.937848] {Default Queue} discarded wl_shm#10.format(875713112)
[23:39:42.937849] {Default Queue} discarded wl_shm#10.format(875713089)
[23:39:42.937851] {Default Queue} discarded wl_shm#10.format(875709016)
[23:39:42.937854] {Default Queue} discarded wl_shm#10.format(875708993)
[23:39:42.937856] {Default Queue} discarded wl_shm#10.format(875714642)
[23:39:42.937859] {Default Queue} discarded wl_shm#10.format(875708754)
[23:39:42.937860] {Default Queue} discarded wl_shm#10.format(875714626)
[23:39:42.937862] {Default Queue} discarded wl_shm#10.format(875708738)
[23:39:42.937864] {Default Queue} discarded wl_shm#10.format(808669784)
[23:39:42.937866] {Default Queue} discarded wl_shm#10.format(808669761)
[23:39:42.937868] {Default Queue} discarded wl_shm#10.format(808665688)
[23:39:42.937870] {Default Queue} discarded wl_shm#10.format(808665665)
[23:39:42.937872] {Default Queue} discarded wl_shm#10.format(942948952)
[23:39:42.937874] {Default Queue} discarded wl_shm#10.format(942948929)
[23:39:42.937875] {Default Queue} discarded wl_shm#10.format(942953048)
[23:39:42.937877] {Default Queue} discarded wl_shm#10.format(942953025)
[23:39:42.937879] {Default Queue} discarded wl_shm#10.format(1211384408)
[23:39:42.937881] {Default Queue} discarded wl_shm#10.format(1211384385)
[23:39:42.937882] {Default Queue} discarded wl_shm#10.format(1211388504)
[23:39:42.937885] {Default Queue} discarded wl_shm#10.format(1211388481)
[23:39:42.937886] {Default Queue} discarded wl_shm#10.format(1448695129)
[23:39:42.937888] {Default Queue} discarded wl_shm#10.format(1431918169)
[23:39:42.937890] {Default Queue} discarded wl_shm#10.format(1498831189)
[23:39:42.937892] {Default Queue} discarded wl_shm#10.format(1498765654)
[23:39:42.937894] {Default Queue} discarded wl_shm#10.format(842094158)
[23:39:42.937896] {Default Queue} discarded wl_shm#10.format(825382478)
[23:39:42.937897] {Default Queue} discarded wl_shm#10.format(909203022)
[23:39:42.937899] {Default Queue} discarded wl_shm#10.format(825644622)
[23:39:42.937900] {Default Queue} discarded wl_shm#10.format(875714126)
[23:39:42.937902] {Default Queue} discarded wl_shm#10.format(842290766)
[23:39:42.937903] {Default Queue} discarded wl_shm#10.format(808530000)
[23:39:42.937905] {Default Queue} discarded wl_shm#10.format(842084432)
[23:39:42.937906] {Default Queue} discarded wl_shm#10.format(909193296)
[23:39:42.937909] {Default Queue} discarded wl_shm#10.format(842093913)
[23:39:42.937911] {Default Queue} discarded wl_shm#10.format(842094169)
[23:39:42.937913] {Default Queue} discarded wl_shm#10.format(909202777)
[23:39:42.937915] {Default Queue} discarded wl_shm#10.format(909203033)
[23:39:42.937917] {Default Queue} discarded wl_shm#10.format(875713881)
[23:39:42.937919] {Default Queue} discarded wl_shm#10.format(875714137)
[23:39:42.937920] {Default Queue} discarded wl_shm#10.format(1448434008)
[23:39:42.937922] {Default Queue} wl_output#11.geometry(0, 0, 1200, 900, 0, "weston", "headless", 0)
[23:39:42.937926] {Default Queue} wl_output#11.scale(1)
[23:39:42.937928] {Default Queue} wl_output#11.mode(3, 1200, 900, 60000)
[23:39:42.937932] {Default Queue} wl_output#11.name("headless")
[23:39:42.937934] {Default Queue} wl_output#11.description("headless")
[23:39:42.937936] {Default Queue} wl_output#11.done()
[23:39:42.937938] {Default Queue} wl_seat#13.name("cudaterm-test")
[23:39:42.937940] {Default Queue} wl_seat#13.capabilities(3)
[23:39:42.937942] {Default Queue}  -> wl_seat#13.get_pointer(new id wl_pointer#14)
[23:39:42.937945] {Default Queue}  -> wl_seat#13.get_keyboard(new id wl_keyboard#15)
[23:39:42.937946] {Default Queue} wl_callback#3.done(39)
[23:39:42.937968] {Default Queue}  -> wl_shm#10.create_pool(new id wl_shm_pool#3, fd 40, 1296)
[23:39:42.938373] {Default Queue}  -> wl_shm_pool#3.resize(6688)
[23:39:42.938384] {Default Queue}  -> wl_shm_pool#3.resize(17472)
[23:39:42.938395] {Default Queue}  -> wl_shm_pool#3.resize(39040)
[23:39:42.938411] {Default Queue}  -> wl_shm_pool#3.resize(82176)
[23:39:42.938435] {Default Queue}  -> wl_shm_pool#3.resize(168448)
[23:39:42.938890] {Default Queue}  -> wl_shm_pool#3.resize(340992)
[23:39:42.939600] {Default Queue}  -> wl_shm_pool#3.resize(686080)
[23:39:42.941242] {Default Queue}  -> wl_shm_pool#3.resize(1376256)
[23:39:42.942743] {Default Queue}  -> wl_shm#10.create_pool(new id wl_shm_pool#16, fd 42, 5184)
[23:39:42.942946] {Default Queue}  -> wl_shm_pool#16.resize(14464)
[23:39:42.942958] {Default Queue}  -> wl_shm_pool#16.resize(33024)
[23:39:42.942973] {Default Queue}  -> wl_shm_pool#16.resize(70144)
[23:39:42.942991] {Default Queue}  -> wl_shm_pool#16.resize(144384)
[23:39:42.943228] {Default Queue}  -> wl_shm_pool#16.resize(292864)
[23:39:42.943496] {Default Queue}  -> wl_shm_pool#16.resize(589824)
[23:39:42.944487] {Default Queue}  -> wl_shm_pool#16.resize(1183744)
[23:39:42.945652] {Default Queue}  -> wl_compositor#4.create_surface(new id wl_surface#17)
[23:39:42.945656] {Default Queue}  -> wl_data_device_manager#9.get_data_device(new id wl_data_device#18, wl_seat#13)
[23:39:42.946055] {Default Queue}  -> wl_compositor#4.create_surface(new id wl_surface#19)
[23:39:42.946058] {Default Queue}  -> wl_compositor#4.create_region(new id wl_region#20)
[23:39:42.946059] {Default Queue}  -> wl_region#20.add(0, 0, 640, 512)
[23:39:42.946062] {Default Queue}  -> wl_surface#19.set_opaque_region(wl_region#20)
[23:39:42.946064] {Default Queue}  -> wl_region#20.destroy()
[23:39:42.954009]  -> wl_display#1.get_registry(new id wl_registry#21)
[23:39:42.954019]  -> wl_display#1.sync(new id wl_callback#22)
[23:39:42.954192] {Display Queue} wl_display#1.delete_id(20)
[23:39:42.954195] {Display Queue} wl_display#1.delete_id(22)
[23:39:42.954197] wl_registry#21.global(1, "wl_compositor", 5)
[23:39:42.954200] wl_registry#21.global(2, "wl_subcompositor", 1)
[23:39:42.954202] wl_registry#21.global(3, "wp_viewporter", 1)
[23:39:42.954204] wl_registry#21.global(4, "zxdg_output_manager_v1", 2)
[23:39:42.954206] wl_registry#21.global(5, "wp_presentation", 2)
[23:39:42.954208] wl_registry#21.global(6, "wp_single_pixel_buffer_manager_v1", 1)
[23:39:42.954210] wl_registry#21.global(7, "wp_tearing_control_manager_v1", 1)
[23:39:42.954212] wl_registry#21.global(8, "wp_fifo_manager_v1", 1)
[23:39:42.954214] wl_registry#21.global(9, "wp_commit_timing_manager_v1", 1)
[23:39:42.954216] wl_registry#21.global(10, "wp_alpha_modifier_v1", 1)
[23:39:42.954217] wl_registry#21.global(11, "zwp_relative_pointer_manager_v1", 1)
[23:39:42.954222] wl_registry#21.global(12, "zwp_pointer_constraints_v1", 1)
[23:39:42.954224] wl_registry#21.global(13, "zwp_input_timestamps_manager_v1", 1)
[23:39:42.954226] wl_registry#21.global(14, "weston_capture_v1", 2)
[23:39:42.954227] wl_registry#21.global(15, "wl_data_device_manager", 3)
[23:39:42.954229] wl_registry#21.global(16, "wl_shm", 2)
[23:39:42.954232] wl_registry#21.global(17, "weston_debug_v1", 1)
[23:39:42.954234] wl_registry#21.global(18, "wl_eglstream_display", 1)
[23:39:42.954236] wl_registry#21.global(19, "wl_drm", 2)
[23:39:42.954237] wl_registry#21.global(20, "zwp_linux_dmabuf_v1", 5)
[23:39:42.954239] wl_registry#21.global(21, "zwp_linux_explicit_synchronization_v1", 2)
[23:39:42.954241] wl_registry#21.global(22, "wp_color_representation_manager_v1", 1)
[23:39:42.954243] wl_registry#21.global(23, "wl_output", 4)
[23:39:42.954245] wl_registry#21.global(24, "zwp_input_panel_v1", 1)
[23:39:42.954247] wl_registry#21.global(25, "zwp_text_input_manager_v1", 1)
[23:39:42.954249] wl_registry#21.global(26, "xdg_wm_base", 5)
[23:39:42.954251] wl_registry#21.global(27, "weston_desktop_shell", 1)
[23:39:42.954252] wl_registry#21.global(28, "wl_seat", 7)
[23:39:42.954254] wl_registry#21.global(29, "zwp_input_method_v1", 1)
[23:39:42.954256] wl_callback#22.done(39)
[23:39:42.954259]  -> wl_registry#21.bind(20, "zwp_linux_dmabuf_v1", 4, new id [unknown]#22)
[23:39:42.954262]  -> zwp_linux_dmabuf_v1#22.get_default_feedback(new id zwp_linux_dmabuf_feedback_v1#20)
[23:39:42.954265]  -> wl_display#1.sync(new id wl_callback#23)
[23:39:42.954287] {Display Queue} wl_display#1.delete_id(23)
[23:39:42.954289] zwp_linux_dmabuf_feedback_v1#20.format_table(fd 42, 9408)
[23:39:42.954295] zwp_linux_dmabuf_feedback_v1#20.main_device(array[8])
[23:39:42.954297] zwp_linux_dmabuf_feedback_v1#20.tranche_target_device(array[8])
[23:39:42.954299] zwp_linux_dmabuf_feedback_v1#20.tranche_flags(0)
[23:39:42.954301] zwp_linux_dmabuf_feedback_v1#20.tranche_formats(array[1176])
[23:39:42.954307] zwp_linux_dmabuf_feedback_v1#20.tranche_done()
[23:39:42.954309] zwp_linux_dmabuf_feedback_v1#20.done()
[23:39:42.954311] wl_callback#23.done(39)
[23:39:42.954313]  -> zwp_linux_dmabuf_feedback_v1#20.destroy()
[23:39:42.954363]  -> wl_registry#21.bind(19, "wl_drm", 1, new id [unknown]#23)
[23:39:42.954366]  -> wl_display#1.sync(new id wl_callback#24)
[23:39:42.954379] {Display Queue} wl_display#1.delete_id(20)
[23:39:42.954381] {Display Queue} wl_display#1.delete_id(24)
[23:39:42.954382] wl_drm#23.device("/dev/dri/renderD129")
[23:39:42.954384] wl_callback#24.done(39)
[23:39:42.957258]  -> wl_registry#21.bind(5, "wp_presentation", 2, new id [unknown]#24)
[23:39:42.957266]  -> wl_display#1.sync(new id wl_callback#20)
[23:39:42.957288] {Display Queue} wl_display#1.delete_id(20)
[23:39:42.957290] wp_presentation#24.clock_id(4)
[23:39:42.957292] wl_callback#20.done(39)
[23:39:42.957294] {Default Queue}  -> wl_registry#21.bind(8, "wp_fifo_manager_v1", 1, new id [unknown]#20)
[23:39:42.957296] {Default Queue}  -> wl_registry#21.bind(9, "wp_commit_timing_manager_v1", 1, new id [unknown]#25)
[23:39:42.957377] {Default Queue}  -> zwp_linux_dmabuf_v1#22.destroy()
[23:39:42.957439]  -> wl_display#1.get_registry(new id wl_registry#26)
[23:39:42.957442]  -> wl_display#1.sync(new id wl_callback#27)
[23:39:42.957468] {Display Queue} wl_display#1.delete_id(22)
[23:39:42.957471] {Display Queue} wl_display#1.delete_id(27)
[23:39:42.957472] wl_registry#26.global(1, "wl_compositor", 5)
[23:39:42.957475] wl_registry#26.global(2, "wl_subcompositor", 1)
[23:39:42.957476] wl_registry#26.global(3, "wp_viewporter", 1)
[23:39:42.957478] wl_registry#26.global(4, "zxdg_output_manager_v1", 2)
[23:39:42.957480] wl_registry#26.global(5, "wp_presentation", 2)
[23:39:42.957481] wl_registry#26.global(6, "wp_single_pixel_buffer_manager_v1", 1)
[23:39:42.957483] wl_registry#26.global(7, "wp_tearing_control_manager_v1", 1)
[23:39:42.957485] wl_registry#26.global(8, "wp_fifo_manager_v1", 1)
[23:39:42.957486] wl_registry#26.global(9, "wp_commit_timing_manager_v1", 1)
[23:39:42.957489] wl_registry#26.global(10, "wp_alpha_modifier_v1", 1)
[23:39:42.957491] wl_registry#26.global(11, "zwp_relative_pointer_manager_v1", 1)
[23:39:42.957493] wl_registry#26.global(12, "zwp_pointer_constraints_v1", 1)
[23:39:42.957494] wl_registry#26.global(13, "zwp_input_timestamps_manager_v1", 1)
[23:39:42.957496] wl_registry#26.global(14, "weston_capture_v1", 2)
[23:39:42.957497] wl_registry#26.global(15, "wl_data_device_manager", 3)
[23:39:42.957499] wl_registry#26.global(16, "wl_shm", 2)
[23:39:42.957501] wl_registry#26.global(17, "weston_debug_v1", 1)
[23:39:42.957502] wl_registry#26.global(18, "wl_eglstream_display", 1)
[23:39:42.957503] wl_registry#26.global(19, "wl_drm", 2)
[23:39:42.957505] wl_registry#26.global(20, "zwp_linux_dmabuf_v1", 5)
[23:39:42.957506] wl_registry#26.global(21, "zwp_linux_explicit_synchronization_v1", 2)
[23:39:42.957508] wl_registry#26.global(22, "wp_color_representation_manager_v1", 1)
[23:39:42.957510] wl_registry#26.global(23, "wl_output", 4)
[23:39:42.957511] wl_registry#26.global(24, "zwp_input_panel_v1", 1)
[23:39:42.957513] wl_registry#26.global(25, "zwp_text_input_manager_v1", 1)
[23:39:42.957514] wl_registry#26.global(26, "xdg_wm_base", 5)
[23:39:42.957515] wl_registry#26.global(27, "weston_desktop_shell", 1)
[23:39:42.957517] wl_registry#26.global(28, "wl_seat", 7)
[23:39:42.957519] wl_registry#26.global(29, "zwp_input_method_v1", 1)
[23:39:42.957520] wl_callback#27.done(39)
[23:39:42.957522]  -> wl_registry#26.bind(20, "zwp_linux_dmabuf_v1", 4, new id [unknown]#27)
[23:39:42.957524]  -> zwp_linux_dmabuf_v1#27.get_default_feedback(new id zwp_linux_dmabuf_feedback_v1#22)
[23:39:42.957526]  -> wl_display#1.sync(new id wl_callback#28)
[23:39:42.957542] {Display Queue} wl_display#1.delete_id(28)
[23:39:42.957544] zwp_linux_dmabuf_feedback_v1#22.format_table(fd 42, 9408)
[23:39:42.957549] zwp_linux_dmabuf_feedback_v1#22.main_device(array[8])
[23:39:42.957550] zwp_linux_dmabuf_feedback_v1#22.tranche_target_device(array[8])
[23:39:42.957552] zwp_linux_dmabuf_feedback_v1#22.tranche_flags(0)
[23:39:42.957553] zwp_linux_dmabuf_feedback_v1#22.tranche_formats(array[1176])
[23:39:42.957557] zwp_linux_dmabuf_feedback_v1#22.tranche_done()
[23:39:42.957558] zwp_linux_dmabuf_feedback_v1#22.done()
[23:39:42.957559] wl_callback#28.done(39)
[23:39:42.957561]  -> zwp_linux_dmabuf_feedback_v1#22.destroy()
[23:39:42.957609]  -> wl_registry#26.bind(19, "wl_drm", 1, new id [unknown]#28)
[23:39:42.957610]  -> wl_display#1.sync(new id wl_callback#29)
[23:39:42.957620] {Display Queue} wl_display#1.delete_id(22)
[23:39:42.957621] {Display Queue} wl_display#1.delete_id(29)
[23:39:42.957623] wl_drm#28.device("/dev/dri/renderD129")
[23:39:42.957624] wl_callback#29.done(39)
[23:39:42.957898]  -> wl_registry#26.bind(5, "wp_presentation", 2, new id [unknown]#29)
[23:39:42.957903]  -> wl_display#1.sync(new id wl_callback#22)
[23:39:42.957915] {Display Queue} wl_display#1.delete_id(22)
[23:39:42.957917] wp_presentation#29.clock_id(4)
[23:39:42.957919] wl_callback#22.done(39)
[23:39:42.957921] {Default Queue}  -> wl_registry#26.bind(8, "wp_fifo_manager_v1", 1, new id [unknown]#22)
[23:39:42.957923] {Default Queue}  -> wl_registry#26.bind(9, "wp_commit_timing_manager_v1", 1, new id [unknown]#30)
[23:39:42.963890] {Default Queue}  -> wp_fifo_manager_v1#22.get_fifo(new id wp_fifo_v1#31, wl_surface#19)
[23:39:42.963901] {Default Queue}  -> wp_commit_timing_manager_v1#30.get_timer(new id wp_commit_timer_v1#32, wl_surface#19)
[23:39:42.963905] {EGLSurface(19)}  -> zwp_linux_dmabuf_v1#27.get_surface_feedback(new id zwp_linux_dmabuf_feedback_v1#33, wl_surface#19)
[23:39:42.963908] {EGLSurface(19)}  -> wl_display#1.sync(new id wl_callback#34)
[23:39:42.963961] {Display Queue} wl_display#1.delete_id(34)
[23:39:42.963964] {EGLSurface(19)} zwp_linux_dmabuf_feedback_v1#33.format_table(fd 59, 9408)
[23:39:42.963971] {EGLSurface(19)} zwp_linux_dmabuf_feedback_v1#33.main_device(array[8])
[23:39:42.963973] {EGLSurface(19)} zwp_linux_dmabuf_feedback_v1#33.tranche_target_device(array[8])
[23:39:42.963978] {EGLSurface(19)} zwp_linux_dmabuf_feedback_v1#33.tranche_flags(0)
[23:39:42.963979] {EGLSurface(19)} zwp_linux_dmabuf_feedback_v1#33.tranche_formats(array[1176])
[23:39:42.963983] {EGLSurface(19)} zwp_linux_dmabuf_feedback_v1#33.tranche_done()
[23:39:42.963985] {EGLSurface(19)} zwp_linux_dmabuf_feedback_v1#33.done()
[23:39:42.963987] {EGLSurface(19)} wl_callback#34.done(39)
[23:39:42.964123] {EGLSurface(19/0x55d7d64f9e80)}  -> zwp_linux_dmabuf_v1#27.create_params(new id zwp_linux_buffer_params_v1#34)
[23:39:42.964128] {EGLSurface(19/0x55d7d64f9e80)}  -> zwp_linux_buffer_params_v1#34.add(fd 60, 0, 0, 2560, 50331648, 6316052)
[23:39:42.964132] {EGLSurface(19/0x55d7d64f9e80)}  -> zwp_linux_buffer_params_v1#34.create(640, 512, 875713112, 0)
[23:39:42.964135] {EGLSurface(19/0x55d7d64f9e80)}  -> wl_display#1.sync(new id wl_callback#35)
[23:39:42.964245] {Display Queue} wl_display#1.delete_id(35)
[23:39:42.964247] {EGLSurface(19/0x55d7d64f9e80)} zwp_linux_buffer_params_v1#34.created(new id wl_buffer#4278190080)
[23:39:42.964249] {EGLSurface(19/0x55d7d64f9e80)} wl_callback#35.done(39)
[23:39:42.964250] {EGLSurface(19/0x55d7d64f9e80)}  -> zwp_linux_buffer_params_v1#34.destroy()
[23:39:42.984869] {Default Queue}  -> xdg_wm_base#12.get_xdg_surface(new id xdg_surface#35, wl_surface#19)
[23:39:42.984879] {Default Queue}  -> xdg_surface#35.get_toplevel(new id xdg_toplevel#36)
[23:39:42.984882] {Default Queue}  -> xdg_toplevel#36.set_app_id("cudaterm")
[23:39:42.984884] {Default Queue}  -> xdg_toplevel#36.set_title("cudaterm")
[23:39:42.984894] {Default Queue}  -> wl_shm#10.create_pool(new id wl_shm_pool#37, fd 70, 4)
[23:39:42.984897] {Default Queue}  -> wl_shm_pool#37.create_buffer(new id wl_buffer#38, 0, 1, 1, 4, 0)
[23:39:42.984903] {Default Queue}  -> wl_shm_pool#37.destroy()
[23:39:42.984905] {Default Queue}  -> wl_compositor#4.create_surface(new id wl_surface#39)
[23:39:42.984907] {Default Queue}  -> wl_subcompositor#5.get_subsurface(new id wl_subsurface#40, wl_surface#39, wl_surface#19)
[23:39:42.984910] {Default Queue}  -> wl_subsurface#40.set_position(0, -24)
[23:39:42.984912] {Default Queue}  -> wp_viewporter#6.get_viewport(new id wp_viewport#41, wl_surface#39)
[23:39:42.984915] {Default Queue}  -> wp_viewport#41.set_destination(640, 24)
[23:39:42.984916] {Default Queue}  -> wl_surface#39.attach(wl_buffer#38, 0, 0)
[23:39:42.984919] {Default Queue}  -> wl_compositor#4.create_region(new id wl_region#42)
[23:39:42.984920] {Default Queue}  -> wl_region#42.add(0, 0, 640, 24)
[23:39:42.984922] {Default Queue}  -> wl_surface#39.set_opaque_region(wl_region#42)
[23:39:42.984924] {Default Queue}  -> wl_surface#39.commit()
[23:39:42.984925] {Default Queue}  -> wl_region#42.destroy()
[23:39:42.984927] {Default Queue}  -> wl_compositor#4.create_surface(new id wl_surface#43)
[23:39:42.984929] {Default Queue}  -> wl_subcompositor#5.get_subsurface(new id wl_subsurface#44, wl_surface#43, wl_surface#19)
[23:39:42.984930] {Default Queue}  -> wl_subsurface#44.set_position(-4, -24)
[23:39:42.984932] {Default Queue}  -> wp_viewporter#6.get_viewport(new id wp_viewport#45, wl_surface#43)
[23:39:42.984934] {Default Queue}  -> wp_viewport#45.set_destination(4, 536)
[23:39:42.984936] {Default Queue}  -> wl_surface#43.attach(wl_buffer#38, 0, 0)
[23:39:42.984937] {Default Queue}  -> wl_compositor#4.create_region(new id wl_region#46)
[23:39:42.984939] {Default Queue}  -> wl_region#46.add(0, 0, 4, 536)
[23:39:42.984941] {Default Queue}  -> wl_surface#43.set_opaque_region(wl_region#46)
[23:39:42.984942] {Default Queue}  -> wl_surface#43.commit()
[23:39:42.984944] {Default Queue}  -> wl_region#46.destroy()
[23:39:42.984945] {Default Queue}  -> wl_compositor#4.create_surface(new id wl_surface#47)
[23:39:42.984947] {Default Queue}  -> wl_subcompositor#5.get_subsurface(new id wl_subsurface#48, wl_surface#47, wl_surface#19)
[23:39:42.984948] {Default Queue}  -> wl_subsurface#48.set_position(640, -24)
[23:39:42.984950] {Default Queue}  -> wp_viewporter#6.get_viewport(new id wp_viewport#49, wl_surface#47)
[23:39:42.984951] {Default Queue}  -> wp_viewport#49.set_destination(4, 536)
[23:39:42.984954] {Default Queue}  -> wl_surface#47.attach(wl_buffer#38, 0, 0)
[23:39:42.984956] {Default Queue}  -> wl_compositor#4.create_region(new id wl_region#50)
[23:39:42.984958] {Default Queue}  -> wl_region#50.add(0, 0, 4, 536)
[23:39:42.984959] {Default Queue}  -> wl_surface#47.set_opaque_region(wl_region#50)
[23:39:42.984961] {Default Queue}  -> wl_surface#47.commit()
[23:39:42.984962] {Default Queue}  -> wl_region#50.destroy()
[23:39:42.984963] {Default Queue}  -> wl_compositor#4.create_surface(new id wl_surface#51)
[23:39:42.984965] {Default Queue}  -> wl_subcompositor#5.get_subsurface(new id wl_subsurface#52, wl_surface#51, wl_surface#19)
[23:39:42.984967] {Default Queue}  -> wl_subsurface#52.set_position(-4, 512)
[23:39:42.984968] {Default Queue}  -> wp_viewporter#6.get_viewport(new id wp_viewport#53, wl_surface#51)
[23:39:42.984970] {Default Queue}  -> wp_viewport#53.set_destination(648, 4)
[23:39:42.984971] {Default Queue}  -> wl_surface#51.attach(wl_buffer#38, 0, 0)
[23:39:42.984973] {Default Queue}  -> wl_compositor#4.create_region(new id wl_region#54)
[23:39:42.984975] {Default Queue}  -> wl_region#54.add(0, 0, 648, 4)
[23:39:42.984976] {Default Queue}  -> wl_surface#51.set_opaque_region(wl_region#54)
[23:39:42.984977] {Default Queue}  -> wl_surface#51.commit()
[23:39:42.984978] {Default Queue}  -> wl_region#54.destroy()
[23:39:42.984980] {Default Queue}  -> xdg_toplevel#36.set_min_size(0, 0)
[23:39:42.984982] {Default Queue}  -> xdg_toplevel#36.set_max_size(0, 0)
[23:39:42.984983] {Default Queue}  -> wl_surface#19.commit()
[23:39:42.984985] {Default Queue}  -> wl_display#1.sync(new id wl_callback#55)
[23:39:42.984987] {Default Queue} wl_keyboard#15.repeat_info(40, 400)
[23:39:42.984991] {Default Queue} wl_keyboard#15.keymap(1, fd 40, 35572)
[23:39:42.986665] {Display Queue} wl_display#1.delete_id(34)
[23:39:42.986669] {Display Queue} wl_display#1.delete_id(37)
[23:39:42.986671] {Display Queue} wl_display#1.delete_id(42)
[23:39:42.986672] {Display Queue} wl_display#1.delete_id(46)
[23:39:42.986673] {Display Queue} wl_display#1.delete_id(50)
[23:39:42.986674] {Display Queue} wl_display#1.delete_id(54)
[23:39:42.986675] {Display Queue} wl_display#1.delete_id(55)
[23:39:42.986677] {Default Queue} wl_callback#55.done(39)
[23:39:42.986678] {Default Queue} xdg_toplevel#36.configure(0, 0, array[0])
[23:39:42.986680] {Default Queue} xdg_surface#35.configure(40)
[23:39:42.986682] {Default Queue}  -> xdg_surface#35.ack_configure(40)
[23:39:42.999641] {EGLSurface(19)}  -> wl_surface#19.damage(0, 0, 2147483647, 2147483647)
[23:39:42.999653] {EGLSurface(19)}  -> wl_surface#19.attach(wl_buffer#4278190080, 0, 0)
[23:39:42.999657] {Default Queue}  -> wp_fifo_v1#31.set_barrier()
[23:39:42.999658] {EGLSurface(19)}  -> wl_surface#19.commit()
[23:39:42.999661] {EGLSurface(19)}  -> wl_display#1.sync(new id wl_callback#55)
[23:39:42.999865] {EGLSurface(19/0x55d7d64f9e80)}  -> zwp_linux_dmabuf_v1#27.create_params(new id zwp_linux_buffer_params_v1#54)
[23:39:42.999872] {EGLSurface(19/0x55d7d64f9e80)}  -> zwp_linux_buffer_params_v1#54.add(fd 40, 0, 0, 2560, 50331648, 6316052)
[23:39:42.999875] {EGLSurface(19/0x55d7d64f9e80)}  -> zwp_linux_buffer_params_v1#54.create(640, 512, 875713112, 0)
[23:39:42.999877] {EGLSurface(19/0x55d7d64f9e80)}  -> wl_display#1.sync(new id wl_callback#50)
[23:39:42.999890] {Display Queue} wl_display#1.delete_id(55)
[23:39:42.999983] {Display Queue} wl_display#1.delete_id(50)
[23:39:42.999985] {EGLSurface(19/0x55d7d64f9e80)} zwp_linux_buffer_params_v1#54.created(new id wl_buffer#4278190082)
[23:39:42.999987] {EGLSurface(19/0x55d7d64f9e80)} wl_callback#50.done(42)
[23:39:42.999990] {EGLSurface(19/0x55d7d64f9e80)}  -> zwp_linux_buffer_params_v1#54.destroy()
[23:39:43.000037] {Default Queue} wl_surface#19.enter(wl_output#11)
[23:39:43.000041] {Default Queue} discarded wl_surface#39.enter(wl_output#11)
[23:39:43.000042] {Default Queue} discarded wl_surface#43.enter(wl_output#11)
[23:39:43.000044] {Default Queue} discarded wl_surface#47.enter(wl_output#11)
[23:39:43.000049] {Default Queue} discarded wl_surface#51.enter(wl_output#11)
[23:39:43.000050] {Default Queue} wl_keyboard#15.enter(41, wl_surface#19, array[0])
[23:39:43.000130] {Default Queue} wl_keyboard#15.modifiers(41, 0, 0, 0, 0)
[23:39:43.000134] {Default Queue} wl_data_device#18.data_offer(new id wl_data_offer#4278190081)
[23:39:43.000136] {Default Queue} wl_data_offer#4278190081.offer("text/plain;charset=utf-8")
[23:39:43.000138] {Default Queue} wl_data_device#18.selection(wl_data_offer#4278190081)
[23:39:43.000140] {Default Queue} xdg_toplevel#36.configure(0, 0, array[4])
[23:39:43.000143] {Default Queue} xdg_surface#35.configure(42)
[23:39:43.000145] {Default Queue}  -> xdg_surface#35.ack_configure(42)
[23:39:43.008520] {Display Queue} wl_display#1.delete_id(54)
[23:39:43.008523] {Default Queue} discarded wl_buffer#38.release()
[23:39:43.008525] {Default Queue} wl_pointer#14.enter(44, wl_surface#19, 253.00000000, 131.00000000)
[23:39:43.008530] {Default Queue}  -> wl_shm_pool#3.create_buffer(new id wl_buffer#54, 581632, 32, 32, 128, 0)
[23:39:43.008533] {Default Queue}  -> wl_pointer#14.set_cursor(44, wl_surface#17, 4, 4)
[23:39:43.008535] {Default Queue}  -> wl_surface#17.set_buffer_scale(1)
[23:39:43.008537] {Default Queue}  -> wl_surface#17.attach(wl_buffer#54, 0, 0)
[23:39:43.008539] {Default Queue}  -> wl_surface#17.damage(0, 0, 32, 32)
[23:39:43.008541] {Default Queue}  -> wl_surface#17.commit()
[23:39:43.008678] {Default Queue} xdg_wm_base#12.ping(45)
[23:39:43.008680] {Default Queue}  -> xdg_wm_base#12.pong(45)
[23:39:43.008706] {Default Queue} discarded wl_surface#17.enter(wl_output#11)
[23:39:43.025065] {Default Queue} discarded wl_buffer#54.release()
[23:39:43.279525] {Default Queue}  -> wl_display#1.get_registry(new id wl_registry#2)
[23:39:43.279535] {Default Queue}  -> wl_display#1.sync(new id wl_callback#3)
[23:39:43.279572] {Display Queue} wl_display#1.delete_id(3)
[23:39:43.279574] {Default Queue} wl_registry#2.global(1, "wl_compositor", 5)
[23:39:43.279577] {Default Queue}  -> wl_registry#2.bind(1, "wl_compositor", 2, new id [unknown]#4)
[23:39:43.279581] {Default Queue} wl_registry#2.global(2, "wl_subcompositor", 1)
[23:39:43.279583] {Default Queue} wl_registry#2.global(3, "wp_viewporter", 1)
[23:39:43.279585] {Default Queue} wl_registry#2.global(4, "zxdg_output_manager_v1", 2)
[23:39:43.279586] {Default Queue} wl_registry#2.global(5, "wp_presentation", 2)
[23:39:43.279588] {Default Queue} wl_registry#2.global(6, "wp_single_pixel_buffer_manager_v1", 1)
[23:39:43.279590] {Default Queue} wl_registry#2.global(7, "wp_tearing_control_manager_v1", 1)
[23:39:43.279592] {Default Queue} wl_registry#2.global(8, "wp_fifo_manager_v1", 1)
[23:39:43.279594] {Default Queue} wl_registry#2.global(9, "wp_commit_timing_manager_v1", 1)
[23:39:43.279595] {Default Queue} wl_registry#2.global(10, "wp_alpha_modifier_v1", 1)
[23:39:43.279597] {Default Queue} wl_registry#2.global(11, "zwp_relative_pointer_manager_v1", 1)
[23:39:43.279599] {Default Queue} wl_registry#2.global(12, "zwp_pointer_constraints_v1", 1)
[23:39:43.279601] {Default Queue} wl_registry#2.global(13, "zwp_input_timestamps_manager_v1", 1)
[23:39:43.279602] {Default Queue} wl_registry#2.global(14, "weston_capture_v1", 2)
[23:39:43.279604] {Default Queue} wl_registry#2.global(15, "wl_data_device_manager", 3)
[23:39:43.279606] {Default Queue}  -> wl_registry#2.bind(15, "wl_data_device_manager", 1, new id [unknown]#5)
[23:39:43.279608] {Default Queue} wl_registry#2.global(16, "wl_shm", 2)
[23:39:43.279609] {Default Queue}  -> wl_registry#2.bind(16, "wl_shm", 1, new id [unknown]#6)
[23:39:43.279611] {Default Queue} wl_registry#2.global(17, "weston_debug_v1", 1)
[23:39:43.279612] {Default Queue} wl_registry#2.global(18, "wl_eglstream_display", 1)
[23:39:43.279614] {Default Queue} wl_registry#2.global(19, "wl_drm", 2)
[23:39:43.279616] {Default Queue} wl_registry#2.global(20, "zwp_linux_dmabuf_v1", 5)
[23:39:43.279618] {Default Queue} wl_registry#2.global(21, "zwp_linux_explicit_synchronization_v1", 2)
[23:39:43.279619] {Default Queue} wl_registry#2.global(22, "wp_color_representation_manager_v1", 1)
[23:39:43.279623] {Default Queue} wl_registry#2.global(23, "wl_output", 4)
[23:39:43.279625] {Default Queue} wl_registry#2.global(24, "zwp_input_panel_v1", 1)
[23:39:43.279626] {Default Queue} wl_registry#2.global(25, "zwp_text_input_manager_v1", 1)
[23:39:43.279628] {Default Queue} wl_registry#2.global(26, "xdg_wm_base", 5)
[23:39:43.279630] {Default Queue}  -> wl_registry#2.bind(26, "xdg_wm_base", 1, new id [unknown]#7)
[23:39:43.279632] {Default Queue} wl_registry#2.global(27, "weston_desktop_shell", 1)
[23:39:43.279633] {Default Queue} wl_registry#2.global(28, "wl_seat", 7)
[23:39:43.279635] {Default Queue}  -> wl_registry#2.bind(28, "wl_seat", 2, new id [unknown]#8)
[23:39:43.279637] {Default Queue} wl_registry#2.global(29, "zwp_input_method_v1", 1)
[23:39:43.279639] {Default Queue} wl_callback#3.done(45)
[23:39:43.279640] {Default Queue}  -> wl_display#1.sync(new id wl_callback#3)
[23:39:43.279668] {Display Queue} wl_display#1.delete_id(3)
[23:39:43.279670] {Default Queue} discarded wl_shm#6.format(0)
[23:39:43.279672] {Default Queue} discarded wl_shm#6.format(1)
[23:39:43.279673] {Default Queue} discarded wl_shm#6.format(842093144)
[23:39:43.279676] {Default Queue} discarded wl_shm#6.format(842093121)
[23:39:43.279678] {Default Queue} discarded wl_shm#6.format(842089048)
[23:39:43.279679] {Default Queue} discarded wl_shm#6.format(842089025)
[23:39:43.279680] {Default Queue} discarded wl_shm#6.format(842094674)
[23:39:43.279681] {Default Queue} discarded wl_shm#6.format(842088786)
[23:39:43.279682] {Default Queue} discarded wl_shm#6.format(842094658)
[23:39:43.279683] {Default Queue} discarded wl_shm#6.format(842088770)
[23:39:43.279684] {Default Queue} discarded wl_shm#6.format(892426322)
[23:39:43.279685] {Default Queue} discarded wl_shm#6.format(892420434)
[23:39:43.279686] {Default Queue} discarded wl_shm#6.format(892426306)
[23:39:43.279687] {Default Queue} discarded wl_shm#6.format(892420418)
[23:39:43.279689] {Default Queue} discarded wl_shm#6.format(909199186)
[23:39:43.279690] {Default Queue} discarded wl_shm#6.format(909199170)
[23:39:43.279691] {Default Queue} discarded wl_shm#6.format(875710290)
[23:39:43.279692] {Default Queue} discarded wl_shm#6.format(875710274)
[23:39:43.279693] {Default Queue} discarded wl_shm#6.format(875713112)
[23:39:43.279695] {Default Queue} discarded wl_shm#6.format(875713089)
[23:39:43.279696] {Default Queue} discarded wl_shm#6.format(875709016)
[23:39:43.279697] {Default Queue} discarded wl_shm#6.format(875708993)
[23:39:43.279698] {Default Queue} discarded wl_shm#6.format(875714642)
[23:39:43.279699] {Default Queue} discarded wl_shm#6.format(875708754)
[23:39:43.279700] {Default Queue} discarded wl_shm#6.format(875714626)
[23:39:43.279702] {Default Queue} discarded wl_shm#6.format(875708738)
[23:39:43.279703] {Default Queue} discarded wl_shm#6.format(808669784)
[23:39:43.279704] {Default Queue} discarded wl_shm#6.format(808669761)
[23:39:43.279705] {Default Queue} discarded wl_shm#6.format(808665688)
[23:39:43.279706] {Default Queue} discarded wl_shm#6.format(808665665)
[23:39:43.279707] {Default Queue} discarded wl_shm#6.format(942948952)
[23:39:43.279708] {Default Queue} discarded wl_shm#6.format(942948929)
[23:39:43.279709] {Default Queue} discarded wl_shm#6.format(942953048)
[23:39:43.279714] {Default Queue} discarded wl_shm#6.format(942953025)
[23:39:43.279715] {Default Queue} discarded wl_shm#6.format(1211384408)
[23:39:43.279716] {Default Queue} discarded wl_shm#6.format(1211384385)
[23:39:43.279717] {Default Queue} discarded wl_shm#6.format(1211388504)
[23:39:43.279718] {Default Queue} discarded wl_shm#6.format(1211388481)
[23:39:43.279719] {Default Queue} discarded wl_shm#6.format(1448695129)
[23:39:43.279720] {Default Queue} discarded wl_shm#6.format(1431918169)
[23:39:43.279721] {Default Queue} discarded wl_shm#6.format(1498831189)
[23:39:43.279722] {Default Queue} discarded wl_shm#6.format(1498765654)
[23:39:43.279723] {Default Queue} discarded wl_shm#6.format(842094158)
[23:39:43.279724] {Default Queue} discarded wl_shm#6.format(825382478)
[23:39:43.279726] {Default Queue} discarded wl_shm#6.format(909203022)
[23:39:43.279728] {Default Queue} discarded wl_shm#6.format(825644622)
[23:39:43.279728] {Default Queue} discarded wl_shm#6.format(875714126)
[23:39:43.279730] {Default Queue} discarded wl_shm#6.format(842290766)
[23:39:43.279731] {Default Queue} discarded wl_shm#6.format(808530000)
[23:39:43.279732] {Default Queue} discarded wl_shm#6.format(842084432)
[23:39:43.279733] {Default Queue} discarded wl_shm#6.format(909193296)
[23:39:43.279734] {Default Queue} discarded wl_shm#6.format(842093913)
[23:39:43.279735] {Default Queue} discarded wl_shm#6.format(842094169)
[23:39:43.279736] {Default Queue} discarded wl_shm#6.format(909202777)
[23:39:43.279737] {Default Queue} discarded wl_shm#6.format(909203033)
[23:39:43.279738] {Default Queue} discarded wl_shm#6.format(875713881)
[23:39:43.279738] {Default Queue} discarded wl_shm#6.format(875714137)
[23:39:43.279739] {Default Queue} discarded wl_shm#6.format(1448434008)
[23:39:43.279740] {Default Queue} wl_seat#8.name("cudaterm-test")
[23:39:43.279743] {Default Queue} wl_seat#8.capabilities(3)
[23:39:43.279744] {Default Queue} wl_callback#3.done(45)
[23:39:43.279746] {Default Queue}  -> wl_data_device_manager#5.get_data_device(new id wl_data_device#3, wl_seat#8)
[23:39:43.346052] {Default Queue}  -> wl_data_device_manager#5.create_data_source(new id wl_data_source#9)
[23:39:43.346063] {Default Queue}  -> wl_data_source#9.offer("text/plain")
[23:39:43.346066] {Default Queue}  -> wl_data_source#9.offer("text/plain")
[23:39:43.346068] {Default Queue}  -> wl_data_source#9.offer("text/plain;charset=utf-8")
[23:39:43.346070] {Default Queue}  -> wl_data_source#9.offer("TEXT")
[23:39:43.346071] {Default Queue}  -> wl_data_source#9.offer("STRING")
[23:39:43.346073] {Default Queue}  -> wl_data_source#9.offer("UTF8_STRING")
[23:39:43.346075] {Default Queue}  -> wl_seat#8.get_keyboard(new id wl_keyboard#10)
[23:39:43.346151] {Default Queue} wl_keyboard#10.keymap(1, fd 5, 35572)
[23:39:43.346161] {Default Queue}  -> wl_compositor#4.create_surface(new id wl_surface#11)
[23:39:43.346163] {Default Queue}  -> xdg_wm_base#7.get_xdg_surface(new id xdg_surface#12, wl_surface#11)
[23:39:43.346165] {Default Queue}  -> xdg_surface#12.get_toplevel(new id xdg_toplevel#13)
[23:39:43.346168] {Default Queue}  -> xdg_toplevel#13.set_title("wl-clipboard")
[23:39:43.346169] {Default Queue}  -> xdg_toplevel#13.set_app_id("io.github.bugaevc.wl-clipboard")
[23:39:43.346172] {Default Queue}  -> wl_surface#11.commit()
[23:39:43.346173] {Default Queue}  -> wl_display#1.sync(new id wl_callback#14)
[23:39:43.346205] {Display Queue} wl_display#1.delete_id(14)
[23:39:43.346207] {Default Queue} wl_callback#14.done(45)
[23:39:43.346209] {Default Queue} xdg_toplevel#13.configure(0, 0, array[0])
[23:39:43.346210] {Default Queue} xdg_surface#12.configure(46)
[23:39:43.346212] {Default Queue}  -> xdg_surface#12.ack_configure(46)
[23:39:43.346221] {Default Queue}  -> wl_shm#6.create_pool(new id wl_shm_pool#14, fd 6, 4)
[23:39:43.346225] {Default Queue}  -> wl_shm_pool#14.create_buffer(new id wl_buffer#15, 0, 1, 1, 4, 0)
[23:39:43.346227] {Default Queue}  -> wl_surface#11.attach(wl_buffer#15, 0, 0)
[23:39:43.346229] {Default Queue}  -> wl_surface#11.damage(0, 0, 1, 1)
[23:39:43.346231] {Default Queue}  -> wl_surface#11.commit()
[23:39:43.346264] {Default Queue} wl_keyboard#10.enter(48, wl_surface#11, array[0])
[23:39:43.346266] {Default Queue}  -> wl_data_device#3.set_selection(wl_data_source#9, 48)
[23:39:43.346269] {Default Queue}  -> wl_display#1.sync(new id wl_callback#16)
[23:39:43.346270] {Default Queue} wl_keyboard#10.modifiers(48, 0, 0, 0, 0)
[23:39:43.346272] {Default Queue} wl_data_device#3.data_offer(new id wl_data_offer#4278190080)
[23:39:43.346273] {Default Queue} wl_data_offer#4278190080.offer("text/plain;charset=utf-8")
[23:39:43.346275] {Default Queue} wl_data_device#3.selection(wl_data_offer#4278190080)
[23:39:43.346276] {Default Queue}  -> wl_data_offer#4278190080.destroy()
[23:39:43.346273] {Default Queue} wl_keyboard#15.leave(47, wl_surface#19)
[23:39:43.346278] {Default Queue} xdg_toplevel#13.configure(0, 0, array[4])
[23:39:43.346285] {Default Queue} xdg_surface#12.configure(49)
[23:39:43.346286] {Default Queue}  -> xdg_surface#12.ack_configure(49)
[23:39:43.346309] {Display Queue} wl_display#1.delete_id(16)
[23:39:43.346311] {Default Queue} wl_data_device#3.data_offer(new id wl_data_offer#4278190081)
[23:39:43.346312] {Default Queue} wl_data_offer#4278190081.offer("text/plain")
[23:39:43.346313] {Default Queue} wl_data_offer#4278190081.offer("text/plain")
[23:39:43.346314] {Default Queue} wl_data_offer#4278190081.offer("text/plain;charset=utf-8")
[23:39:43.346316] {Default Queue} wl_data_offer#4278190081.offer("TEXT")
[23:39:43.346317] {Default Queue} wl_data_offer#4278190081.offer("STRING")
[23:39:43.346318] {Default Queue} wl_data_offer#4278190081.offer("UTF8_STRING")
[23:39:43.346320] {Default Queue} wl_data_device#3.selection(wl_data_offer#4278190081)
[23:39:43.346321] {Default Queue}  -> wl_data_offer#4278190081.destroy()
[23:39:43.346322] {Default Queue} wl_data_source#9.send("text/plain", fd 6)
[23:39:43.347167] {Default Queue} wl_callback#16.done(49)
[23:39:43.347171] {Default Queue}  -> xdg_toplevel#13.destroy()
[23:39:43.347172] {Default Queue}  -> xdg_surface#12.destroy()
[23:39:43.347174] {Default Queue}  -> wl_surface#11.destroy()
[23:39:43.347284] {Default Queue} wl_keyboard#15.enter(51, wl_surface#19, array[0])
[23:39:43.347287] {Display Queue} wl_display#1.delete_id(13)
[23:39:43.347297] {Display Queue} wl_display#1.delete_id(12)
[23:39:43.347299] {Display Queue} wl_display#1.delete_id(11)
[23:39:43.347301] {Default Queue} wl_keyboard#10.leave(50, nil)
[23:39:43.347302] {Default Queue} discarded wl_buffer#15.release()
[23:39:43.347304] {Default Queue} wl_keyboard#15.modifiers(51, 0, 0, 0, 0)
[23:39:43.347310] {Default Queue} wl_data_device#18.data_offer(new id wl_data_offer#4278190083)
[23:39:43.347313] {Default Queue} wl_data_offer#4278190083.offer("text/plain")
[23:39:43.347317] {Default Queue} wl_data_offer#4278190083.offer("text/plain")
[23:39:43.347319] {Default Queue} wl_data_offer#4278190083.offer("text/plain;charset=utf-8")
[23:39:43.347321] {Default Queue} wl_data_offer#4278190083.offer("TEXT")
[23:39:43.347324] {Default Queue} wl_data_offer#4278190083.offer("STRING")
[23:39:43.347326] {Default Queue} wl_data_offer#4278190083.offer("UTF8_STRING")
[23:39:43.347330] {Default Queue} wl_data_device#18.selection(wl_data_offer#4278190083)
[23:39:43.347333] {Default Queue}  -> wl_data_offer#4278190081.destroy()
[23:39:43.347337] {Default Queue} xdg_toplevel#36.configure(0, 0, array[4])
[23:39:43.347340] {Default Queue} xdg_surface#35.configure(52)
[23:39:43.347343] {Default Queue}  -> xdg_surface#35.ack_configure(52)
[23:39:43.394271] {Default Queue} wl_keyboard#15.key(53, 1945188258, 29, 1)
[23:39:43.394301] {Default Queue} wl_keyboard#15.modifiers(53, 4, 0, 0, 0)
[23:39:43.394305] {Default Queue} wl_keyboard#15.key(54, 1945188258, 42, 1)
[23:39:43.394308] {Default Queue} wl_keyboard#15.modifiers(54, 5, 0, 0, 0)
[23:39:43.394310] {Default Queue} wl_keyboard#15.key(55, 1945188258, 47, 1)
[23:39:43.394323] {Default Queue}  -> wl_data_offer#4278190083.receive("text/plain;charset=utf-8", fd 68)
[23:39:43.394367] {Default Queue} wl_data_source#9.send("text/plain;charset=utf-8", fd 6)
[23:39:43.395365] {Default Queue} wl_keyboard#15.key(56, 1945188258, 47, 0)
[23:39:43.395370] {Default Queue} wl_keyboard#15.key(57, 1945188258, 42, 0)
[23:39:43.395373] {Default Queue} wl_keyboard#15.modifiers(57, 4, 0, 0, 0)
[23:39:43.395375] {Default Queue} wl_keyboard#15.key(58, 1945188258, 29, 0)
[23:39:43.395377] {Default Queue} wl_keyboard#15.modifiers(58, 0, 0, 0, 0)
[23:39:43.395526] {EGLSurface(19)} wl_callback#55.done(41)
[23:39:43.395725] {EGLSurface(19)}  -> wl_surface#19.damage(0, 0, 2147483647, 2147483647)
[23:39:43.395733] {EGLSurface(19)}  -> wl_surface#19.attach(wl_buffer#4278190082, 0, 0)
[23:39:43.395736] {Default Queue}  -> wp_fifo_v1#31.set_barrier()
[23:39:43.395738] {EGLSurface(19)}  -> wl_surface#19.commit()
[23:39:43.395744] {EGLSurface(19)}  -> wl_display#1.sync(new id wl_callback#55)
[23:39:43.396016] {EGLSurface(19/0x55d7d64f9e80)}  -> zwp_linux_dmabuf_v1#27.create_params(new id zwp_linux_buffer_params_v1#50)
[23:39:43.396023] {EGLSurface(19/0x55d7d64f9e80)}  -> zwp_linux_buffer_params_v1#50.add(fd 40, 0, 0, 2560, 50331648, 6316052)
[23:39:43.396026] {EGLSurface(19/0x55d7d64f9e80)}  -> zwp_linux_buffer_params_v1#50.create(640, 512, 875713112, 0)
[23:39:43.396029] {EGLSurface(19/0x55d7d64f9e80)}  -> wl_display#1.sync(new id wl_callback#46)
[23:39:43.396037] {Display Queue} wl_display#1.delete_id(55)
[23:39:43.396148] {Display Queue} wl_display#1.delete_id(46)
[23:39:43.396154] {EGLSurface(19/0x55d7d64f9e80)} zwp_linux_buffer_params_v1#50.created(new id wl_buffer#4278190081)
[23:39:43.396159] {EGLSurface(19/0x55d7d64f9e80)} wl_callback#46.done(58)
[23:39:43.396163] {EGLSurface(19/0x55d7d64f9e80)}  -> zwp_linux_buffer_params_v1#50.destroy()
[23:39:43.400578] {Default Queue}  -> wl_display#1.sync(new id wl_callback#46)
[23:39:43.400619] {Display Queue} wl_display#1.delete_id(50)
[23:39:43.400627] {Display Queue} wl_display#1.delete_id(46)
[23:39:43.400629] {Default Queue} discarded wl_callback#46.done(58)
[23:39:43.400649] {Default Queue}  -> wl_display#1.sync(new id wl_callback#50)
[23:39:43.400661] {Display Queue} wl_display#1.delete_id(50)
[23:39:43.400663] {Default Queue} discarded wl_callback#50.done(58)
[23:39:43.400686] {Default Queue}  -> wl_display#1.sync(new id wl_callback#42)
[23:39:43.400696] {Display Queue} wl_display#1.delete_id(42)
[23:39:43.400698] {Default Queue} discarded wl_callback#42.done(58)
[23:39:43.400723] {Default Queue}  -> wl_display#1.sync(new id wl_callback#37)
[23:39:43.400735] {Display Queue} wl_display#1.delete_id(37)
[23:39:43.400738] {Default Queue} discarded wl_callback#37.done(58)
[23:39:43.400770] {Default Queue}  -> wl_display#1.sync(new id wl_callback#34)
[23:39:43.400781] {Display Queue} wl_display#1.delete_id(34)
[23:39:43.400783] {Default Queue} discarded wl_callback#34.done(58)
[23:39:43.400813] {Default Queue}  -> wl_display#1.sync(new id wl_callback#56)
[23:39:43.400822] {Display Queue} wl_display#1.delete_id(56)
[23:39:43.400824] {Default Queue} discarded wl_callback#56.done(58)
[23:39:43.400849] {Default Queue}  -> wl_display#1.sync(new id wl_callback#57)
[23:39:43.400858] {Display Queue} wl_display#1.delete_id(57)
[23:39:43.400860] {Default Queue} discarded wl_callback#57.done(58)
[23:39:43.400879] {Default Queue}  -> wl_display#1.sync(new id wl_callback#58)
[23:39:43.400888] {Display Queue} wl_display#1.delete_id(58)
[23:39:43.400889] {Default Queue} discarded wl_callback#58.done(58)
[23:39:43.400902] {Default Queue}  -> wl_display#1.sync(new id wl_callback#59)
[23:39:43.400911] {Display Queue} wl_display#1.delete_id(59)
[23:39:43.400913] {Default Queue} discarded wl_callback#59.done(58)
[23:39:43.400939] {Default Queue}  -> wl_display#1.sync(new id wl_callback#60)
[23:39:43.400948] {Display Queue} wl_display#1.delete_id(60)
[23:39:43.400950] {Default Queue} discarded wl_callback#60.done(58)
[23:39:43.400960] {Default Queue}  -> wl_display#1.sync(new id wl_callback#61)
[23:39:43.400969] {Display Queue} wl_display#1.delete_id(61)
[23:39:43.400970] {Default Queue} discarded wl_callback#61.done(58)
[23:39:43.400994] {Default Queue}  -> wl_display#1.sync(new id wl_callback#62)
[23:39:43.401002] {Display Queue} wl_display#1.delete_id(62)
[23:39:43.401003] {Default Queue} discarded wl_callback#62.done(58)
[23:39:43.401032] {Default Queue}  -> wl_display#1.sync(new id wl_callback#63)
[23:39:43.401041] {Display Queue} wl_display#1.delete_id(63)
[23:39:43.401043] {Default Queue} discarded wl_callback#63.done(58)
[23:39:43.401070] {Default Queue}  -> wl_display#1.sync(new id wl_callback#64)
[23:39:43.401082] {Display Queue} wl_display#1.delete_id(64)
[23:39:43.401084] {Default Queue} discarded wl_callback#64.done(58)
[23:39:43.401097] {Default Queue}  -> wl_display#1.sync(new id wl_callback#65)
[23:39:43.401106] {Display Queue} wl_display#1.delete_id(65)
[23:39:43.401108] {Default Queue} discarded wl_callback#65.done(58)
[23:39:43.401116] {Default Queue}  -> wl_display#1.sync(new id wl_callback#66)
[23:39:43.401123] {Display Queue} wl_display#1.delete_id(66)
[23:39:43.401125] {Default Queue} discarded wl_callback#66.done(58)
[23:39:43.401135] {Default Queue}  -> wl_display#1.sync(new id wl_callback#67)
[23:39:43.401142] {Display Queue} wl_display#1.delete_id(67)
[23:39:43.401144] {Default Queue} discarded wl_callback#67.done(58)
[23:39:43.401153] {Default Queue}  -> wl_display#1.sync(new id wl_callback#68)
[23:39:43.401160] {Display Queue} wl_display#1.delete_id(68)
[23:39:43.401162] {Default Queue} discarded wl_callback#68.done(58)
[23:39:43.401168] {Default Queue}  -> wl_display#1.sync(new id wl_callback#69)
[23:39:43.401176] {Display Queue} wl_display#1.delete_id(69)
[23:39:43.401177] {Default Queue} discarded wl_callback#69.done(58)
[23:39:43.401189] {Default Queue}  -> wl_display#1.sync(new id wl_callback#70)
[23:39:43.401196] {Display Queue} wl_display#1.delete_id(70)
[23:39:43.401198] {Default Queue} discarded wl_callback#70.done(58)
[23:39:43.401224] {Default Queue}  -> wl_display#1.sync(new id wl_callback#71)
[23:39:43.401231] {Display Queue} wl_display#1.delete_id(71)
[23:39:43.401232] {Default Queue} discarded wl_callback#71.done(58)
[23:39:43.401247] {Default Queue}  -> wl_display#1.sync(new id wl_callback#72)
[23:39:43.401254] {Display Queue} wl_display#1.delete_id(72)
[23:39:43.401255] {Default Queue} discarded wl_callback#72.done(58)
[23:39:43.401269] {Default Queue}  -> wl_display#1.sync(new id wl_callback#73)
[23:39:43.401276] {Display Queue} wl_display#1.delete_id(73)
[23:39:43.401277] {Default Queue} discarded wl_callback#73.done(58)
[23:39:43.401286] {Default Queue}  -> wl_display#1.sync(new id wl_callback#74)
[23:39:43.401293] {Display Queue} wl_display#1.delete_id(74)
[23:39:43.401295] {Default Queue} discarded wl_callback#74.done(58)
[23:39:43.401308] {Default Queue}  -> wl_display#1.sync(new id wl_callback#75)
[23:39:43.401315] {Display Queue} wl_display#1.delete_id(75)
[23:39:43.401316] {Default Queue} discarded wl_callback#75.done(58)
[23:39:43.401403] {Default Queue}  -> wl_display#1.sync(new id wl_callback#76)
[23:39:43.401418] {Display Queue} wl_display#1.delete_id(76)
[23:39:43.401419] {Default Queue} discarded wl_callback#76.done(58)
[23:39:43.427795] {Default Queue}  -> wl_display#1.sync(new id wl_callback#77)
[23:39:43.427835] {Display Queue} wl_display#1.delete_id(77)
[23:39:43.427843] {Default Queue} discarded wl_callback#77.done(58)
[23:39:43.427861] {Default Queue}  -> wl_display#1.sync(new id wl_callback#78)
[23:39:43.427872] {Display Queue} wl_display#1.delete_id(78)
[23:39:43.427875] {Default Queue} discarded wl_callback#78.done(58)
[23:39:43.427878] {Default Queue}  -> wl_display#1.sync(new id wl_callback#79)
[23:39:43.428593] {EGLSurface(19/0x55d7d64f9e80)}  -> wl_buffer#4278190081.destroy()
[23:39:43.428636] {EGLSurface(19/0x55d7d64f9e80)}  -> wl_buffer#4278190082.destroy()
[23:39:43.428667] {EGLSurface(19/0x55d7d64f9e80)}  -> wl_buffer#4278190080.destroy()
[23:39:43.428695] {EGLSurface(19)}  -> zwp_linux_dmabuf_feedback_v1#33.destroy()
[23:39:43.428703] {Default Queue}  -> wp_fifo_v1#31.destroy()
[23:39:43.428706] {Default Queue}  -> wp_commit_timer_v1#32.destroy()
[23:39:43.428994] {Default Queue}  -> wl_subsurface#40.destroy()
[23:39:43.429003] {Default Queue}  -> wl_surface#39.destroy()
[23:39:43.429007] {Default Queue}  -> wp_viewport#41.destroy()
[23:39:43.429009] {Default Queue}  -> wl_subsurface#44.destroy()
[23:39:43.429011] {Default Queue}  -> wl_surface#43.destroy()
[23:39:43.429012] {Default Queue}  -> wp_viewport#45.destroy()
[23:39:43.429014] {Default Queue}  -> wl_subsurface#48.destroy()
[23:39:43.429016] {Default Queue}  -> wl_surface#47.destroy()
[23:39:43.429018] {Default Queue}  -> wp_viewport#49.destroy()
[23:39:43.429019] {Default Queue}  -> wl_subsurface#52.destroy()
[23:39:43.429022] {Default Queue}  -> wl_surface#51.destroy()
[23:39:43.429024] {Default Queue}  -> wp_viewport#53.destroy()
[23:39:43.429026] {Default Queue}  -> xdg_toplevel#36.destroy()
[23:39:43.429031] {Default Queue}  -> xdg_surface#35.destroy()
[23:39:43.429033] {Default Queue}  -> wl_buffer#38.destroy()
[23:39:43.429036] {Default Queue}  -> wl_surface#19.destroy()
[23:39:43.429060] {Default Queue}  -> zwp_linux_dmabuf_v1#27.destroy()
[23:39:43.429398] {Default Queue}  -> wl_buffer#54.destroy()
[23:39:43.429434] {Default Queue}  -> wl_shm_pool#3.destroy()
[23:39:43.429486] {Default Queue}  -> wl_shm_pool#16.destroy()
[23:39:43.429502] {Default Queue}  -> wl_surface#17.destroy()
[23:39:43.429504] {Default Queue}  -> wl_subcompositor#5.destroy()
[23:39:43.429506] {Default Queue}  -> wp_viewporter#6.destroy()
[23:39:43.429508] {Default Queue}  -> xdg_wm_base#12.destroy()
[23:39:43.429510] {Default Queue}  -> wl_data_offer#4278190083.destroy()
[23:39:43.429515] {Default Queue}  -> zwp_relative_pointer_manager_v1#7.destroy()
[23:39:43.429518] {Default Queue}  -> zwp_pointer_constraints_v1#8.destroy()
[23:39:43.500454] {Default Queue}  -> wl_display#1.get_registry(new id wl_registry#2)
[23:39:43.500469] {Default Queue}  -> wl_display#1.sync(new id wl_callback#3)
[23:39:43.500506] {Display Queue} wl_display#1.delete_id(3)
[23:39:43.500510] {Default Queue} wl_registry#2.global(1, "wl_compositor", 5)
[23:39:43.500513] {Default Queue}  -> wl_registry#2.bind(1, "wl_compositor", 3, new id [unknown]#4)
[23:39:43.500516] {Default Queue} wl_registry#2.global(2, "wl_subcompositor", 1)
[23:39:43.500518] {Default Queue}  -> wl_registry#2.bind(2, "wl_subcompositor", 1, new id [unknown]#5)
[23:39:43.500520] {Default Queue} wl_registry#2.global(3, "wp_viewporter", 1)
[23:39:43.500522] {Default Queue}  -> wl_registry#2.bind(3, "wp_viewporter", 1, new id [unknown]#6)
[23:39:43.500525] {Default Queue} wl_registry#2.global(4, "zxdg_output_manager_v1", 2)
[23:39:43.500526] {Default Queue} wl_registry#2.global(5, "wp_presentation", 2)
[23:39:43.500528] {Default Queue} wl_registry#2.global(6, "wp_single_pixel_buffer_manager_v1", 1)
[23:39:43.500530] {Default Queue} wl_registry#2.global(7, "wp_tearing_control_manager_v1", 1)
[23:39:43.500532] {Default Queue} wl_registry#2.global(8, "wp_fifo_manager_v1", 1)
[23:39:43.500534] {Default Queue} wl_registry#2.global(9, "wp_commit_timing_manager_v1", 1)
[23:39:43.500536] {Default Queue} wl_registry#2.global(10, "wp_alpha_modifier_v1", 1)
[23:39:43.500538] {Default Queue} wl_registry#2.global(11, "zwp_relative_pointer_manager_v1", 1)
[23:39:43.500540] {Default Queue}  -> wl_registry#2.bind(11, "zwp_relative_pointer_manager_v1", 1, new id [unknown]#7)
[23:39:43.500542] {Default Queue} wl_registry#2.global(12, "zwp_pointer_constraints_v1", 1)
[23:39:43.500544] {Default Queue}  -> wl_registry#2.bind(12, "zwp_pointer_constraints_v1", 1, new id [unknown]#8)
[23:39:43.500546] {Default Queue} wl_registry#2.global(13, "zwp_input_timestamps_manager_v1", 1)
[23:39:43.500548] {Default Queue} wl_registry#2.global(14, "weston_capture_v1", 2)
[23:39:43.500549] {Default Queue} wl_registry#2.global(15, "wl_data_device_manager", 3)
[23:39:43.500551] {Default Queue}  -> wl_registry#2.bind(15, "wl_data_device_manager", 1, new id [unknown]#9)
[23:39:43.500553] {Default Queue} wl_registry#2.global(16, "wl_shm", 2)
[23:39:43.500555] {Default Queue}  -> wl_registry#2.bind(16, "wl_shm", 1, new id [unknown]#10)
[23:39:43.500557] {Default Queue} wl_registry#2.global(17, "weston_debug_v1", 1)
[23:39:43.500559] {Default Queue} wl_registry#2.global(18, "wl_eglstream_display", 1)
[23:39:43.500562] {Default Queue} wl_registry#2.global(19, "wl_drm", 2)
[23:39:43.500564] {Default Queue} wl_registry#2.global(20, "zwp_linux_dmabuf_v1", 5)
[23:39:43.500565] {Default Queue} wl_registry#2.global(21, "zwp_linux_explicit_synchronization_v1", 2)
[23:39:43.500567] {Default Queue} wl_registry#2.global(22, "wp_color_representation_manager_v1", 1)
[23:39:43.500569] {Default Queue} wl_registry#2.global(23, "wl_output", 4)
[23:39:43.500571] {Default Queue}  -> wl_registry#2.bind(23, "wl_output", 4, new id [unknown]#11)
[23:39:43.500574] {Default Queue} wl_registry#2.global(24, "zwp_input_panel_v1", 1)
[23:39:43.500579] {Default Queue} wl_registry#2.global(25, "zwp_text_input_manager_v1", 1)
[23:39:43.500580] {Default Queue} wl_registry#2.global(26, "xdg_wm_base", 5)
[23:39:43.500582] {Default Queue}  -> wl_registry#2.bind(26, "xdg_wm_base", 1, new id [unknown]#12)
[23:39:43.500585] {Default Queue} wl_registry#2.global(27, "weston_desktop_shell", 1)
[23:39:43.500587] {Default Queue} wl_registry#2.global(28, "wl_seat", 7)
[23:39:43.500589] {Default Queue}  -> wl_registry#2.bind(28, "wl_seat", 4, new id [unknown]#13)
[23:39:43.500591] {Default Queue} wl_registry#2.global(29, "zwp_input_method_v1", 1)
[23:39:43.500592] {Default Queue} wl_callback#3.done(59)
[23:39:43.500595] {Default Queue}  -> wl_display#1.sync(new id wl_callback#3)
[23:39:43.500624] {Display Queue} wl_display#1.delete_id(3)
[23:39:43.500626] {Default Queue} discarded wl_shm#10.format(0)
[23:39:43.500628] {Default Queue} discarded wl_shm#10.format(1)
[23:39:43.500629] {Default Queue} discarded wl_shm#10.format(842093144)
[23:39:43.500631] {Default Queue} discarded wl_shm#10.format(842093121)
[23:39:43.500632] {Default Queue} discarded wl_shm#10.format(842089048)
[23:39:43.500634] {Default Queue} discarded wl_shm#10.format(842089025)
[23:39:43.500635] {Default Queue} discarded wl_shm#10.format(842094674)
[23:39:43.500636] {Default Queue} discarded wl_shm#10.format(842088786)
[23:39:43.500637] {Default Queue} discarded wl_shm#10.format(842094658)
[23:39:43.500639] {Default Queue} discarded wl_shm#10.format(842088770)
[23:39:43.500640] {Default Queue} discarded wl_shm#10.format(892426322)
[23:39:43.500641] {Default Queue} discarded wl_shm#10.format(892420434)
[23:39:43.500643] {Default Queue} discarded wl_shm#10.format(892426306)
[23:39:43.500644] {Default Queue} discarded wl_shm#10.format(892420418)
[23:39:43.500645] {Default Queue} discarded wl_shm#10.format(909199186)
[23:39:43.500647] {Default Queue} discarded wl_shm#10.format(909199170)
[23:39:43.500649] {Default Queue} discarded wl_shm#10.format(875710290)
[23:39:43.500650] {Default Queue} discarded wl_shm#10.format(875710274)
[23:39:43.500652] {Default Queue} discarded wl_shm#10.format(875713112)
[23:39:43.500653] {Default Queue} discarded wl_shm#10.format(875713089)
[23:39:43.500655] {Default Queue} discarded wl_shm#10.format(875709016)
[23:39:43.500656] {Default Queue} discarded wl_shm#10.format(875708993)
[23:39:43.500657] {Default Queue} discarded wl_shm#10.format(875714642)
[23:39:43.500658] {Default Queue} discarded wl_shm#10.format(875708754)
[23:39:43.500660] {Default Queue} discarded wl_shm#10.format(875714626)
[23:39:43.500661] {Default Queue} discarded wl_shm#10.format(875708738)
[23:39:43.500662] {Default Queue} discarded wl_shm#10.format(808669784)
[23:39:43.500663] {Default Queue} discarded wl_shm#10.format(808669761)
[23:39:43.500664] {Default Queue} discarded wl_shm#10.format(808665688)
[23:39:43.500666] {Default Queue} discarded wl_shm#10.format(808665665)
[23:39:43.500667] {Default Queue} discarded wl_shm#10.format(942948952)
[23:39:43.500668] {Default Queue} discarded wl_shm#10.format(942948929)
[23:39:43.500669] {Default Queue} discarded wl_shm#10.format(942953048)
[23:39:43.500671] {Default Queue} discarded wl_shm#10.format(942953025)
[23:39:43.500674] {Default Queue} discarded wl_shm#10.format(1211384408)
[23:39:43.500675] {Default Queue} discarded wl_shm#10.format(1211384385)
[23:39:43.500677] {Default Queue} discarded wl_shm#10.format(1211388504)
[23:39:43.500678] {Default Queue} discarded wl_shm#10.format(1211388481)
[23:39:43.500679] {Default Queue} discarded wl_shm#10.format(1448695129)
[23:39:43.500681] {Default Queue} discarded wl_shm#10.format(1431918169)
[23:39:43.500682] {Default Queue} discarded wl_shm#10.format(1498831189)
[23:39:43.500684] {Default Queue} discarded wl_shm#10.format(1498765654)
[23:39:43.500685] {Default Queue} discarded wl_shm#10.format(842094158)
[23:39:43.500687] {Default Queue} discarded wl_shm#10.format(825382478)
[23:39:43.500688] {Default Queue} discarded wl_shm#10.format(909203022)
[23:39:43.500689] {Default Queue} discarded wl_shm#10.format(825644622)
[23:39:43.500692] {Default Queue} discarded wl_shm#10.format(875714126)
[23:39:43.500694] {Default Queue} discarded wl_shm#10.format(842290766)
[23:39:43.500695] {Default Queue} discarded wl_shm#10.format(808530000)
[23:39:43.500697] {Default Queue} discarded wl_shm#10.format(842084432)
[23:39:43.500699] {Default Queue} discarded wl_shm#10.format(909193296)
[23:39:43.500700] {Default Queue} discarded wl_shm#10.format(842093913)
[23:39:43.500702] {Default Queue} discarded wl_shm#10.format(842094169)
[23:39:43.500703] {Default Queue} discarded wl_shm#10.format(909202777)
[23:39:43.500704] {Default Queue} discarded wl_shm#10.format(909203033)
[23:39:43.500705] {Default Queue} discarded wl_shm#10.format(875713881)
[23:39:43.500707] {Default Queue} discarded wl_shm#10.format(875714137)
[23:39:43.500708] {Default Queue} discarded wl_shm#10.format(1448434008)
[23:39:43.500714] {Default Queue} wl_output#11.geometry(0, 0, 1200, 900, 0, "weston", "headless", 0)
[23:39:43.500718] {Default Queue} wl_output#11.scale(1)
[23:39:43.500721] {Default Queue} wl_output#11.mode(3, 1200, 900, 60000)
[23:39:43.500724] {Default Queue} wl_output#11.name("headless")
[23:39:43.500725] {Default Queue} wl_output#11.description("headless")
[23:39:43.500727] {Default Queue} wl_output#11.done()
[23:39:43.500729] {Default Queue} wl_seat#13.name("cudaterm-test")
[23:39:43.500730] {Default Queue} wl_seat#13.capabilities(3)
[23:39:43.500732] {Default Queue}  -> wl_seat#13.get_pointer(new id wl_pointer#14)
[23:39:43.500733] {Default Queue}  -> wl_seat#13.get_keyboard(new id wl_keyboard#15)
[23:39:43.500735] {Default Queue} wl_callback#3.done(59)
[23:39:43.500753] {Default Queue}  -> wl_shm#10.create_pool(new id wl_shm_pool#3, fd 40, 1296)
[23:39:43.500977] {Default Queue}  -> wl_shm_pool#3.resize(6688)
[23:39:43.500985] {Default Queue}  -> wl_shm_pool#3.resize(17472)
[23:39:43.500993] {Default Queue}  -> wl_shm_pool#3.resize(39040)
[23:39:43.501004] {Default Queue}  -> wl_shm_pool#3.resize(82176)
[23:39:43.501022] {Default Queue}  -> wl_shm_pool#3.resize(168448)
[23:39:43.501263] {Default Queue}  -> wl_shm_pool#3.resize(340992)
[23:39:43.501653] {Default Queue}  -> wl_shm_pool#3.resize(686080)
[23:39:43.502571] {Default Queue}  -> wl_shm_pool#3.resize(1376256)
[23:39:43.503800] {Default Queue}  -> wl_shm#10.create_pool(new id wl_shm_pool#16, fd 42, 5184)
[23:39:43.504039] {Default Queue}  -> wl_shm_pool#16.resize(14464)
[23:39:43.504052] {Default Queue}  -> wl_shm_pool#16.resize(33024)
[23:39:43.504063] {Default Queue}  -> wl_shm_pool#16.resize(70144)
[23:39:43.504078] {Default Queue}  -> wl_shm_pool#16.resize(144384)
[23:39:43.504320] {Default Queue}  -> wl_shm_pool#16.resize(292864)
[23:39:43.504588] {Default Queue}  -> wl_shm_pool#16.resize(589824)
[23:39:43.505606] {Default Queue}  -> wl_shm_pool#16.resize(1183744)
[23:39:43.506812] {Default Queue}  -> wl_compositor#4.create_surface(new id wl_surface#17)
[23:39:43.506817] {Default Queue}  -> wl_data_device_manager#9.get_data_device(new id wl_data_device#18, wl_seat#13)
[23:39:43.507213] {Default Queue}  -> wl_compositor#4.create_surface(new id wl_surface#19)
[23:39:43.507215] {Default Queue}  -> wl_compositor#4.create_region(new id wl_region#20)
[23:39:43.507217] {Default Queue}  -> wl_region#20.add(0, 0, 640, 512)
[23:39:43.507219] {Default Queue}  -> wl_surface#19.set_opaque_region(wl_region#20)
[23:39:43.507221] {Default Queue}  -> wl_region#20.destroy()
[23:39:43.514593]  -> wl_display#1.get_registry(new id wl_registry#21)
[23:39:43.514604]  -> wl_display#1.sync(new id wl_callback#22)
[23:39:43.514756] {Display Queue} wl_display#1.delete_id(20)
[23:39:43.514759] {Display Queue} wl_display#1.delete_id(22)
[23:39:43.514761] wl_registry#21.global(1, "wl_compositor", 5)
[23:39:43.514764] wl_registry#21.global(2, "wl_subcompositor", 1)
[23:39:43.514767] wl_registry#21.global(3, "wp_viewporter", 1)
[23:39:43.514768] wl_registry#21.global(4, "zxdg_output_manager_v1", 2)
[23:39:43.514770] wl_registry#21.global(5, "wp_presentation", 2)
[23:39:43.514774] wl_registry#21.global(6, "wp_single_pixel_buffer_manager_v1", 1)
[23:39:43.514779] wl_registry#21.global(7, "wp_tearing_control_manager_v1", 1)
[23:39:43.514780] wl_registry#21.global(8, "wp_fifo_manager_v1", 1)
[23:39:43.514782] wl_registry#21.global(9, "wp_commit_timing_manager_v1", 1)
[23:39:43.514784] wl_registry#21.global(10, "wp_alpha_modifier_v1", 1)
[23:39:43.514786] wl_registry#21.global(11, "zwp_relative_pointer_manager_v1", 1)
[23:39:43.514788] wl_registry#21.global(12, "zwp_pointer_constraints_v1", 1)
[23:39:43.514789] wl_registry#21.global(13, "zwp_input_timestamps_manager_v1", 1)
[23:39:43.514791] wl_registry#21.global(14, "weston_capture_v1", 2)
[23:39:43.514793] wl_registry#21.global(15, "wl_data_device_manager", 3)
[23:39:43.514796] wl_registry#21.global(16, "wl_shm", 2)
[23:39:43.514798] wl_registry#21.global(17, "weston_debug_v1", 1)
[23:39:43.514799] wl_registry#21.global(18, "wl_eglstream_display", 1)
[23:39:43.514801] wl_registry#21.global(19, "wl_drm", 2)
[23:39:43.514803] wl_registry#21.global(20, "zwp_linux_dmabuf_v1", 5)
[23:39:43.514805] wl_registry#21.global(21, "zwp_linux_explicit_synchronization_v1", 2)
[23:39:43.514806] wl_registry#21.global(22, "wp_color_representation_manager_v1", 1)
[23:39:43.514808] wl_registry#21.global(23, "wl_output", 4)
[23:39:43.514810] wl_registry#21.global(24, "zwp_input_panel_v1", 1)
[23:39:43.514811] wl_registry#21.global(25, "zwp_text_input_manager_v1", 1)
[23:39:43.514814] wl_registry#21.global(26, "xdg_wm_base", 5)
[23:39:43.514815] wl_registry#21.global(27, "weston_desktop_shell", 1)
[23:39:43.514817] wl_registry#21.global(28, "wl_seat", 7)
[23:39:43.514820] wl_registry#21.global(29, "zwp_input_method_v1", 1)
[23:39:43.514821] wl_callback#22.done(59)
[23:39:43.514824]  -> wl_registry#21.bind(20, "zwp_linux_dmabuf_v1", 4, new id [unknown]#22)
[23:39:43.514827]  -> zwp_linux_dmabuf_v1#22.get_default_feedback(new id zwp_linux_dmabuf_feedback_v1#20)
[23:39:43.514829]  -> wl_display#1.sync(new id wl_callback#23)
[23:39:43.514849] {Display Queue} wl_display#1.delete_id(23)
[23:39:43.514851] zwp_linux_dmabuf_feedback_v1#20.format_table(fd 42, 9408)
[23:39:43.514856] zwp_linux_dmabuf_feedback_v1#20.main_device(array[8])
[23:39:43.514858] zwp_linux_dmabuf_feedback_v1#20.tranche_target_device(array[8])
[23:39:43.514860] zwp_linux_dmabuf_feedback_v1#20.tranche_flags(0)
[23:39:43.514861] zwp_linux_dmabuf_feedback_v1#20.tranche_formats(array[1176])
[23:39:43.514866] zwp_linux_dmabuf_feedback_v1#20.tranche_done()
[23:39:43.514868] zwp_linux_dmabuf_feedback_v1#20.done()
[23:39:43.514870] wl_callback#23.done(59)
[23:39:43.514871]  -> zwp_linux_dmabuf_feedback_v1#20.destroy()
[23:39:43.514922]  -> wl_registry#21.bind(19, "wl_drm", 1, new id [unknown]#23)
[23:39:43.514925]  -> wl_display#1.sync(new id wl_callback#24)
[23:39:43.514936] {Display Queue} wl_display#1.delete_id(20)
[23:39:43.514938] {Display Queue} wl_display#1.delete_id(24)
[23:39:43.514939] wl_drm#23.device("/dev/dri/renderD129")
[23:39:43.514941] wl_callback#24.done(59)
[23:39:43.517670]  -> wl_registry#21.bind(5, "wp_presentation", 2, new id [unknown]#24)
[23:39:43.517679]  -> wl_display#1.sync(new id wl_callback#20)
[23:39:43.517702] {Display Queue} wl_display#1.delete_id(20)
[23:39:43.517706] wp_presentation#24.clock_id(4)
[23:39:43.517708] wl_callback#20.done(59)
[23:39:43.517714] {Default Queue}  -> wl_registry#21.bind(8, "wp_fifo_manager_v1", 1, new id [unknown]#20)
[23:39:43.517716] {Default Queue}  -> wl_registry#21.bind(9, "wp_commit_timing_manager_v1", 1, new id [unknown]#25)
[23:39:43.517796] {Default Queue}  -> zwp_linux_dmabuf_v1#22.destroy()
[23:39:43.517863]  -> wl_display#1.get_registry(new id wl_registry#26)
[23:39:43.517867]  -> wl_display#1.sync(new id wl_callback#27)
[23:39:43.517894] {Display Queue} wl_display#1.delete_id(22)
[23:39:43.517897] {Display Queue} wl_display#1.delete_id(27)
[23:39:43.517899] wl_registry#26.global(1, "wl_compositor", 5)
[23:39:43.517900] wl_registry#26.global(2, "wl_subcompositor", 1)
[23:39:43.517903] wl_registry#26.global(3, "wp_viewporter", 1)
[23:39:43.517904] wl_registry#26.global(4, "zxdg_output_manager_v1", 2)
[23:39:43.517908] wl_registry#26.global(5, "wp_presentation", 2)
[23:39:43.517910] wl_registry#26.global(6, "wp_single_pixel_buffer_manager_v1", 1)
[23:39:43.517912] wl_registry#26.global(7, "wp_tearing_control_manager_v1", 1)
[23:39:43.517914] wl_registry#26.global(8, "wp_fifo_manager_v1", 1)
[23:39:43.517916] wl_registry#26.global(9, "wp_commit_timing_manager_v1", 1)
[23:39:43.517918] wl_registry#26.global(10, "wp_alpha_modifier_v1", 1)
[23:39:43.517919] wl_registry#26.global(11, "zwp_relative_pointer_manager_v1", 1)
[23:39:43.517922] wl_registry#26.global(12, "zwp_pointer_constraints_v1", 1)
[23:39:43.517925] wl_registry#26.global(13, "zwp_input_timestamps_manager_v1", 1)
[23:39:43.517928] wl_registry#26.global(14, "weston_capture_v1", 2)
[23:39:43.517931] wl_registry#26.global(15, "wl_data_device_manager", 3)
[23:39:43.517934] wl_registry#26.global(16, "wl_shm", 2)
[23:39:43.517937] wl_registry#26.global(17, "weston_debug_v1", 1)
[23:39:43.517938] wl_registry#26.global(18, "wl_eglstream_display", 1)
[23:39:43.517941] wl_registry#26.global(19, "wl_drm", 2)
[23:39:43.517944] wl_registry#26.global(20, "zwp_linux_dmabuf_v1", 5)
[23:39:43.517946] wl_registry#26.global(21, "zwp_linux_explicit_synchronization_v1", 2)
[23:39:43.517948] wl_registry#26.global(22, "wp_color_representation_manager_v1", 1)
[23:39:43.517952] wl_registry#26.global(23, "wl_output", 4)
[23:39:43.517953] wl_registry#26.global(24, "zwp_input_panel_v1", 1)
[23:39:43.517955] wl_registry#26.global(25, "zwp_text_input_manager_v1", 1)
[23:39:43.517956] wl_registry#26.global(26, "xdg_wm_base", 5)
[23:39:43.517958] wl_registry#26.global(27, "weston_desktop_shell", 1)
[23:39:43.517961] wl_registry#26.global(28, "wl_seat", 7)
[23:39:43.517962] wl_registry#26.global(29, "zwp_input_method_v1", 1)
[23:39:43.517964] wl_callback#27.done(59)
[23:39:43.517966]  -> wl_registry#26.bind(20, "zwp_linux_dmabuf_v1", 4, new id [unknown]#27)
[23:39:43.517969]  -> zwp_linux_dmabuf_v1#27.get_default_feedback(new id zwp_linux_dmabuf_feedback_v1#22)
[23:39:43.517972]  -> wl_display#1.sync(new id wl_callback#28)
[23:39:43.517989] {Display Queue} wl_display#1.delete_id(28)
[23:39:43.517991] zwp_linux_dmabuf_feedback_v1#22.format_table(fd 42, 9408)
[23:39:43.517998] zwp_linux_dmabuf_feedback_v1#22.main_device(array[8])
[23:39:43.518000] zwp_linux_dmabuf_feedback_v1#22.tranche_target_device(array[8])
[23:39:43.518001] zwp_linux_dmabuf_feedback_v1#22.tranche_flags(0)
[23:39:43.518003] zwp_linux_dmabuf_feedback_v1#22.tranche_formats(array[1176])
[23:39:43.518007] zwp_linux_dmabuf_feedback_v1#22.tranche_done()
[23:39:43.518010] zwp_linux_dmabuf_feedback_v1#22.done()
[23:39:43.518011] wl_callback#28.done(59)
[23:39:43.518012]  -> zwp_linux_dmabuf_feedback_v1#22.destroy()
[23:39:43.518060]  -> wl_registry#26.bind(19, "wl_drm", 1, new id [unknown]#28)
[23:39:43.518063]  -> wl_display#1.sync(new id wl_callback#29)
[23:39:43.518072] {Display Queue} wl_display#1.delete_id(22)
[23:39:43.518074] {Display Queue} wl_display#1.delete_id(29)
[23:39:43.518075] wl_drm#28.device("/dev/dri/renderD129")
[23:39:43.518077] wl_callback#29.done(59)
[23:39:43.518362]  -> wl_registry#26.bind(5, "wp_presentation", 2, new id [unknown]#29)
[23:39:43.518368]  -> wl_display#1.sync(new id wl_callback#22)
[23:39:43.518381] {Display Queue} wl_display#1.delete_id(22)
[23:39:43.518384] wp_presentation#29.clock_id(4)
[23:39:43.518385] wl_callback#22.done(59)
[23:39:43.518389] {Default Queue}  -> wl_registry#26.bind(8, "wp_fifo_manager_v1", 1, new id [unknown]#22)
[23:39:43.518391] {Default Queue}  -> wl_registry#26.bind(9, "wp_commit_timing_manager_v1", 1, new id [unknown]#30)
[23:39:43.523724] {Default Queue}  -> wp_fifo_manager_v1#22.get_fifo(new id wp_fifo_v1#31, wl_surface#19)
[23:39:43.523732] {Default Queue}  -> wp_commit_timing_manager_v1#30.get_timer(new id wp_commit_timer_v1#32, wl_surface#19)
[23:39:43.523736] {EGLSurface(19)}  -> zwp_linux_dmabuf_v1#27.get_surface_feedback(new id zwp_linux_dmabuf_feedback_v1#33, wl_surface#19)
[23:39:43.523739] {EGLSurface(19)}  -> wl_display#1.sync(new id wl_callback#34)
[23:39:43.523775] {Display Queue} wl_display#1.delete_id(34)
[23:39:43.523778] {EGLSurface(19)} zwp_linux_dmabuf_feedback_v1#33.format_table(fd 59, 9408)
[23:39:43.523785] {EGLSurface(19)} zwp_linux_dmabuf_feedback_v1#33.main_device(array[8])
[23:39:43.523787] {EGLSurface(19)} zwp_linux_dmabuf_feedback_v1#33.tranche_target_device(array[8])
[23:39:43.523788] {EGLSurface(19)} zwp_linux_dmabuf_feedback_v1#33.tranche_flags(0)
[23:39:43.523790] {EGLSurface(19)} zwp_linux_dmabuf_feedback_v1#33.tranche_formats(array[1176])
[23:39:43.523794] {EGLSurface(19)} zwp_linux_dmabuf_feedback_v1#33.tranche_done()
[23:39:43.523796] {EGLSurface(19)} zwp_linux_dmabuf_feedback_v1#33.done()
[23:39:43.523798] {EGLSurface(19)} wl_callback#34.done(59)
[23:39:43.523916] {EGLSurface(19/0x55eac4ed0ef0)}  -> zwp_linux_dmabuf_v1#27.create_params(new id zwp_linux_buffer_params_v1#34)
[23:39:43.523923] {EGLSurface(19/0x55eac4ed0ef0)}  -> zwp_linux_buffer_params_v1#34.add(fd 60, 0, 0, 2560, 50331648, 6316052)
[23:39:43.523926] {EGLSurface(19/0x55eac4ed0ef0)}  -> zwp_linux_buffer_params_v1#34.create(640, 512, 875713112, 0)
[23:39:43.523928] {EGLSurface(19/0x55eac4ed0ef0)}  -> wl_display#1.sync(new id wl_callback#35)
[23:39:43.524033] {Display Queue} wl_display#1.delete_id(35)
[23:39:43.524035] {EGLSurface(19/0x55eac4ed0ef0)} zwp_linux_buffer_params_v1#34.created(new id wl_buffer#4278190080)
[23:39:43.524037] {EGLSurface(19/0x55eac4ed0ef0)} wl_callback#35.done(59)
[23:39:43.524039] {EGLSurface(19/0x55eac4ed0ef0)}  -> zwp_linux_buffer_params_v1#34.destroy()
[23:39:43.544494] {Default Queue}  -> xdg_wm_base#12.get_xdg_surface(new id xdg_surface#35, wl_surface#19)
[23:39:43.544506] {Default Queue}  -> xdg_surface#35.get_toplevel(new id xdg_toplevel#36)
[23:39:43.544509] {Default Queue}  -> xdg_toplevel#36.set_app_id("cudaterm")
[23:39:43.544511] {Default Queue}  -> xdg_toplevel#36.set_title("cudaterm")
[23:39:43.544523] {Default Queue}  -> wl_shm#10.create_pool(new id wl_shm_pool#37, fd 70, 4)
[23:39:43.544528] {Default Queue}  -> wl_shm_pool#37.create_buffer(new id wl_buffer#38, 0, 1, 1, 4, 0)
[23:39:43.544534] {Default Queue}  -> wl_shm_pool#37.destroy()
[23:39:43.544537] {Default Queue}  -> wl_compositor#4.create_surface(new id wl_surface#39)
[23:39:43.544540] {Default Queue}  -> wl_subcompositor#5.get_subsurface(new id wl_subsurface#40, wl_surface#39, wl_surface#19)
[23:39:43.544544] {Default Queue}  -> wl_subsurface#40.set_position(0, -24)
[23:39:43.544547] {Default Queue}  -> wp_viewporter#6.get_viewport(new id wp_viewport#41, wl_surface#39)
[23:39:43.544551] {Default Queue}  -> wp_viewport#41.set_destination(640, 24)
[23:39:43.544553] {Default Queue}  -> wl_surface#39.attach(wl_buffer#38, 0, 0)
[23:39:43.544555] {Default Queue}  -> wl_compositor#4.create_region(new id wl_region#42)
[23:39:43.544557] {Default Queue}  -> wl_region#42.add(0, 0, 640, 24)
[23:39:43.544559] {Default Queue}  -> wl_surface#39.set_opaque_region(wl_region#42)
[23:39:43.544562] {Default Queue}  -> wl_surface#39.commit()
[23:39:43.544564] {Default Queue}  -> wl_region#42.destroy()
[23:39:43.544566] {Default Queue}  -> wl_compositor#4.create_surface(new id wl_surface#43)
[23:39:43.544570] {Default Queue}  -> wl_subcompositor#5.get_subsurface(new id wl_subsurface#44, wl_surface#43, wl_surface#19)
[23:39:43.544571] {Default Queue}  -> wl_subsurface#44.set_position(-4, -24)
[23:39:43.544573] {Default Queue}  -> wp_viewporter#6.get_viewport(new id wp_viewport#45, wl_surface#43)
[23:39:43.544575] {Default Queue}  -> wp_viewport#45.set_destination(4, 536)
[23:39:43.544579] {Default Queue}  -> wl_surface#43.attach(wl_buffer#38, 0, 0)
[23:39:43.544581] {Default Queue}  -> wl_compositor#4.create_region(new id wl_region#46)
[23:39:43.544583] {Default Queue}  -> wl_region#46.add(0, 0, 4, 536)
[23:39:43.544586] {Default Queue}  -> wl_surface#43.set_opaque_region(wl_region#46)
[23:39:43.544588] {Default Queue}  -> wl_surface#43.commit()
[23:39:43.544591] {Default Queue}  -> wl_region#46.destroy()
[23:39:43.544592] {Default Queue}  -> wl_compositor#4.create_surface(new id wl_surface#47)
[23:39:43.544595] {Default Queue}  -> wl_subcompositor#5.get_subsurface(new id wl_subsurface#48, wl_surface#47, wl_surface#19)
[23:39:43.544597] {Default Queue}  -> wl_subsurface#48.set_position(640, -24)
[23:39:43.544599] {Default Queue}  -> wp_viewporter#6.get_viewport(new id wp_viewport#49, wl_surface#47)
[23:39:43.544601] {Default Queue}  -> wp_viewport#49.set_destination(4, 536)
[23:39:43.544603] {Default Queue}  -> wl_surface#47.attach(wl_buffer#38, 0, 0)
[23:39:43.544605] {Default Queue}  -> wl_compositor#4.create_region(new id wl_region#50)
[23:39:43.544608] {Default Queue}  -> wl_region#50.add(0, 0, 4, 536)
[23:39:43.544610] {Default Queue}  -> wl_surface#47.set_opaque_region(wl_region#50)
[23:39:43.544612] {Default Queue}  -> wl_surface#47.commit()
[23:39:43.544613] {Default Queue}  -> wl_region#50.destroy()
[23:39:43.544615] {Default Queue}  -> wl_compositor#4.create_surface(new id wl_surface#51)
[23:39:43.544616] {Default Queue}  -> wl_subcompositor#5.get_subsurface(new id wl_subsurface#52, wl_surface#51, wl_surface#19)
[23:39:43.544620] {Default Queue}  -> wl_subsurface#52.set_position(-4, 512)
[23:39:43.544622] {Default Queue}  -> wp_viewporter#6.get_viewport(new id wp_viewport#53, wl_surface#51)
[23:39:43.544624] {Default Queue}  -> wp_viewport#53.set_destination(648, 4)
[23:39:43.544626] {Default Queue}  -> wl_surface#51.attach(wl_buffer#38, 0, 0)
[23:39:43.544629] {Default Queue}  -> wl_compositor#4.create_region(new id wl_region#54)
[23:39:43.544630] {Default Queue}  -> wl_region#54.add(0, 0, 648, 4)
[23:39:43.544632] {Default Queue}  -> wl_surface#51.set_opaque_region(wl_region#54)
[23:39:43.544634] {Default Queue}  -> wl_surface#51.commit()
[23:39:43.544636] {Default Queue}  -> wl_region#54.destroy()
[23:39:43.544639] {Default Queue}  -> xdg_toplevel#36.set_min_size(0, 0)
[23:39:43.544642] {Default Queue}  -> xdg_toplevel#36.set_max_size(0, 0)
[23:39:43.544643] {Default Queue}  -> wl_surface#19.commit()
[23:39:43.544645] {Default Queue}  -> wl_display#1.sync(new id wl_callback#55)
[23:39:43.544649] {Default Queue} wl_keyboard#15.repeat_info(40, 400)
[23:39:43.544654] {Default Queue} wl_keyboard#15.keymap(1, fd 40, 35572)
[23:39:43.546789] {Display Queue} wl_display#1.delete_id(34)
[23:39:43.546795] {Display Queue} wl_display#1.delete_id(37)
[23:39:43.546798] {Display Queue} wl_display#1.delete_id(42)
[23:39:43.546799] {Display Queue} wl_display#1.delete_id(46)
[23:39:43.546801] {Display Queue} wl_display#1.delete_id(50)
[23:39:43.546803] {Display Queue} wl_display#1.delete_id(54)
[23:39:43.546805] {Display Queue} wl_display#1.delete_id(55)
[23:39:43.546806] {Default Queue} wl_callback#55.done(59)
[23:39:43.546808] {Default Queue} xdg_toplevel#36.configure(0, 0, array[0])
[23:39:43.546812] {Default Queue} xdg_surface#35.configure(60)
[23:39:43.546814] {Default Queue}  -> xdg_surface#35.ack_configure(60)
[23:39:43.560204] {EGLSurface(19)}  -> wl_surface#19.damage(0, 0, 2147483647, 2147483647)
[23:39:43.560215] {EGLSurface(19)}  -> wl_surface#19.attach(wl_buffer#4278190080, 0, 0)
[23:39:43.560219] {Default Queue}  -> wp_fifo_v1#31.set_barrier()
[23:39:43.560221] {EGLSurface(19)}  -> wl_surface#19.commit()
[23:39:43.560224] {EGLSurface(19)}  -> wl_display#1.sync(new id wl_callback#55)
[23:39:43.560437] {EGLSurface(19/0x55eac4ed0ef0)}  -> zwp_linux_dmabuf_v1#27.create_params(new id zwp_linux_buffer_params_v1#54)
[23:39:43.560443] {EGLSurface(19/0x55eac4ed0ef0)}  -> zwp_linux_buffer_params_v1#54.add(fd 40, 0, 0, 2560, 50331648, 6316052)
[23:39:43.560448] {EGLSurface(19/0x55eac4ed0ef0)}  -> zwp_linux_buffer_params_v1#54.create(640, 512, 875713112, 0)
[23:39:43.560450] {EGLSurface(19/0x55eac4ed0ef0)}  -> wl_display#1.sync(new id wl_callback#50)
[23:39:43.560467] {Display Queue} wl_display#1.delete_id(55)
[23:39:43.560564] {Display Queue} wl_display#1.delete_id(50)
[23:39:43.560567] {EGLSurface(19/0x55eac4ed0ef0)} zwp_linux_buffer_params_v1#54.created(new id wl_buffer#4278190082)
[23:39:43.560569] {EGLSurface(19/0x55eac4ed0ef0)} wl_callback#50.done(62)
[23:39:43.560572] {EGLSurface(19/0x55eac4ed0ef0)}  -> zwp_linux_buffer_params_v1#54.destroy()
[23:39:43.560618] {Default Queue} wl_surface#19.enter(wl_output#11)
[23:39:43.560622] {Default Queue} discarded wl_surface#39.enter(wl_output#11)
[23:39:43.560624] {Default Queue} discarded wl_surface#43.enter(wl_output#11)
[23:39:43.560625] {Default Queue} discarded wl_surface#47.enter(wl_output#11)
[23:39:43.560627] {Default Queue} discarded wl_surface#51.enter(wl_output#11)
[23:39:43.560629] {Default Queue} wl_keyboard#15.enter(61, wl_surface#19, array[0])
[23:39:43.560737] {Default Queue} wl_keyboard#15.modifiers(61, 0, 0, 0, 0)
[23:39:43.560743] {Default Queue} wl_data_device#18.data_offer(new id wl_data_offer#4278190081)
[23:39:43.560745] {Default Queue} wl_data_offer#4278190081.offer("text/plain")
[23:39:43.560748] {Default Queue} wl_data_offer#4278190081.offer("text/plain")
[23:39:43.560750] {Default Queue} wl_data_offer#4278190081.offer("text/plain;charset=utf-8")
[23:39:43.560752] {Default Queue} wl_data_offer#4278190081.offer("TEXT")
[23:39:43.560753] {Default Queue} wl_data_offer#4278190081.offer("STRING")
[23:39:43.560755] {Default Queue} wl_data_offer#4278190081.offer("UTF8_STRING")
[23:39:43.560757] {Default Queue} wl_data_device#18.selection(wl_data_offer#4278190081)
[23:39:43.560759] {Default Queue} xdg_toplevel#36.configure(0, 0, array[4])
[23:39:43.560762] {Default Queue} xdg_surface#35.configure(62)
[23:39:43.560766] {Default Queue}  -> xdg_surface#35.ack_configure(62)
[23:39:43.575298] {Display Queue} wl_display#1.delete_id(54)
[23:39:43.575311] {Default Queue} discarded wl_buffer#38.release()
[23:39:43.575315] {Default Queue} wl_pointer#14.enter(64, wl_surface#19, 52.00000000, 105.00000000)
[23:39:43.575323] {Default Queue}  -> wl_shm_pool#3.create_buffer(new id wl_buffer#54, 581632, 32, 32, 128, 0)
[23:39:43.575327] {Default Queue}  -> wl_pointer#14.set_cursor(64, wl_surface#17, 4, 4)
[23:39:43.575329] {Default Queue}  -> wl_surface#17.set_buffer_scale(1)
[23:39:43.575332] {Default Queue}  -> wl_surface#17.attach(wl_buffer#54, 0, 0)
[23:39:43.575335] {Default Queue}  -> wl_surface#17.damage(0, 0, 32, 32)
[23:39:43.575337] {Default Queue}  -> wl_surface#17.commit()
[23:39:43.575454] {Default Queue} xdg_wm_base#12.ping(65)
[23:39:43.575457] {Default Queue}  -> xdg_wm_base#12.pong(65)
[23:39:43.575495] {Default Queue} discarded wl_surface#17.enter(wl_output#11)
[23:39:43.591750] {Default Queue} discarded wl_buffer#54.release()
[23:39:44.330346] {Default Queue} wl_pointer#14.motion(1945189194, 4.00000000, 24.00000000)
[23:39:44.380413] {Default Queue} wl_keyboard#15.key(66, 1945189244, 42, 1)
[23:39:44.380434] {Default Queue} wl_keyboard#15.modifiers(66, 1, 0, 0, 0)
[23:39:44.380438] {Default Queue} wl_pointer#14.motion(1945189244, 52.00000000, 24.00000000)
[23:39:44.430500] {Default Queue} wl_pointer#14.button(67, 1945189294, 272, 1)
[23:39:44.430726] {EGLSurface(19)} wl_callback#55.done(61)
[23:39:44.430931] {EGLSurface(19)}  -> wl_surface#19.damage(0, 0, 2147483647, 2147483647)
[23:39:44.430938] {EGLSurface(19)}  -> wl_surface#19.attach(wl_buffer#4278190082, 0, 0)
[23:39:44.430942] {Default Queue}  -> wp_fifo_v1#31.set_barrier()
[23:39:44.430948] {EGLSurface(19)}  -> wl_surface#19.commit()
[23:39:44.430952] {EGLSurface(19)}  -> wl_display#1.sync(new id wl_callback#55)
[23:39:44.431220] {EGLSurface(19/0x55eac4ed0ef0)}  -> zwp_linux_dmabuf_v1#27.create_params(new id zwp_linux_buffer_params_v1#50)
[23:39:44.431227] {EGLSurface(19/0x55eac4ed0ef0)}  -> zwp_linux_buffer_params_v1#50.add(fd 40, 0, 0, 2560, 50331648, 6316052)
[23:39:44.431230] {EGLSurface(19/0x55eac4ed0ef0)}  -> zwp_linux_buffer_params_v1#50.create(640, 512, 875713112, 0)
[23:39:44.431233] {EGLSurface(19/0x55eac4ed0ef0)}  -> wl_display#1.sync(new id wl_callback#46)
[23:39:44.431242] {Display Queue} wl_display#1.delete_id(55)
[23:39:44.431348] {Display Queue} wl_display#1.delete_id(46)
[23:39:44.431351] {EGLSurface(19/0x55eac4ed0ef0)} zwp_linux_buffer_params_v1#50.created(new id wl_buffer#4278190083)
[23:39:44.431353] {EGLSurface(19/0x55eac4ed0ef0)} wl_callback#46.done(67)
[23:39:44.431354] {EGLSurface(19/0x55eac4ed0ef0)}  -> zwp_linux_buffer_params_v1#50.destroy()
[23:39:44.440820] {Display Queue} wl_display#1.delete_id(50)
[23:39:44.470574] {Default Queue} wl_pointer#14.button(68, 1945189334, 272, 0)
[23:39:44.470686] {Default Queue} xdg_wm_base#12.ping(69)
[23:39:44.470690] {Default Queue}  -> xdg_wm_base#12.pong(69)
[23:39:44.470794] {EGLSurface(19)} wl_callback#55.done(67)
[23:39:44.471004] {EGLSurface(19)}  -> wl_surface#19.damage(0, 0, 2147483647, 2147483647)
[23:39:44.471008] {EGLSurface(19)}  -> wl_surface#19.attach(wl_buffer#4278190083, 0, 0)
[23:39:44.471012] {Default Queue}  -> wp_fifo_v1#31.set_barrier()
[23:39:44.471014] {EGLSurface(19)}  -> wl_surface#19.commit()
[23:39:44.471017] {EGLSurface(19)}  -> wl_display#1.sync(new id wl_callback#55)
[23:39:44.471023] {EGLSurface(19/0x55eac4ed0ef0)} wl_buffer#4278190080.release()
[23:39:44.471065] {Display Queue} wl_display#1.delete_id(55)
[23:39:44.510644] {Default Queue} wl_pointer#14.button(70, 1945189374, 272, 1)
[23:39:44.510861] {EGLSurface(19)} wl_callback#55.done(69)
[23:39:44.511050] {EGLSurface(19)}  -> wl_surface#19.damage(0, 0, 2147483647, 2147483647)
[23:39:44.511054] {EGLSurface(19)}  -> wl_surface#19.attach(wl_buffer#4278190080, 0, 0)
[23:39:44.511058] {Default Queue}  -> wp_fifo_v1#31.set_barrier()
[23:39:44.511062] {EGLSurface(19)}  -> wl_surface#19.commit()
[23:39:44.511064] {EGLSurface(19)}  -> wl_display#1.sync(new id wl_callback#55)
[23:39:44.511069] {EGLSurface(19/0x55eac4ed0ef0)} wl_buffer#4278190082.release()
[23:39:44.511100] {Display Queue} wl_display#1.delete_id(55)
[23:39:44.550726] {Default Queue} wl_pointer#14.button(71, 1945189414, 272, 0)
[23:39:44.550843] {Default Queue} xdg_wm_base#12.ping(72)
[23:39:44.550847] {Default Queue}  -> xdg_wm_base#12.pong(72)
[23:39:44.550949] {EGLSurface(19)} wl_callback#55.done(70)
[23:39:44.551170] {EGLSurface(19)}  -> wl_surface#19.damage(0, 0, 2147483647, 2147483647)
[23:39:44.551178] {EGLSurface(19)}  -> wl_surface#19.attach(wl_buffer#4278190082, 0, 0)
[23:39:44.551182] {Default Queue}  -> wp_fifo_v1#31.set_barrier()
[23:39:44.551185] {EGLSurface(19)}  -> wl_surface#19.commit()
[23:39:44.551187] {EGLSurface(19)}  -> wl_display#1.sync(new id wl_callback#55)
[23:39:44.551194] {EGLSurface(19/0x55eac4ed0ef0)} wl_buffer#4278190083.release()
[23:39:44.551233] {Display Queue} wl_display#1.delete_id(55)
[23:39:44.590757] {Default Queue} wl_keyboard#15.key(73, 1945189454, 42, 0)
[23:39:44.590773] {Default Queue} wl_keyboard#15.modifiers(73, 0, 0, 0, 0)
[23:39:44.640854] {Default Queue} wl_keyboard#15.key(74, 1945189504, 29, 1)
[23:39:44.640876] {Default Queue} wl_keyboard#15.modifiers(74, 4, 0, 0, 0)
[23:39:44.640881] {Default Queue} wl_keyboard#15.key(75, 1945189504, 42, 1)
[23:39:44.640884] {Default Queue} wl_keyboard#15.modifiers(75, 5, 0, 0, 0)
[23:39:44.640887] {Default Queue} wl_keyboard#15.key(76, 1945189504, 46, 1)
[23:39:44.641044] {Default Queue}  -> wl_data_device_manager#9.create_data_source(new id wl_data_source#50)
[23:39:44.641048] {Default Queue}  -> wl_data_source#50.offer("text/plain;charset=utf-8")
[23:39:44.641051] {Default Queue}  -> wl_data_device#18.set_selection(wl_data_source#50, 76)
[23:39:44.641054] {Default Queue} wl_keyboard#15.key(77, 1945189504, 46, 0)
[23:39:44.641057] {Default Queue} wl_keyboard#15.key(78, 1945189504, 42, 0)
[23:39:44.641059] {Default Queue} wl_keyboard#15.modifiers(78, 4, 0, 0, 0)
[23:39:44.641061] {Default Queue} wl_keyboard#15.key(79, 1945189504, 29, 0)
[23:39:44.641064] {Default Queue} wl_keyboard#15.modifiers(79, 0, 0, 0, 0)
[23:39:44.641112] {Default Queue} wl_data_device#18.data_offer(new id wl_data_offer#4278190084)
[23:39:44.641115] {Default Queue} wl_data_offer#4278190084.offer("text/plain;charset=utf-8")
[23:39:44.641117] {Default Queue} wl_data_device#18.selection(wl_data_offer#4278190084)
[23:39:44.641119] {Default Queue}  -> wl_data_offer#4278190081.destroy()
[23:39:44.641122] {Default Queue} wl_data_source#50.send("text/plain;charset=utf-8", fd 40)
[23:39:44.641121] {Default Queue} wl_data_source#9.cancelled()
[23:39:44.740940] {Default Queue} wl_keyboard#15.key(80, 1945189604, 29, 1)
[23:39:44.740967] {Default Queue} wl_keyboard#15.modifiers(80, 4, 0, 0, 0)
[23:39:44.740971] {Default Queue} wl_keyboard#15.key(81, 1945189604, 42, 1)
[23:39:44.740974] {Default Queue} wl_keyboard#15.modifiers(81, 5, 0, 0, 0)
[23:39:44.740976] {Default Queue} wl_keyboard#15.key(82, 1945189604, 47, 1)
[23:39:44.741099] {Default Queue} wl_keyboard#15.key(83, 1945189604, 47, 0)
[23:39:44.741102] {Default Queue} wl_keyboard#15.key(84, 1945189604, 42, 0)
[23:39:44.741104] {Default Queue} wl_keyboard#15.modifiers(84, 4, 0, 0, 0)
[23:39:44.741106] {Default Queue} wl_keyboard#15.key(85, 1945189604, 29, 0)
[23:39:44.741108] {Default Queue} wl_keyboard#15.modifiers(85, 0, 0, 0, 0)
[23:39:44.741205] {EGLSurface(19)} wl_callback#55.done(72)
[23:39:44.741408] {EGLSurface(19)}  -> wl_surface#19.damage(0, 0, 2147483647, 2147483647)
[23:39:44.741415] {EGLSurface(19)}  -> wl_surface#19.attach(wl_buffer#4278190083, 0, 0)
[23:39:44.741418] {Default Queue}  -> wp_fifo_v1#31.set_barrier()
[23:39:44.741421] {EGLSurface(19)}  -> wl_surface#19.commit()
[23:39:44.741423] {EGLSurface(19)}  -> wl_display#1.sync(new id wl_callback#55)
[23:39:44.741428] {EGLSurface(19/0x55eac4ed0ef0)} wl_buffer#4278190080.release()
[23:39:44.741459] {Display Queue} wl_display#1.delete_id(55)
[23:39:44.767298] {Default Queue}  -> wl_display#1.sync(new id wl_callback#46)
[23:39:44.767359] {Display Queue} wl_display#1.delete_id(46)
[23:39:44.767368] {Default Queue} discarded wl_callback#46.done(85)
[23:39:44.767394] {Default Queue}  -> wl_display#1.sync(new id wl_callback#42)
[23:39:44.767406] {Display Queue} wl_display#1.delete_id(42)
[23:39:44.767409] {Default Queue} discarded wl_callback#42.done(85)
[23:39:44.767412] {Default Queue}  -> wl_display#1.sync(new id wl_callback#37)
[23:39:44.768224] {EGLSurface(19/0x55eac4ed0ef0)}  -> wl_buffer#4278190082.destroy()
[23:39:44.768266] {EGLSurface(19/0x55eac4ed0ef0)}  -> wl_buffer#4278190083.destroy()
[23:39:44.768299] {EGLSurface(19/0x55eac4ed0ef0)}  -> wl_buffer#4278190080.destroy()
[23:39:44.768328] {EGLSurface(19)}  -> zwp_linux_dmabuf_feedback_v1#33.destroy()
[23:39:44.768335] {Default Queue}  -> wp_fifo_v1#31.destroy()
[23:39:44.768338] {Default Queue}  -> wp_commit_timer_v1#32.destroy()
[23:39:44.768558] {Default Queue}  -> wl_subsurface#40.destroy()
[23:39:44.768563] {Default Queue}  -> wl_surface#39.destroy()
[23:39:44.768565] {Default Queue}  -> wp_viewport#41.destroy()
[23:39:44.768567] {Default Queue}  -> wl_subsurface#44.destroy()
[23:39:44.768569] {Default Queue}  -> wl_surface#43.destroy()
[23:39:44.768571] {Default Queue}  -> wp_viewport#45.destroy()
[23:39:44.768573] {Default Queue}  -> wl_subsurface#48.destroy()
[23:39:44.768574] {Default Queue}  -> wl_surface#47.destroy()
[23:39:44.768576] {Default Queue}  -> wp_viewport#49.destroy()
[23:39:44.768578] {Default Queue}  -> wl_subsurface#52.destroy()
[23:39:44.768579] {Default Queue}  -> wl_surface#51.destroy()
[23:39:44.768581] {Default Queue}  -> wp_viewport#53.destroy()
[23:39:44.768583] {Default Queue}  -> xdg_toplevel#36.destroy()
[23:39:44.768585] {Default Queue}  -> xdg_surface#35.destroy()
[23:39:44.768587] {Default Queue}  -> wl_buffer#38.destroy()
[23:39:44.768590] {Default Queue}  -> wl_surface#19.destroy()
[23:39:44.768602] {Default Queue}  -> zwp_linux_dmabuf_v1#27.destroy()
[23:39:44.768746] {Default Queue}  -> wl_buffer#54.destroy()
[23:39:44.768767] {Default Queue}  -> wl_shm_pool#3.destroy()
[23:39:44.768793] {Default Queue}  -> wl_shm_pool#16.destroy()
[23:39:44.768810] {Default Queue}  -> wl_surface#17.destroy()
[23:39:44.768813] {Default Queue}  -> wl_subcompositor#5.destroy()
[23:39:44.768815] {Default Queue}  -> wp_viewporter#6.destroy()
[23:39:44.768816] {Default Queue}  -> xdg_wm_base#12.destroy()
[23:39:44.768819] {Default Queue}  -> wl_data_offer#4278190084.destroy()
[23:39:44.768821] {Default Queue}  -> wl_data_source#50.destroy()
[23:39:44.768825] {Default Queue}  -> zwp_relative_pointer_manager_v1#7.destroy()
[23:39:44.768828] {Default Queue}  -> zwp_pointer_constraints_v1#8.destroy()
[23:39:44.815016] {Default Queue}  -> wl_display#1.get_registry(new id wl_registry#2)
[23:39:44.815039] {Default Queue}  -> wl_display#1.sync(new id wl_callback#3)
[23:39:44.815081] {Display Queue} wl_display#1.delete_id(3)
[23:39:44.815084] {Default Queue} wl_registry#2.global(1, "wl_compositor", 5)
[23:39:44.815087] {Default Queue}  -> wl_registry#2.bind(1, "wl_compositor", 3, new id [unknown]#4)
[23:39:44.815089] {Default Queue} wl_registry#2.global(2, "wl_subcompositor", 1)
[23:39:44.815091] {Default Queue}  -> wl_registry#2.bind(2, "wl_subcompositor", 1, new id [unknown]#5)
[23:39:44.815093] {Default Queue} wl_registry#2.global(3, "wp_viewporter", 1)
[23:39:44.815095] {Default Queue}  -> wl_registry#2.bind(3, "wp_viewporter", 1, new id [unknown]#6)
[23:39:44.815097] {Default Queue} wl_registry#2.global(4, "zxdg_output_manager_v1", 2)
[23:39:44.815098] {Default Queue} wl_registry#2.global(5, "wp_presentation", 2)
[23:39:44.815100] {Default Queue} wl_registry#2.global(6, "wp_single_pixel_buffer_manager_v1", 1)
[23:39:44.815101] {Default Queue} wl_registry#2.global(7, "wp_tearing_control_manager_v1", 1)
[23:39:44.815103] {Default Queue} wl_registry#2.global(8, "wp_fifo_manager_v1", 1)
[23:39:44.815105] {Default Queue} wl_registry#2.global(9, "wp_commit_timing_manager_v1", 1)
[23:39:44.815107] {Default Queue} wl_registry#2.global(10, "wp_alpha_modifier_v1", 1)
[23:39:44.815109] {Default Queue} wl_registry#2.global(11, "zwp_relative_pointer_manager_v1", 1)
[23:39:44.815111] {Default Queue}  -> wl_registry#2.bind(11, "zwp_relative_pointer_manager_v1", 1, new id [unknown]#7)
[23:39:44.815113] {Default Queue} wl_registry#2.global(12, "zwp_pointer_constraints_v1", 1)
[23:39:44.815115] {Default Queue}  -> wl_registry#2.bind(12, "zwp_pointer_constraints_v1", 1, new id [unknown]#8)
[23:39:44.815117] {Default Queue} wl_registry#2.global(13, "zwp_input_timestamps_manager_v1", 1)
[23:39:44.815119] {Default Queue} wl_registry#2.global(14, "weston_capture_v1", 2)
[23:39:44.815121] {Default Queue} wl_registry#2.global(15, "wl_data_device_manager", 3)
[23:39:44.815122] {Default Queue}  -> wl_registry#2.bind(15, "wl_data_device_manager", 1, new id [unknown]#9)
[23:39:44.815124] {Default Queue} wl_registry#2.global(16, "wl_shm", 2)
[23:39:44.815126] {Default Queue}  -> wl_registry#2.bind(16, "wl_shm", 1, new id [unknown]#10)
[23:39:44.815128] {Default Queue} wl_registry#2.global(17, "weston_debug_v1", 1)
[23:39:44.815130] {Default Queue} wl_registry#2.global(18, "wl_eglstream_display", 1)
[23:39:44.815132] {Default Queue} wl_registry#2.global(19, "wl_drm", 2)
[23:39:44.815134] {Default Queue} wl_registry#2.global(20, "zwp_linux_dmabuf_v1", 5)
[23:39:44.815136] {Default Queue} wl_registry#2.global(21, "zwp_linux_explicit_synchronization_v1", 2)
[23:39:44.815137] {Default Queue} wl_registry#2.global(22, "wp_color_representation_manager_v1", 1)
[23:39:44.815139] {Default Queue} wl_registry#2.global(23, "wl_output", 4)
[23:39:44.815141] {Default Queue}  -> wl_registry#2.bind(23, "wl_output", 4, new id [unknown]#11)
[23:39:44.815144] {Default Queue} wl_registry#2.global(24, "zwp_input_panel_v1", 1)
[23:39:44.815146] {Default Queue} wl_registry#2.global(25, "zwp_text_input_manager_v1", 1)
[23:39:44.815148] {Default Queue} wl_registry#2.global(26, "xdg_wm_base", 5)
[23:39:44.815149] {Default Queue}  -> wl_registry#2.bind(26, "xdg_wm_base", 1, new id [unknown]#12)
[23:39:44.815151] {Default Queue} wl_registry#2.global(27, "weston_desktop_shell", 1)
[23:39:44.815153] {Default Queue} wl_registry#2.global(28, "wl_seat", 7)
[23:39:44.815155] {Default Queue}  -> wl_registry#2.bind(28, "wl_seat", 4, new id [unknown]#13)
[23:39:44.815157] {Default Queue} wl_registry#2.global(29, "zwp_input_method_v1", 1)
[23:39:44.815159] {Default Queue} wl_callback#3.done(86)
[23:39:44.815161] {Default Queue}  -> wl_display#1.sync(new id wl_callback#3)
[23:39:44.815192] {Display Queue} wl_display#1.delete_id(3)
[23:39:44.815194] {Default Queue} discarded wl_shm#10.format(0)
[23:39:44.815196] {Default Queue} discarded wl_shm#10.format(1)
[23:39:44.815197] {Default Queue} discarded wl_shm#10.format(842093144)
[23:39:44.815200] {Default Queue} discarded wl_shm#10.format(842093121)
[23:39:44.815202] {Default Queue} discarded wl_shm#10.format(842089048)
[23:39:44.815203] {Default Queue} discarded wl_shm#10.format(842089025)
[23:39:44.815204] {Default Queue} discarded wl_shm#10.format(842094674)
[23:39:44.815205] {Default Queue} discarded wl_shm#10.format(842088786)
[23:39:44.815206] {Default Queue} discarded wl_shm#10.format(842094658)
[23:39:44.815208] {Default Queue} discarded wl_shm#10.format(842088770)
[23:39:44.815209] {Default Queue} discarded wl_shm#10.format(892426322)
[23:39:44.815210] {Default Queue} discarded wl_shm#10.format(892420434)
[23:39:44.815211] {Default Queue} discarded wl_shm#10.format(892426306)
[23:39:44.815213] {Default Queue} discarded wl_shm#10.format(892420418)
[23:39:44.815214] {Default Queue} discarded wl_shm#10.format(909199186)
[23:39:44.815215] {Default Queue} discarded wl_shm#10.format(909199170)
[23:39:44.815216] {Default Queue} discarded wl_shm#10.format(875710290)
[23:39:44.815217] {Default Queue} discarded wl_shm#10.format(875710274)
[23:39:44.815218] {Default Queue} discarded wl_shm#10.format(875713112)
[23:39:44.815219] {Default Queue} discarded wl_shm#10.format(875713089)
[23:39:44.815220] {Default Queue} discarded wl_shm#10.format(875709016)
[23:39:44.815222] {Default Queue} discarded wl_shm#10.format(875708993)
[23:39:44.815223] {Default Queue} discarded wl_shm#10.format(875714642)
[23:39:44.815224] {Default Queue} discarded wl_shm#10.format(875708754)
[23:39:44.815226] {Default Queue} discarded wl_shm#10.format(875714626)
[23:39:44.815227] {Default Queue} discarded wl_shm#10.format(875708738)
[23:39:44.815228] {Default Queue} discarded wl_shm#10.format(808669784)
[23:39:44.815230] {Default Queue} discarded wl_shm#10.format(808669761)
[23:39:44.815231] {Default Queue} discarded wl_shm#10.format(808665688)
[23:39:44.815232] {Default Queue} discarded wl_shm#10.format(808665665)
[23:39:44.815233] {Default Queue} discarded wl_shm#10.format(942948952)
[23:39:44.815234] {Default Queue} discarded wl_shm#10.format(942948929)
[23:39:44.815235] {Default Queue} discarded wl_shm#10.format(942953048)
[23:39:44.815237] {Default Queue} discarded wl_shm#10.format(942953025)
[23:39:44.815239] {Default Queue} discarded wl_shm#10.format(1211384408)
[23:39:44.815240] {Default Queue} discarded wl_shm#10.format(1211384385)
[23:39:44.815242] {Default Queue} discarded wl_shm#10.format(1211388504)
[23:39:44.815243] {Default Queue} discarded wl_shm#10.format(1211388481)
[23:39:44.815245] {Default Queue} discarded wl_shm#10.format(1448695129)
[23:39:44.815246] {Default Queue} discarded wl_shm#10.format(1431918169)
[23:39:44.815248] {Default Queue} discarded wl_shm#10.format(1498831189)
[23:39:44.815249] {Default Queue} discarded wl_shm#10.format(1498765654)
[23:39:44.815250] {Default Queue} discarded wl_shm#10.format(842094158)
[23:39:44.815251] {Default Queue} discarded wl_shm#10.format(825382478)
[23:39:44.815253] {Default Queue} discarded wl_shm#10.format(909203022)
[23:39:44.815254] {Default Queue} discarded wl_shm#10.format(825644622)
[23:39:44.815255] {Default Queue} discarded wl_shm#10.format(875714126)
[23:39:44.815256] {Default Queue} discarded wl_shm#10.format(842290766)
[23:39:44.815257] {Default Queue} discarded wl_shm#10.format(808530000)
[23:39:44.815259] {Default Queue} discarded wl_shm#10.format(842084432)
[23:39:44.815260] {Default Queue} discarded wl_shm#10.format(909193296)
[23:39:44.815261] {Default Queue} discarded wl_shm#10.format(842093913)
[23:39:44.815263] {Default Queue} discarded wl_shm#10.format(842094169)
[23:39:44.815264] {Default Queue} discarded wl_shm#10.format(909202777)
[23:39:44.815266] {Default Queue} discarded wl_shm#10.format(909203033)
[23:39:44.815267] {Default Queue} discarded wl_shm#10.format(875713881)
[23:39:44.815268] {Default Queue} discarded wl_shm#10.format(875714137)
[23:39:44.815270] {Default Queue} discarded wl_shm#10.format(1448434008)
[23:39:44.815271] {Default Queue} wl_output#11.geometry(0, 0, 1200, 900, 0, "weston", "headless", 0)
[23:39:44.815275] {Default Queue} wl_output#11.scale(1)
[23:39:44.815277] {Default Queue} wl_output#11.mode(3, 1200, 900, 60000)
[23:39:44.815280] {Default Queue} wl_output#11.name("headless")
[23:39:44.815281] {Default Queue} wl_output#11.description("headless")
[23:39:44.815283] {Default Queue} wl_output#11.done()
[23:39:44.815285] {Default Queue} wl_seat#13.name("cudaterm-test")
[23:39:44.815286] {Default Queue} wl_seat#13.capabilities(3)
[23:39:44.815288] {Default Queue}  -> wl_seat#13.get_pointer(new id wl_pointer#14)
[23:39:44.815290] {Default Queue}  -> wl_seat#13.get_keyboard(new id wl_keyboard#15)
[23:39:44.815292] {Default Queue} wl_callback#3.done(86)
[23:39:44.815307] {Default Queue}  -> wl_shm#10.create_pool(new id wl_shm_pool#3, fd 40, 1296)
[23:39:44.815535] {Default Queue}  -> wl_shm_pool#3.resize(6688)
[23:39:44.815543] {Default Queue}  -> wl_shm_pool#3.resize(17472)
[23:39:44.815551] {Default Queue}  -> wl_shm_pool#3.resize(39040)
[23:39:44.815562] {Default Queue}  -> wl_shm_pool#3.resize(82176)
[23:39:44.815576] {Default Queue}  -> wl_shm_pool#3.resize(168448)
[23:39:44.815824] {Default Queue}  -> wl_shm_pool#3.resize(340992)
[23:39:44.816202] {Default Queue}  -> wl_shm_pool#3.resize(686080)
[23:39:44.817093] {Default Queue}  -> wl_shm_pool#3.resize(1376256)
[23:39:44.818284] {Default Queue}  -> wl_shm#10.create_pool(new id wl_shm_pool#16, fd 42, 5184)
[23:39:44.818480] {Default Queue}  -> wl_shm_pool#16.resize(14464)
[23:39:44.818488] {Default Queue}  -> wl_shm_pool#16.resize(33024)
[23:39:44.818496] {Default Queue}  -> wl_shm_pool#16.resize(70144)
[23:39:44.818510] {Default Queue}  -> wl_shm_pool#16.resize(144384)
[23:39:44.818737] {Default Queue}  -> wl_shm_pool#16.resize(292864)
[23:39:44.818980] {Default Queue}  -> wl_shm_pool#16.resize(589824)
[23:39:44.819930] {Default Queue}  -> wl_shm_pool#16.resize(1183744)
[23:39:44.821121] {Default Queue}  -> wl_compositor#4.create_surface(new id wl_surface#17)
[23:39:44.821125] {Default Queue}  -> wl_data_device_manager#9.get_data_device(new id wl_data_device#18, wl_seat#13)
[23:39:44.821518] {Default Queue}  -> wl_compositor#4.create_surface(new id wl_surface#19)
[23:39:44.821519] {Default Queue}  -> wl_compositor#4.create_region(new id wl_region#20)
[23:39:44.821521] {Default Queue}  -> wl_region#20.add(0, 0, 640, 512)
[23:39:44.821523] {Default Queue}  -> wl_surface#19.set_opaque_region(wl_region#20)
[23:39:44.821525] {Default Queue}  -> wl_region#20.destroy()
[23:39:44.828813]  -> wl_display#1.get_registry(new id wl_registry#21)
[23:39:44.828819]  -> wl_display#1.sync(new id wl_callback#22)
[23:39:44.828952] {Display Queue} wl_display#1.delete_id(20)
[23:39:44.828955] {Display Queue} wl_display#1.delete_id(22)
[23:39:44.828956] wl_registry#21.global(1, "wl_compositor", 5)
[23:39:44.828959] wl_registry#21.global(2, "wl_subcompositor", 1)
[23:39:44.828960] wl_registry#21.global(3, "wp_viewporter", 1)
[23:39:44.828962] wl_registry#21.global(4, "zxdg_output_manager_v1", 2)
[23:39:44.828964] wl_registry#21.global(5, "wp_presentation", 2)
[23:39:44.828965] wl_registry#21.global(6, "wp_single_pixel_buffer_manager_v1", 1)
[23:39:44.828967] wl_registry#21.global(7, "wp_tearing_control_manager_v1", 1)
[23:39:44.828969] wl_registry#21.global(8, "wp_fifo_manager_v1", 1)
[23:39:44.828970] wl_registry#21.global(9, "wp_commit_timing_manager_v1", 1)
[23:39:44.828971] wl_registry#21.global(10, "wp_alpha_modifier_v1", 1)
[23:39:44.828972] wl_registry#21.global(11, "zwp_relative_pointer_manager_v1", 1)
[23:39:44.828974] wl_registry#21.global(12, "zwp_pointer_constraints_v1", 1)
[23:39:44.828975] wl_registry#21.global(13, "zwp_input_timestamps_manager_v1", 1)
[23:39:44.828977] wl_registry#21.global(14, "weston_capture_v1", 2)
[23:39:44.828978] wl_registry#21.global(15, "wl_data_device_manager", 3)
[23:39:44.828980] wl_registry#21.global(16, "wl_shm", 2)
[23:39:44.828982] wl_registry#21.global(17, "weston_debug_v1", 1)
[23:39:44.828983] wl_registry#21.global(18, "wl_eglstream_display", 1)
[23:39:44.828985] wl_registry#21.global(19, "wl_drm", 2)
[23:39:44.828986] wl_registry#21.global(20, "zwp_linux_dmabuf_v1", 5)
[23:39:44.828989] wl_registry#21.global(21, "zwp_linux_explicit_synchronization_v1", 2)
[23:39:44.828991] wl_registry#21.global(22, "wp_color_representation_manager_v1", 1)
[23:39:44.828992] wl_registry#21.global(23, "wl_output", 4)
[23:39:44.828994] wl_registry#21.global(24, "zwp_input_panel_v1", 1)
[23:39:44.828996] wl_registry#21.global(25, "zwp_text_input_manager_v1", 1)
[23:39:44.828997] wl_registry#21.global(26, "xdg_wm_base", 5)
[23:39:44.828998] wl_registry#21.global(27, "weston_desktop_shell", 1)
[23:39:44.829000] wl_registry#21.global(28, "wl_seat", 7)
[23:39:44.829001] wl_registry#21.global(29, "zwp_input_method_v1", 1)
[23:39:44.829003] wl_callback#22.done(86)
[23:39:44.829005]  -> wl_registry#21.bind(20, "zwp_linux_dmabuf_v1", 4, new id [unknown]#22)
[23:39:44.829007]  -> zwp_linux_dmabuf_v1#22.get_default_feedback(new id zwp_linux_dmabuf_feedback_v1#20)
[23:39:44.829009]  -> wl_display#1.sync(new id wl_callback#23)
[23:39:44.829029] {Display Queue} wl_display#1.delete_id(23)
[23:39:44.829030] zwp_linux_dmabuf_feedback_v1#20.format_table(fd 42, 9408)
[23:39:44.829035] zwp_linux_dmabuf_feedback_v1#20.main_device(array[8])
[23:39:44.829037] zwp_linux_dmabuf_feedback_v1#20.tranche_target_device(array[8])
[23:39:44.829038] zwp_linux_dmabuf_feedback_v1#20.tranche_flags(0)
[23:39:44.829040] zwp_linux_dmabuf_feedback_v1#20.tranche_formats(array[1176])
[23:39:44.829043] zwp_linux_dmabuf_feedback_v1#20.tranche_done()
[23:39:44.829045] zwp_linux_dmabuf_feedback_v1#20.done()
[23:39:44.829046] wl_callback#23.done(86)
[23:39:44.829047]  -> zwp_linux_dmabuf_feedback_v1#20.destroy()
[23:39:44.829096]  -> wl_registry#21.bind(19, "wl_drm", 1, new id [unknown]#23)
[23:39:44.829098]  -> wl_display#1.sync(new id wl_callback#24)
[23:39:44.829158] {Display Queue} wl_display#1.delete_id(20)
[23:39:44.829159] {Display Queue} wl_display#1.delete_id(24)
[23:39:44.829160] wl_drm#23.device("/dev/dri/renderD129")
[23:39:44.829162] wl_callback#24.done(86)
[23:39:44.831765]  -> wl_registry#21.bind(5, "wp_presentation", 2, new id [unknown]#24)
[23:39:44.831772]  -> wl_display#1.sync(new id wl_callback#20)
[23:39:44.831788] {Display Queue} wl_display#1.delete_id(20)
[23:39:44.831791] wp_presentation#24.clock_id(4)
[23:39:44.831792] wl_callback#20.done(86)
[23:39:44.831794] {Default Queue}  -> wl_registry#21.bind(8, "wp_fifo_manager_v1", 1, new id [unknown]#20)
[23:39:44.831796] {Default Queue}  -> wl_registry#21.bind(9, "wp_commit_timing_manager_v1", 1, new id [unknown]#25)
[23:39:44.831872] {Default Queue}  -> zwp_linux_dmabuf_v1#22.destroy()
[23:39:44.831919]  -> wl_display#1.get_registry(new id wl_registry#26)
[23:39:44.831921]  -> wl_display#1.sync(new id wl_callback#27)
[23:39:44.831943] {Display Queue} wl_display#1.delete_id(22)
[23:39:44.831945] {Display Queue} wl_display#1.delete_id(27)
[23:39:44.831946] wl_registry#26.global(1, "wl_compositor", 5)
[23:39:44.831948] wl_registry#26.global(2, "wl_subcompositor", 1)
[23:39:44.831950] wl_registry#26.global(3, "wp_viewporter", 1)
[23:39:44.831951] wl_registry#26.global(4, "zxdg_output_manager_v1", 2)
[23:39:44.831952] wl_registry#26.global(5, "wp_presentation", 2)
[23:39:44.831953] wl_registry#26.global(6, "wp_single_pixel_buffer_manager_v1", 1)
[23:39:44.831955] wl_registry#26.global(7, "wp_tearing_control_manager_v1", 1)
[23:39:44.831956] wl_registry#26.global(8, "wp_fifo_manager_v1", 1)
[23:39:44.831958] wl_registry#26.global(9, "wp_commit_timing_manager_v1", 1)
[23:39:44.831959] wl_registry#26.global(10, "wp_alpha_modifier_v1", 1)
[23:39:44.831961] wl_registry#26.global(11, "zwp_relative_pointer_manager_v1", 1)
[23:39:44.831963] wl_registry#26.global(12, "zwp_pointer_constraints_v1", 1)
[23:39:44.831964] wl_registry#26.global(13, "zwp_input_timestamps_manager_v1", 1)
[23:39:44.831965] wl_registry#26.global(14, "weston_capture_v1", 2)
[23:39:44.831967] wl_registry#26.global(15, "wl_data_device_manager", 3)
[23:39:44.831968] wl_registry#26.global(16, "wl_shm", 2)
[23:39:44.831970] wl_registry#26.global(17, "weston_debug_v1", 1)
[23:39:44.831973] wl_registry#26.global(18, "wl_eglstream_display", 1)
[23:39:44.831974] wl_registry#26.global(19, "wl_drm", 2)
[23:39:44.831976] wl_registry#26.global(20, "zwp_linux_dmabuf_v1", 5)
[23:39:44.831977] wl_registry#26.global(21, "zwp_linux_explicit_synchronization_v1", 2)
[23:39:44.831979] wl_registry#26.global(22, "wp_color_representation_manager_v1", 1)
[23:39:44.831981] wl_registry#26.global(23, "wl_output", 4)
[23:39:44.831982] wl_registry#26.global(24, "zwp_input_panel_v1", 1)
[23:39:44.831984] wl_registry#26.global(25, "zwp_text_input_manager_v1", 1)
[23:39:44.831985] wl_registry#26.global(26, "xdg_wm_base", 5)
[23:39:44.831987] wl_registry#26.global(27, "weston_desktop_shell", 1)
[23:39:44.831989] wl_registry#26.global(28, "wl_seat", 7)
[23:39:44.831991] wl_registry#26.global(29, "zwp_input_method_v1", 1)
[23:39:44.831992] wl_callback#27.done(86)
[23:39:44.831994]  -> wl_registry#26.bind(20, "zwp_linux_dmabuf_v1", 4, new id [unknown]#27)
[23:39:44.831996]  -> zwp_linux_dmabuf_v1#27.get_default_feedback(new id zwp_linux_dmabuf_feedback_v1#22)
[23:39:44.831997]  -> wl_display#1.sync(new id wl_callback#28)
[23:39:44.832012] {Display Queue} wl_display#1.delete_id(28)
[23:39:44.832014] zwp_linux_dmabuf_feedback_v1#22.format_table(fd 42, 9408)
[23:39:44.832020] zwp_linux_dmabuf_feedback_v1#22.main_device(array[8])
[23:39:44.832021] zwp_linux_dmabuf_feedback_v1#22.tranche_target_device(array[8])
[23:39:44.832022] zwp_linux_dmabuf_feedback_v1#22.tranche_flags(0)
[23:39:44.832024] zwp_linux_dmabuf_feedback_v1#22.tranche_formats(array[1176])
[23:39:44.832027] zwp_linux_dmabuf_feedback_v1#22.tranche_done()
[23:39:44.832029] zwp_linux_dmabuf_feedback_v1#22.done()
[23:39:44.832030] wl_callback#28.done(86)
[23:39:44.832031]  -> zwp_linux_dmabuf_feedback_v1#22.destroy()
[23:39:44.832080]  -> wl_registry#26.bind(19, "wl_drm", 1, new id [unknown]#28)
[23:39:44.832082]  -> wl_display#1.sync(new id wl_callback#29)
[23:39:44.832091] {Display Queue} wl_display#1.delete_id(22)
[23:39:44.832093] {Display Queue} wl_display#1.delete_id(29)
[23:39:44.832094] wl_drm#28.device("/dev/dri/renderD129")
[23:39:44.832096] wl_callback#29.done(86)
[23:39:44.832338]  -> wl_registry#26.bind(5, "wp_presentation", 2, new id [unknown]#29)
[23:39:44.832342]  -> wl_display#1.sync(new id wl_callback#22)
[23:39:44.832354] {Display Queue} wl_display#1.delete_id(22)
[23:39:44.832357] wp_presentation#29.clock_id(4)
[23:39:44.832358] wl_callback#22.done(86)
[23:39:44.832360] {Default Queue}  -> wl_registry#26.bind(8, "wp_fifo_manager_v1", 1, new id [unknown]#22)
[23:39:44.832363] {Default Queue}  -> wl_registry#26.bind(9, "wp_commit_timing_manager_v1", 1, new id [unknown]#30)
[23:39:44.837223] {Default Queue}  -> wp_fifo_manager_v1#22.get_fifo(new id wp_fifo_v1#31, wl_surface#19)
[23:39:44.837230] {Default Queue}  -> wp_commit_timing_manager_v1#30.get_timer(new id wp_commit_timer_v1#32, wl_surface#19)
[23:39:44.837233] {EGLSurface(19)}  -> zwp_linux_dmabuf_v1#27.get_surface_feedback(new id zwp_linux_dmabuf_feedback_v1#33, wl_surface#19)
[23:39:44.837236] {EGLSurface(19)}  -> wl_display#1.sync(new id wl_callback#34)
[23:39:44.837262] {Display Queue} wl_display#1.delete_id(34)
[23:39:44.837265] {EGLSurface(19)} zwp_linux_dmabuf_feedback_v1#33.format_table(fd 59, 9408)
[23:39:44.837271] {EGLSurface(19)} zwp_linux_dmabuf_feedback_v1#33.main_device(array[8])
[23:39:44.837272] {EGLSurface(19)} zwp_linux_dmabuf_feedback_v1#33.tranche_target_device(array[8])
[23:39:44.837274] {EGLSurface(19)} zwp_linux_dmabuf_feedback_v1#33.tranche_flags(0)
[23:39:44.837275] {EGLSurface(19)} zwp_linux_dmabuf_feedback_v1#33.tranche_formats(array[1176])
[23:39:44.837278] {EGLSurface(19)} zwp_linux_dmabuf_feedback_v1#33.tranche_done()
[23:39:44.837280] {EGLSurface(19)} zwp_linux_dmabuf_feedback_v1#33.done()
[23:39:44.837281] {EGLSurface(19)} wl_callback#34.done(86)
[23:39:44.837376] {EGLSurface(19/0x55577b3c4f20)}  -> zwp_linux_dmabuf_v1#27.create_params(new id zwp_linux_buffer_params_v1#34)
[23:39:44.837382] {EGLSurface(19/0x55577b3c4f20)}  -> zwp_linux_buffer_params_v1#34.add(fd 60, 0, 0, 2560, 50331648, 6316052)
[23:39:44.837386] {EGLSurface(19/0x55577b3c4f20)}  -> zwp_linux_buffer_params_v1#34.create(640, 512, 875713112, 0)
[23:39:44.837388] {EGLSurface(19/0x55577b3c4f20)}  -> wl_display#1.sync(new id wl_callback#35)
[23:39:44.837491] {Display Queue} wl_display#1.delete_id(35)
[23:39:44.837493] {EGLSurface(19/0x55577b3c4f20)} zwp_linux_buffer_params_v1#34.created(new id wl_buffer#4278190080)
[23:39:44.837495] {EGLSurface(19/0x55577b3c4f20)} wl_callback#35.done(86)
[23:39:44.837497] {EGLSurface(19/0x55577b3c4f20)}  -> zwp_linux_buffer_params_v1#34.destroy()
[23:39:44.859692] {Default Queue}  -> xdg_wm_base#12.get_xdg_surface(new id xdg_surface#35, wl_surface#19)
[23:39:44.859699] {Default Queue}  -> xdg_surface#35.get_toplevel(new id xdg_toplevel#36)
[23:39:44.859702] {Default Queue}  -> xdg_toplevel#36.set_app_id("cudaterm")
[23:39:44.859704] {Default Queue}  -> xdg_toplevel#36.set_title("cudaterm")
[23:39:44.859718] {Default Queue}  -> wl_shm#10.create_pool(new id wl_shm_pool#37, fd 70, 4)
[23:39:44.859725] {Default Queue}  -> wl_shm_pool#37.create_buffer(new id wl_buffer#38, 0, 1, 1, 4, 0)
[23:39:44.859731] {Default Queue}  -> wl_shm_pool#37.destroy()
[23:39:44.859734] {Default Queue}  -> wl_compositor#4.create_surface(new id wl_surface#39)
[23:39:44.859736] {Default Queue}  -> wl_subcompositor#5.get_subsurface(new id wl_subsurface#40, wl_surface#39, wl_surface#19)
[23:39:44.859738] {Default Queue}  -> wl_subsurface#40.set_position(0, -24)
[23:39:44.859740] {Default Queue}  -> wp_viewporter#6.get_viewport(new id wp_viewport#41, wl_surface#39)
[23:39:44.859742] {Default Queue}  -> wp_viewport#41.set_destination(640, 24)
[23:39:44.859744] {Default Queue}  -> wl_surface#39.attach(wl_buffer#38, 0, 0)
[23:39:44.859747] {Default Queue}  -> wl_compositor#4.create_region(new id wl_region#42)
[23:39:44.859748] {Default Queue}  -> wl_region#42.add(0, 0, 640, 24)
[23:39:44.859751] {Default Queue}  -> wl_surface#39.set_opaque_region(wl_region#42)
[23:39:44.859752] {Default Queue}  -> wl_surface#39.commit()
[23:39:44.859754] {Default Queue}  -> wl_region#42.destroy()
[23:39:44.859755] {Default Queue}  -> wl_compositor#4.create_surface(new id wl_surface#43)
[23:39:44.859757] {Default Queue}  -> wl_subcompositor#5.get_subsurface(new id wl_subsurface#44, wl_surface#43, wl_surface#19)
[23:39:44.859759] {Default Queue}  -> wl_subsurface#44.set_position(-4, -24)
[23:39:44.859761] {Default Queue}  -> wp_viewporter#6.get_viewport(new id wp_viewport#45, wl_surface#43)
[23:39:44.859764] {Default Queue}  -> wp_viewport#45.set_destination(4, 536)
[23:39:44.859765] {Default Queue}  -> wl_surface#43.attach(wl_buffer#38, 0, 0)
[23:39:44.859767] {Default Queue}  -> wl_compositor#4.create_region(new id wl_region#46)
[23:39:44.859769] {Default Queue}  -> wl_region#46.add(0, 0, 4, 536)
[23:39:44.859771] {Default Queue}  -> wl_surface#43.set_opaque_region(wl_region#46)
[23:39:44.859772] {Default Queue}  -> wl_surface#43.commit()
[23:39:44.859774] {Default Queue}  -> wl_region#46.destroy()
[23:39:44.859775] {Default Queue}  -> wl_compositor#4.create_surface(new id wl_surface#47)
[23:39:44.859777] {Default Queue}  -> wl_subcompositor#5.get_subsurface(new id wl_subsurface#48, wl_surface#47, wl_surface#19)
[23:39:44.859779] {Default Queue}  -> wl_subsurface#48.set_position(640, -24)
[23:39:44.859781] {Default Queue}  -> wp_viewporter#6.get_viewport(new id wp_viewport#49, wl_surface#47)
[23:39:44.859783] {Default Queue}  -> wp_viewport#49.set_destination(4, 536)
[23:39:44.859784] {Default Queue}  -> wl_surface#47.attach(wl_buffer#38, 0, 0)
[23:39:44.859786] {Default Queue}  -> wl_compositor#4.create_region(new id wl_region#50)
[23:39:44.859788] {Default Queue}  -> wl_region#50.add(0, 0, 4, 536)
[23:39:44.859789] {Default Queue}  -> wl_surface#47.set_opaque_region(wl_region#50)
[23:39:44.859791] {Default Queue}  -> wl_surface#47.commit()
[23:39:44.859792] {Default Queue}  -> wl_region#50.destroy()
[23:39:44.859794] {Default Queue}  -> wl_compositor#4.create_surface(new id wl_surface#51)
[23:39:44.859796] {Default Queue}  -> wl_subcompositor#5.get_subsurface(new id wl_subsurface#52, wl_surface#51, wl_surface#19)
[23:39:44.859800] {Default Queue}  -> wl_subsurface#52.set_position(-4, 512)
[23:39:44.859802] {Default Queue}  -> wp_viewporter#6.get_viewport(new id wp_viewport#53, wl_surface#51)
[23:39:44.859805] {Default Queue}  -> wp_viewport#53.set_destination(648, 4)
[23:39:44.859808] {Default Queue}  -> wl_surface#51.attach(wl_buffer#38, 0, 0)
[23:39:44.859811] {Default Queue}  -> wl_compositor#4.create_region(new id wl_region#54)
[23:39:44.859813] {Default Queue}  -> wl_region#54.add(0, 0, 648, 4)
[23:39:44.859814] {Default Queue}  -> wl_surface#51.set_opaque_region(wl_region#54)
[23:39:44.859816] {Default Queue}  -> wl_surface#51.commit()
[23:39:44.859817] {Default Queue}  -> wl_region#54.destroy()
[23:39:44.859818] {Default Queue}  -> xdg_toplevel#36.set_min_size(0, 0)
[23:39:44.859820] {Default Queue}  -> xdg_toplevel#36.set_max_size(0, 0)
[23:39:44.859822] {Default Queue}  -> wl_surface#19.commit()
[23:39:44.859824] {Default Queue}  -> wl_display#1.sync(new id wl_callback#55)
[23:39:44.859826] {Default Queue} wl_keyboard#15.repeat_info(40, 400)
[23:39:44.859829] {Default Queue} wl_keyboard#15.keymap(1, fd 40, 35572)
[23:39:44.861551] {Display Queue} wl_display#1.delete_id(34)
[23:39:44.861555] {Display Queue} wl_display#1.delete_id(37)
[23:39:44.861557] {Display Queue} wl_display#1.delete_id(42)
[23:39:44.861558] {Display Queue} wl_display#1.delete_id(46)
[23:39:44.861559] {Display Queue} wl_display#1.delete_id(50)
[23:39:44.861561] {Display Queue} wl_display#1.delete_id(54)
[23:39:44.861562] {Display Queue} wl_display#1.delete_id(55)
[23:39:44.861563] {Default Queue} wl_callback#55.done(86)
[23:39:44.861565] {Default Queue} xdg_toplevel#36.configure(0, 0, array[0])
[23:39:44.861568] {Default Queue} xdg_surface#35.configure(87)
[23:39:44.861570] {Default Queue}  -> xdg_surface#35.ack_configure(87)
[23:39:44.873438] {EGLSurface(19)}  -> wl_surface#19.damage(0, 0, 2147483647, 2147483647)
[23:39:44.873446] {EGLSurface(19)}  -> wl_surface#19.attach(wl_buffer#4278190080, 0, 0)
[23:39:44.873450] {Default Queue}  -> wp_fifo_v1#31.set_barrier()
[23:39:44.873453] {EGLSurface(19)}  -> wl_surface#19.commit()
[23:39:44.873455] {EGLSurface(19)}  -> wl_display#1.sync(new id wl_callback#55)
[23:39:44.873620] {EGLSurface(19/0x55577b3c4f20)}  -> zwp_linux_dmabuf_v1#27.create_params(new id zwp_linux_buffer_params_v1#54)
[23:39:44.873626] {EGLSurface(19/0x55577b3c4f20)}  -> zwp_linux_buffer_params_v1#54.add(fd 40, 0, 0, 2560, 50331648, 6316052)
[23:39:44.873629] {EGLSurface(19/0x55577b3c4f20)}  -> zwp_linux_buffer_params_v1#54.create(640, 512, 875713112, 0)
[23:39:44.873631] {EGLSurface(19/0x55577b3c4f20)}  -> wl_display#1.sync(new id wl_callback#50)
[23:39:44.873642] {Display Queue} wl_display#1.delete_id(55)
[23:39:44.873728] {Display Queue} wl_display#1.delete_id(50)
[23:39:44.873730] {EGLSurface(19/0x55577b3c4f20)} zwp_linux_buffer_params_v1#54.created(new id wl_buffer#4278190082)
[23:39:44.873732] {EGLSurface(19/0x55577b3c4f20)} wl_callback#50.done(89)
[23:39:44.873734] {EGLSurface(19/0x55577b3c4f20)}  -> zwp_linux_buffer_params_v1#54.destroy()
[23:39:44.873778] {Default Queue} wl_surface#19.enter(wl_output#11)
[23:39:44.873781] {Default Queue} discarded wl_surface#39.enter(wl_output#11)
[23:39:44.873782] {Default Queue} discarded wl_surface#43.enter(wl_output#11)
[23:39:44.873783] {Default Queue} discarded wl_surface#47.enter(wl_output#11)
[23:39:44.873785] {Default Queue} discarded wl_surface#51.enter(wl_output#11)
[23:39:44.873786] {Default Queue} wl_keyboard#15.enter(88, wl_surface#19, array[0])
[23:39:44.873871] {Default Queue} wl_keyboard#15.modifiers(88, 0, 0, 0, 0)
[23:39:44.873875] {Default Queue} wl_data_device#18.data_offer(new id wl_data_offer#4278190081)
[23:39:44.873877] {Default Queue} wl_data_offer#4278190081.offer("text/plain;charset=utf-8")
[23:39:44.873878] {Default Queue} wl_data_device#18.selection(wl_data_offer#4278190081)
[23:39:44.873880] {Default Queue} xdg_toplevel#36.configure(0, 0, array[4])
[23:39:44.873883] {Default Queue} xdg_surface#35.configure(89)
[23:39:44.873887] {Default Queue}  -> xdg_surface#35.ack_configure(89)
[23:39:44.879209] {Display Queue} wl_display#1.delete_id(54)
[23:39:44.879213] {Default Queue} discarded wl_buffer#38.release()
[23:39:44.879214] {Default Queue} wl_pointer#14.enter(91, wl_surface#19, 339.00000000, 5.00000000)
[23:39:44.879219] {Default Queue}  -> wl_shm_pool#3.create_buffer(new id wl_buffer#54, 581632, 32, 32, 128, 0)
[23:39:44.879222] {Default Queue}  -> wl_pointer#14.set_cursor(91, wl_surface#17, 4, 4)
[23:39:44.879224] {Default Queue}  -> wl_surface#17.set_buffer_scale(1)
[23:39:44.879226] {Default Queue}  -> wl_surface#17.attach(wl_buffer#54, 0, 0)
[23:39:44.879227] {Default Queue}  -> wl_surface#17.damage(0, 0, 32, 32)
[23:39:44.879229] {Default Queue}  -> wl_surface#17.commit()
[23:39:44.879389] {Default Queue} xdg_wm_base#12.ping(92)
[23:39:44.879392] {Default Queue}  -> xdg_wm_base#12.pong(92)
[23:39:44.879417] {Default Queue} discarded wl_surface#17.enter(wl_output#11)
[23:39:44.895805] {Default Queue} discarded wl_buffer#54.release()
[23:39:45.627016] {Default Queue} wl_pointer#14.motion(1945190490, 4.00000000, 24.00000000)
[23:39:45.677077] {Default Queue} wl_keyboard#15.key(93, 1945190541, 42, 1)
[23:39:45.677096] {Default Queue} wl_keyboard#15.modifiers(93, 1, 0, 0, 0)
[23:39:45.677100] {Default Queue} wl_pointer#14.motion(1945190541, 52.00000000, 24.00000000)
[23:39:45.727164] {Default Queue} wl_pointer#14.button(94, 1945190591, 272, 1)
[23:39:45.727407] {EGLSurface(19)} wl_callback#55.done(88)
[23:39:45.727589] {EGLSurface(19)}  -> wl_surface#19.damage(0, 0, 2147483647, 2147483647)
[23:39:45.727592] {EGLSurface(19)}  -> wl_surface#19.attach(wl_buffer#4278190082, 0, 0)
[23:39:45.727595] {Default Queue}  -> wp_fifo_v1#31.set_barrier()
[23:39:45.727597] {EGLSurface(19)}  -> wl_surface#19.commit()
[23:39:45.727600] {EGLSurface(19)}  -> wl_display#1.sync(new id wl_callback#55)
[23:39:45.727892] {EGLSurface(19/0x55577b3c4f20)}  -> zwp_linux_dmabuf_v1#27.create_params(new id zwp_linux_buffer_params_v1#50)
[23:39:45.727900] {EGLSurface(19/0x55577b3c4f20)}  -> zwp_linux_buffer_params_v1#50.add(fd 40, 0, 0, 2560, 50331648, 6316052)
[23:39:45.727902] {EGLSurface(19/0x55577b3c4f20)}  -> zwp_linux_buffer_params_v1#50.create(640, 512, 875713112, 0)
[23:39:45.727904] {EGLSurface(19/0x55577b3c4f20)}  -> wl_display#1.sync(new id wl_callback#46)
[23:39:45.727915] {Display Queue} wl_display#1.delete_id(55)
[23:39:45.728044] {Display Queue} wl_display#1.delete_id(46)
[23:39:45.728051] {EGLSurface(19/0x55577b3c4f20)} zwp_linux_buffer_params_v1#50.created(new id wl_buffer#4278190083)
[23:39:45.728054] {EGLSurface(19/0x55577b3c4f20)} wl_callback#46.done(94)
[23:39:45.728056] {EGLSurface(19/0x55577b3c4f20)}  -> zwp_linux_buffer_params_v1#50.destroy()
[23:39:45.729249] {Display Queue} wl_display#1.delete_id(50)
[23:39:45.767252] {Default Queue} wl_pointer#14.button(95, 1945190631, 272, 0)
[23:39:45.767377] {Default Queue} xdg_wm_base#12.ping(96)
[23:39:45.767381] {Default Queue}  -> xdg_wm_base#12.pong(96)
[23:39:45.767476] {EGLSurface(19)} wl_callback#55.done(94)
[23:39:45.767719] {EGLSurface(19)}  -> wl_surface#19.damage(0, 0, 2147483647, 2147483647)
[23:39:45.767723] {EGLSurface(19)}  -> wl_surface#19.attach(wl_buffer#4278190083, 0, 0)
[23:39:45.767726] {Default Queue}  -> wp_fifo_v1#31.set_barrier()
[23:39:45.767727] {EGLSurface(19)}  -> wl_surface#19.commit()
[23:39:45.767730] {EGLSurface(19)}  -> wl_display#1.sync(new id wl_callback#55)
[23:39:45.767735] {EGLSurface(19/0x55577b3c4f20)} wl_buffer#4278190080.release()
[23:39:45.767781] {Display Queue} wl_display#1.delete_id(55)
[23:39:45.807309] {Default Queue} wl_pointer#14.button(97, 1945190671, 272, 1)
[23:39:45.807524] {EGLSurface(19)} wl_callback#55.done(96)
[23:39:45.807727] {EGLSurface(19)}  -> wl_surface#19.damage(0, 0, 2147483647, 2147483647)
[23:39:45.807733] {EGLSurface(19)}  -> wl_surface#19.attach(wl_buffer#4278190080, 0, 0)
[23:39:45.807736] {Default Queue}  -> wp_fifo_v1#31.set_barrier()
[23:39:45.807740] {EGLSurface(19)}  -> wl_surface#19.commit()
[23:39:45.807748] {EGLSurface(19)}  -> wl_display#1.sync(new id wl_callback#55)
[23:39:45.807755] {EGLSurface(19/0x55577b3c4f20)} wl_buffer#4278190082.release()
[23:39:45.807781] {Display Queue} wl_display#1.delete_id(55)
[23:39:45.847388] {Default Queue} wl_pointer#14.button(98, 1945190711, 272, 0)
[23:39:45.847768] {Default Queue} xdg_wm_base#12.ping(99)
[23:39:45.847773] {Default Queue}  -> xdg_wm_base#12.pong(99)
[23:39:45.847886] {EGLSurface(19)} wl_callback#55.done(97)
[23:39:45.848208] {EGLSurface(19)}  -> wl_surface#19.damage(0, 0, 2147483647, 2147483647)
[23:39:45.848212] {EGLSurface(19)}  -> wl_surface#19.attach(wl_buffer#4278190082, 0, 0)
[23:39:45.848216] {Default Queue}  -> wp_fifo_v1#31.set_barrier()
[23:39:45.848219] {EGLSurface(19)}  -> wl_surface#19.commit()
[23:39:45.848223] {EGLSurface(19)}  -> wl_display#1.sync(new id wl_callback#55)
[23:39:45.848230] {EGLSurface(19/0x55577b3c4f20)} wl_buffer#4278190083.release()
[23:39:45.848258] {Display Queue} wl_display#1.delete_id(55)
[23:39:45.887451] {Default Queue} wl_pointer#14.button(100, 1945190751, 272, 1)
[23:39:45.887654] {EGLSurface(19)} wl_callback#55.done(99)
[23:39:45.887860] {EGLSurface(19)}  -> wl_surface#19.damage(0, 0, 2147483647, 2147483647)
[23:39:45.887865] {EGLSurface(19)}  -> wl_surface#19.attach(wl_buffer#4278190083, 0, 0)
[23:39:45.887869] {Default Queue}  -> wp_fifo_v1#31.set_barrier()
[23:39:45.887871] {EGLSurface(19)}  -> wl_surface#19.commit()
[23:39:45.887875] {EGLSurface(19)}  -> wl_display#1.sync(new id wl_callback#55)
[23:39:45.887882] {EGLSurface(19/0x55577b3c4f20)} wl_buffer#4278190080.release()
[23:39:45.887908] {Display Queue} wl_display#1.delete_id(55)
[23:39:45.927547] {Default Queue} wl_pointer#14.button(101, 1945190791, 272, 0)
[23:39:45.927685] {Default Queue} xdg_wm_base#12.ping(102)
[23:39:45.927690] {Default Queue}  -> xdg_wm_base#12.pong(102)
[23:39:45.927812] {EGLSurface(19)} wl_callback#55.done(100)
[23:39:45.928088] {EGLSurface(19)}  -> wl_surface#19.damage(0, 0, 2147483647, 2147483647)
[23:39:45.928095] {EGLSurface(19)}  -> wl_surface#19.attach(wl_buffer#4278190080, 0, 0)
[23:39:45.928100] {Default Queue}  -> wp_fifo_v1#31.set_barrier()
[23:39:45.928102] {EGLSurface(19)}  -> wl_surface#19.commit()
[23:39:45.928106] {EGLSurface(19)}  -> wl_display#1.sync(new id wl_callback#55)
[23:39:45.928114] {EGLSurface(19/0x55577b3c4f20)} wl_buffer#4278190082.release()
[23:39:45.928159] {Display Queue} wl_display#1.delete_id(55)
[23:39:45.967621] {Default Queue} wl_keyboard#15.key(103, 1945190831, 42, 0)
[23:39:45.967640] {Default Queue} wl_keyboard#15.modifiers(103, 0, 0, 0, 0)
[23:39:46.017698] {Default Queue} wl_keyboard#15.key(104, 1945190881, 29, 1)
[23:39:46.017725] {Default Queue} wl_keyboard#15.modifiers(104, 4, 0, 0, 0)
[23:39:46.017729] {Default Queue} wl_keyboard#15.key(105, 1945190881, 42, 1)
[23:39:46.017733] {Default Queue} wl_keyboard#15.modifiers(105, 5, 0, 0, 0)
[23:39:46.017736] {Default Queue} wl_keyboard#15.key(106, 1945190881, 46, 1)
[23:39:46.017923] {Default Queue}  -> wl_data_device_manager#9.create_data_source(new id wl_data_source#50)
[23:39:46.017927] {Default Queue}  -> wl_data_source#50.offer("text/plain;charset=utf-8")
[23:39:46.017930] {Default Queue}  -> wl_data_device#18.set_selection(wl_data_source#50, 106)
[23:39:46.017934] {Default Queue} wl_keyboard#15.key(107, 1945190881, 46, 0)
[23:39:46.017938] {Default Queue} wl_keyboard#15.key(108, 1945190881, 42, 0)
[23:39:46.017941] {Default Queue} wl_keyboard#15.modifiers(108, 4, 0, 0, 0)
[23:39:46.017945] {Default Queue} wl_keyboard#15.key(109, 1945190881, 29, 0)
[23:39:46.017948] {Default Queue} wl_keyboard#15.modifiers(109, 0, 0, 0, 0)
[23:39:46.017995] {Default Queue} wl_data_device#18.data_offer(new id wl_data_offer#4278190084)
[23:39:46.017998] {Default Queue} wl_data_offer#4278190084.offer("text/plain;charset=utf-8")
[23:39:46.018001] {Default Queue} wl_data_device#18.selection(wl_data_offer#4278190084)
[23:39:46.018004] {Default Queue}  -> wl_data_offer#4278190081.destroy()
[23:39:46.018007] {Default Queue} wl_data_source#50.send("text/plain;charset=utf-8", fd 40)
[23:39:46.117781] {Default Queue} wl_keyboard#15.key(110, 1945190981, 29, 1)
[23:39:46.117803] {Default Queue} wl_keyboard#15.modifiers(110, 4, 0, 0, 0)
[23:39:46.117808] {Default Queue} wl_keyboard#15.key(111, 1945190981, 42, 1)
[23:39:46.117811] {Default Queue} wl_keyboard#15.modifiers(111, 5, 0, 0, 0)
[23:39:46.117814] {Default Queue} wl_keyboard#15.key(112, 1945190981, 47, 1)
[23:39:46.117938] {Default Queue} wl_keyboard#15.key(113, 1945190981, 47, 0)
[23:39:46.117941] {Default Queue} wl_keyboard#15.key(114, 1945190981, 42, 0)
[23:39:46.117944] {Default Queue} wl_keyboard#15.modifiers(114, 4, 0, 0, 0)
[23:39:46.117948] {Default Queue} wl_keyboard#15.key(115, 1945190981, 29, 0)
[23:39:46.117951] {Default Queue} wl_keyboard#15.modifiers(115, 0, 0, 0, 0)
[23:39:46.118092] {EGLSurface(19)} wl_callback#55.done(102)
[23:39:46.118259] {EGLSurface(19)}  -> wl_surface#19.damage(0, 0, 2147483647, 2147483647)
[23:39:46.118264] {EGLSurface(19)}  -> wl_surface#19.attach(wl_buffer#4278190082, 0, 0)
[23:39:46.118267] {Default Queue}  -> wp_fifo_v1#31.set_barrier()
[23:39:46.118269] {EGLSurface(19)}  -> wl_surface#19.commit()
[23:39:46.118272] {EGLSurface(19)}  -> wl_display#1.sync(new id wl_callback#55)
[23:39:46.118277] {EGLSurface(19/0x55577b3c4f20)} wl_buffer#4278190083.release()
[23:39:46.118310] {Display Queue} wl_display#1.delete_id(55)
[23:39:46.141929] {Default Queue}  -> wl_display#1.sync(new id wl_callback#46)
[23:39:46.141986] {Display Queue} wl_display#1.delete_id(46)
[23:39:46.141994] {Default Queue} discarded wl_callback#46.done(115)
[23:39:46.142014] {Default Queue}  -> wl_display#1.sync(new id wl_callback#42)
[23:39:46.142027] {Display Queue} wl_display#1.delete_id(42)
[23:39:46.142029] {Default Queue} discarded wl_callback#42.done(115)
[23:39:46.142032] {Default Queue}  -> wl_display#1.sync(new id wl_callback#37)
[23:39:46.142951] {EGLSurface(19/0x55577b3c4f20)}  -> wl_buffer#4278190080.destroy()
[23:39:46.142998] {EGLSurface(19/0x55577b3c4f20)}  -> wl_buffer#4278190082.destroy()
[23:39:46.143029] {EGLSurface(19/0x55577b3c4f20)}  -> wl_buffer#4278190083.destroy()
[23:39:46.143063] {EGLSurface(19)}  -> zwp_linux_dmabuf_feedback_v1#33.destroy()
[23:39:46.143071] {Default Queue}  -> wp_fifo_v1#31.destroy()
[23:39:46.143073] {Default Queue}  -> wp_commit_timer_v1#32.destroy()
[23:39:46.143302] {Default Queue}  -> wl_subsurface#40.destroy()
[23:39:46.143307] {Default Queue}  -> wl_surface#39.destroy()
[23:39:46.143309] {Default Queue}  -> wp_viewport#41.destroy()
[23:39:46.143312] {Default Queue}  -> wl_subsurface#44.destroy()
[23:39:46.143314] {Default Queue}  -> wl_surface#43.destroy()
[23:39:46.143316] {Default Queue}  -> wp_viewport#45.destroy()
[23:39:46.143317] {Default Queue}  -> wl_subsurface#48.destroy()
[23:39:46.143319] {Default Queue}  -> wl_surface#47.destroy()
[23:39:46.143321] {Default Queue}  -> wp_viewport#49.destroy()
[23:39:46.143323] {Default Queue}  -> wl_subsurface#52.destroy()
[23:39:46.143324] {Default Queue}  -> wl_surface#51.destroy()
[23:39:46.143326] {Default Queue}  -> wp_viewport#53.destroy()
[23:39:46.143328] {Default Queue}  -> xdg_toplevel#36.destroy()
[23:39:46.143331] {Default Queue}  -> xdg_surface#35.destroy()
[23:39:46.143332] {Default Queue}  -> wl_buffer#38.destroy()
[23:39:46.143334] {Default Queue}  -> wl_surface#19.destroy()
[23:39:46.143349] {Default Queue}  -> zwp_linux_dmabuf_v1#27.destroy()
[23:39:46.143486] {Default Queue}  -> wl_buffer#54.destroy()
[23:39:46.143507] {Default Queue}  -> wl_shm_pool#3.destroy()
[23:39:46.143534] {Default Queue}  -> wl_shm_pool#16.destroy()
[23:39:46.143551] {Default Queue}  -> wl_surface#17.destroy()
[23:39:46.143554] {Default Queue}  -> wl_subcompositor#5.destroy()
[23:39:46.143556] {Default Queue}  -> wp_viewporter#6.destroy()
[23:39:46.143558] {Default Queue}  -> xdg_wm_base#12.destroy()
[23:39:46.143561] {Default Queue}  -> wl_data_offer#4278190084.destroy()
[23:39:46.143563] {Default Queue}  -> wl_data_source#50.destroy()
[23:39:46.143566] {Default Queue}  -> zwp_relative_pointer_manager_v1#7.destroy()
[23:39:46.143571] {Default Queue}  -> zwp_pointer_constraints_v1#8.destroy()
[23:39:46.191301] {Default Queue}  -> wl_display#1.get_registry(new id wl_registry#2)
[23:39:46.191316] {Default Queue}  -> wl_display#1.sync(new id wl_callback#3)
[23:39:46.191355] {Display Queue} wl_display#1.delete_id(3)
[23:39:46.191358] {Default Queue} wl_registry#2.global(1, "wl_compositor", 5)
[23:39:46.191361] {Default Queue}  -> wl_registry#2.bind(1, "wl_compositor", 3, new id [unknown]#4)
[23:39:46.191364] {Default Queue} wl_registry#2.global(2, "wl_subcompositor", 1)
[23:39:46.191366] {Default Queue}  -> wl_registry#2.bind(2, "wl_subcompositor", 1, new id [unknown]#5)
[23:39:46.191370] {Default Queue} wl_registry#2.global(3, "wp_viewporter", 1)
[23:39:46.191372] {Default Queue}  -> wl_registry#2.bind(3, "wp_viewporter", 1, new id [unknown]#6)
[23:39:46.191374] {Default Queue} wl_registry#2.global(4, "zxdg_output_manager_v1", 2)
[23:39:46.191375] {Default Queue} wl_registry#2.global(5, "wp_presentation", 2)
[23:39:46.191377] {Default Queue} wl_registry#2.global(6, "wp_single_pixel_buffer_manager_v1", 1)
[23:39:46.191378] {Default Queue} wl_registry#2.global(7, "wp_tearing_control_manager_v1", 1)
[23:39:46.191380] {Default Queue} wl_registry#2.global(8, "wp_fifo_manager_v1", 1)
[23:39:46.191382] {Default Queue} wl_registry#2.global(9, "wp_commit_timing_manager_v1", 1)
[23:39:46.191384] {Default Queue} wl_registry#2.global(10, "wp_alpha_modifier_v1", 1)
[23:39:46.191385] {Default Queue} wl_registry#2.global(11, "zwp_relative_pointer_manager_v1", 1)
[23:39:46.191388] {Default Queue}  -> wl_registry#2.bind(11, "zwp_relative_pointer_manager_v1", 1, new id [unknown]#7)
[23:39:46.191390] {Default Queue} wl_registry#2.global(12, "zwp_pointer_constraints_v1", 1)
[23:39:46.191393] {Default Queue}  -> wl_registry#2.bind(12, "zwp_pointer_constraints_v1", 1, new id [unknown]#8)
[23:39:46.191395] {Default Queue} wl_registry#2.global(13, "zwp_input_timestamps_manager_v1", 1)
[23:39:46.191397] {Default Queue} wl_registry#2.global(14, "weston_capture_v1", 2)
[23:39:46.191399] {Default Queue} wl_registry#2.global(15, "wl_data_device_manager", 3)
[23:39:46.191400] {Default Queue}  -> wl_registry#2.bind(15, "wl_data_device_manager", 1, new id [unknown]#9)
[23:39:46.191402] {Default Queue} wl_registry#2.global(16, "wl_shm", 2)
[23:39:46.191404] {Default Queue}  -> wl_registry#2.bind(16, "wl_shm", 1, new id [unknown]#10)
[23:39:46.191406] {Default Queue} wl_registry#2.global(17, "weston_debug_v1", 1)
[23:39:46.191408] {Default Queue} wl_registry#2.global(18, "wl_eglstream_display", 1)
[23:39:46.191409] {Default Queue} wl_registry#2.global(19, "wl_drm", 2)
[23:39:46.191412] {Default Queue} wl_registry#2.global(20, "zwp_linux_dmabuf_v1", 5)
[23:39:46.191413] {Default Queue} wl_registry#2.global(21, "zwp_linux_explicit_synchronization_v1", 2)
[23:39:46.191416] {Default Queue} wl_registry#2.global(22, "wp_color_representation_manager_v1", 1)
[23:39:46.191417] {Default Queue} wl_registry#2.global(23, "wl_output", 4)
[23:39:46.191419] {Default Queue}  -> wl_registry#2.bind(23, "wl_output", 4, new id [unknown]#11)
[23:39:46.191422] {Default Queue} wl_registry#2.global(24, "zwp_input_panel_v1", 1)
[23:39:46.191424] {Default Queue} wl_registry#2.global(25, "zwp_text_input_manager_v1", 1)
[23:39:46.191426] {Default Queue} wl_registry#2.global(26, "xdg_wm_base", 5)
[23:39:46.191428] {Default Queue}  -> wl_registry#2.bind(26, "xdg_wm_base", 1, new id [unknown]#12)
[23:39:46.191430] {Default Queue} wl_registry#2.global(27, "weston_desktop_shell", 1)
[23:39:46.191432] {Default Queue} wl_registry#2.global(28, "wl_seat", 7)
[23:39:46.191434] {Default Queue}  -> wl_registry#2.bind(28, "wl_seat", 4, new id [unknown]#13)
[23:39:46.191437] {Default Queue} wl_registry#2.global(29, "zwp_input_method_v1", 1)
[23:39:46.191438] {Default Queue} wl_callback#3.done(116)
[23:39:46.191440] {Default Queue}  -> wl_display#1.sync(new id wl_callback#3)
[23:39:46.191469] {Display Queue} wl_display#1.delete_id(3)
[23:39:46.191471] {Default Queue} discarded wl_shm#10.format(0)
[23:39:46.191474] {Default Queue} discarded wl_shm#10.format(1)
[23:39:46.191478] {Default Queue} discarded wl_shm#10.format(842093144)
[23:39:46.191480] {Default Queue} discarded wl_shm#10.format(842093121)
[23:39:46.191481] {Default Queue} discarded wl_shm#10.format(842089048)
[23:39:46.191482] {Default Queue} discarded wl_shm#10.format(842089025)
[23:39:46.191483] {Default Queue} discarded wl_shm#10.format(842094674)
[23:39:46.191485] {Default Queue} discarded wl_shm#10.format(842088786)
[23:39:46.191487] {Default Queue} discarded wl_shm#10.format(842094658)
[23:39:46.191488] {Default Queue} discarded wl_shm#10.format(842088770)
[23:39:46.191489] {Default Queue} discarded wl_shm#10.format(892426322)
[23:39:46.191490] {Default Queue} discarded wl_shm#10.format(892420434)
[23:39:46.191492] {Default Queue} discarded wl_shm#10.format(892426306)
[23:39:46.191493] {Default Queue} discarded wl_shm#10.format(892420418)
[23:39:46.191495] {Default Queue} discarded wl_shm#10.format(909199186)
[23:39:46.191496] {Default Queue} discarded wl_shm#10.format(909199170)
[23:39:46.191497] {Default Queue} discarded wl_shm#10.format(875710290)
[23:39:46.191498] {Default Queue} discarded wl_shm#10.format(875710274)
[23:39:46.191500] {Default Queue} discarded wl_shm#10.format(875713112)
[23:39:46.191501] {Default Queue} discarded wl_shm#10.format(875713089)
[23:39:46.191503] {Default Queue} discarded wl_shm#10.format(875709016)
[23:39:46.191504] {Default Queue} discarded wl_shm#10.format(875708993)
[23:39:46.191505] {Default Queue} discarded wl_shm#10.format(875714642)
[23:39:46.191507] {Default Queue} discarded wl_shm#10.format(875708754)
[23:39:46.191508] {Default Queue} discarded wl_shm#10.format(875714626)
[23:39:46.191510] {Default Queue} discarded wl_shm#10.format(875708738)
[23:39:46.191511] {Default Queue} discarded wl_shm#10.format(808669784)
[23:39:46.191513] {Default Queue} discarded wl_shm#10.format(808669761)
[23:39:46.191514] {Default Queue} discarded wl_shm#10.format(808665688)
[23:39:46.191515] {Default Queue} discarded wl_shm#10.format(808665665)
[23:39:46.191517] {Default Queue} discarded wl_shm#10.format(942948952)
[23:39:46.191518] {Default Queue} discarded wl_shm#10.format(942948929)
[23:39:46.191521] {Default Queue} discarded wl_shm#10.format(942953048)
[23:39:46.191522] {Default Queue} discarded wl_shm#10.format(942953025)
[23:39:46.191523] {Default Queue} discarded wl_shm#10.format(1211384408)
[23:39:46.191525] {Default Queue} discarded wl_shm#10.format(1211384385)
[23:39:46.191526] {Default Queue} discarded wl_shm#10.format(1211388504)
[23:39:46.191528] {Default Queue} discarded wl_shm#10.format(1211388481)
[23:39:46.191529] {Default Queue} discarded wl_shm#10.format(1448695129)
[23:39:46.191530] {Default Queue} discarded wl_shm#10.format(1431918169)
[23:39:46.191531] {Default Queue} discarded wl_shm#10.format(1498831189)
[23:39:46.191533] {Default Queue} discarded wl_shm#10.format(1498765654)
[23:39:46.191534] {Default Queue} discarded wl_shm#10.format(842094158)
[23:39:46.191536] {Default Queue} discarded wl_shm#10.format(825382478)
[23:39:46.191537] {Default Queue} discarded wl_shm#10.format(909203022)
[23:39:46.191539] {Default Queue} discarded wl_shm#10.format(825644622)
[23:39:46.191540] {Default Queue} discarded wl_shm#10.format(875714126)
[23:39:46.191541] {Default Queue} discarded wl_shm#10.format(842290766)
[23:39:46.191542] {Default Queue} discarded wl_shm#10.format(808530000)
[23:39:46.191544] {Default Queue} discarded wl_shm#10.format(842084432)
[23:39:46.191545] {Default Queue} discarded wl_shm#10.format(909193296)
[23:39:46.191547] {Default Queue} discarded wl_shm#10.format(842093913)
[23:39:46.191548] {Default Queue} discarded wl_shm#10.format(842094169)
[23:39:46.191549] {Default Queue} discarded wl_shm#10.format(909202777)
[23:39:46.191550] {Default Queue} discarded wl_shm#10.format(909203033)
[23:39:46.191552] {Default Queue} discarded wl_shm#10.format(875713881)
[23:39:46.191553] {Default Queue} discarded wl_shm#10.format(875714137)
[23:39:46.191555] {Default Queue} discarded wl_shm#10.format(1448434008)
[23:39:46.191556] {Default Queue} wl_output#11.geometry(0, 0, 1200, 900, 0, "weston", "headless", 0)
[23:39:46.191562] {Default Queue} wl_output#11.scale(1)
[23:39:46.191564] {Default Queue} wl_output#11.mode(3, 1200, 900, 60000)
[23:39:46.191567] {Default Queue} wl_output#11.name("headless")
[23:39:46.191569] {Default Queue} wl_output#11.description("headless")
[23:39:46.191571] {Default Queue} wl_output#11.done()
[23:39:46.191573] {Default Queue} wl_seat#13.name("cudaterm-test")
[23:39:46.191575] {Default Queue} wl_seat#13.capabilities(3)
[23:39:46.191577] {Default Queue}  -> wl_seat#13.get_pointer(new id wl_pointer#14)
[23:39:46.191580] {Default Queue}  -> wl_seat#13.get_keyboard(new id wl_keyboard#15)
[23:39:46.191582] {Default Queue} wl_callback#3.done(116)
[23:39:46.191598] {Default Queue}  -> wl_shm#10.create_pool(new id wl_shm_pool#3, fd 40, 1296)
[23:39:46.191827] {Default Queue}  -> wl_shm_pool#3.resize(6688)
[23:39:46.191835] {Default Queue}  -> wl_shm_pool#3.resize(17472)
[23:39:46.191844] {Default Queue}  -> wl_shm_pool#3.resize(39040)
[23:39:46.191855] {Default Queue}  -> wl_shm_pool#3.resize(82176)
[23:39:46.191868] {Default Queue}  -> wl_shm_pool#3.resize(168448)
[23:39:46.192105] {Default Queue}  -> wl_shm_pool#3.resize(340992)
[23:39:46.192566] {Default Queue}  -> wl_shm_pool#3.resize(686080)
[23:39:46.193708] {Default Queue}  -> wl_shm_pool#3.resize(1376256)
[23:39:46.194976] {Default Queue}  -> wl_shm#10.create_pool(new id wl_shm_pool#16, fd 42, 5184)
[23:39:46.195182] {Default Queue}  -> wl_shm_pool#16.resize(14464)
[23:39:46.195198] {Default Queue}  -> wl_shm_pool#16.resize(33024)
[23:39:46.195211] {Default Queue}  -> wl_shm_pool#16.resize(70144)
[23:39:46.195230] {Default Queue}  -> wl_shm_pool#16.resize(144384)
[23:39:46.195487] {Default Queue}  -> wl_shm_pool#16.resize(292864)
[23:39:46.195777] {Default Queue}  -> wl_shm_pool#16.resize(589824)
[23:39:46.196856] {Default Queue}  -> wl_shm_pool#16.resize(1183744)
[23:39:46.198079] {Default Queue}  -> wl_compositor#4.create_surface(new id wl_surface#17)
[23:39:46.198084] {Default Queue}  -> wl_data_device_manager#9.get_data_device(new id wl_data_device#18, wl_seat#13)
[23:39:46.198484] {Default Queue}  -> wl_compositor#4.create_surface(new id wl_surface#19)
[23:39:46.198487] {Default Queue}  -> wl_compositor#4.create_region(new id wl_region#20)
[23:39:46.198489] {Default Queue}  -> wl_region#20.add(0, 0, 640, 512)
[23:39:46.198490] {Default Queue}  -> wl_surface#19.set_opaque_region(wl_region#20)
[23:39:46.198492] {Default Queue}  -> wl_region#20.destroy()
[23:39:46.206513]  -> wl_display#1.get_registry(new id wl_registry#21)
[23:39:46.206521]  -> wl_display#1.sync(new id wl_callback#22)
[23:39:46.206668] {Display Queue} wl_display#1.delete_id(20)
[23:39:46.206671] {Display Queue} wl_display#1.delete_id(22)
[23:39:46.206672] wl_registry#21.global(1, "wl_compositor", 5)
[23:39:46.206674] wl_registry#21.global(2, "wl_subcompositor", 1)
[23:39:46.206676] wl_registry#21.global(3, "wp_viewporter", 1)
[23:39:46.206678] wl_registry#21.global(4, "zxdg_output_manager_v1", 2)
[23:39:46.206679] wl_registry#21.global(5, "wp_presentation", 2)
[23:39:46.206681] wl_registry#21.global(6, "wp_single_pixel_buffer_manager_v1", 1)
[23:39:46.206683] wl_registry#21.global(7, "wp_tearing_control_manager_v1", 1)
[23:39:46.206684] wl_registry#21.global(8, "wp_fifo_manager_v1", 1)
[23:39:46.206686] wl_registry#21.global(9, "wp_commit_timing_manager_v1", 1)
[23:39:46.206688] wl_registry#21.global(10, "wp_alpha_modifier_v1", 1)
[23:39:46.206689] wl_registry#21.global(11, "zwp_relative_pointer_manager_v1", 1)
[23:39:46.206692] wl_registry#21.global(12, "zwp_pointer_constraints_v1", 1)
[23:39:46.206694] wl_registry#21.global(13, "zwp_input_timestamps_manager_v1", 1)
[23:39:46.206695] wl_registry#21.global(14, "weston_capture_v1", 2)
[23:39:46.206697] wl_registry#21.global(15, "wl_data_device_manager", 3)
[23:39:46.206699] wl_registry#21.global(16, "wl_shm", 2)
[23:39:46.206701] wl_registry#21.global(17, "weston_debug_v1", 1)
[23:39:46.206703] wl_registry#21.global(18, "wl_eglstream_display", 1)
[23:39:46.206707] wl_registry#21.global(19, "wl_drm", 2)
[23:39:46.206708] wl_registry#21.global(20, "zwp_linux_dmabuf_v1", 5)
[23:39:46.206710] wl_registry#21.global(21, "zwp_linux_explicit_synchronization_v1", 2)
[23:39:46.206711] wl_registry#21.global(22, "wp_color_representation_manager_v1", 1)
[23:39:46.206713] wl_registry#21.global(23, "wl_output", 4)
[23:39:46.206715] wl_registry#21.global(24, "zwp_input_panel_v1", 1)
[23:39:46.206717] wl_registry#21.global(25, "zwp_text_input_manager_v1", 1)
[23:39:46.206719] wl_registry#21.global(26, "xdg_wm_base", 5)
[23:39:46.206724] wl_registry#21.global(27, "weston_desktop_shell", 1)
[23:39:46.206725] wl_registry#21.global(28, "wl_seat", 7)
[23:39:46.206726] wl_registry#21.global(29, "zwp_input_method_v1", 1)
[23:39:46.206728] wl_callback#22.done(116)
[23:39:46.206730]  -> wl_registry#21.bind(20, "zwp_linux_dmabuf_v1", 4, new id [unknown]#22)
[23:39:46.206733]  -> zwp_linux_dmabuf_v1#22.get_default_feedback(new id zwp_linux_dmabuf_feedback_v1#20)
[23:39:46.206735]  -> wl_display#1.sync(new id wl_callback#23)
[23:39:46.206757] {Display Queue} wl_display#1.delete_id(23)
[23:39:46.206759] zwp_linux_dmabuf_feedback_v1#20.format_table(fd 42, 9408)
[23:39:46.206764] zwp_linux_dmabuf_feedback_v1#20.main_device(array[8])
[23:39:46.206766] zwp_linux_dmabuf_feedback_v1#20.tranche_target_device(array[8])
[23:39:46.206768] zwp_linux_dmabuf_feedback_v1#20.tranche_flags(0)
[23:39:46.206769] zwp_linux_dmabuf_feedback_v1#20.tranche_formats(array[1176])
[23:39:46.206774] zwp_linux_dmabuf_feedback_v1#20.tranche_done()
[23:39:46.206776] zwp_linux_dmabuf_feedback_v1#20.done()
[23:39:46.206777] wl_callback#23.done(116)
[23:39:46.206779]  -> zwp_linux_dmabuf_feedback_v1#20.destroy()
[23:39:46.206828]  -> wl_registry#21.bind(19, "wl_drm", 1, new id [unknown]#23)
[23:39:46.206830]  -> wl_display#1.sync(new id wl_callback#24)
[23:39:46.206842] {Display Queue} wl_display#1.delete_id(20)
[23:39:46.206844] {Display Queue} wl_display#1.delete_id(24)
[23:39:46.206845] wl_drm#23.device("/dev/dri/renderD129")
[23:39:46.206847] wl_callback#24.done(116)
[23:39:46.209481]  -> wl_registry#21.bind(5, "wp_presentation", 2, new id [unknown]#24)
[23:39:46.209488]  -> wl_display#1.sync(new id wl_callback#20)
[23:39:46.209504] {Display Queue} wl_display#1.delete_id(20)
[23:39:46.209507] wp_presentation#24.clock_id(4)
[23:39:46.209509] wl_callback#20.done(116)
[23:39:46.209511] {Default Queue}  -> wl_registry#21.bind(8, "wp_fifo_manager_v1", 1, new id [unknown]#20)
[23:39:46.209513] {Default Queue}  -> wl_registry#21.bind(9, "wp_commit_timing_manager_v1", 1, new id [unknown]#25)
[23:39:46.209591] {Default Queue}  -> zwp_linux_dmabuf_v1#22.destroy()
[23:39:46.209651]  -> wl_display#1.get_registry(new id wl_registry#26)
[23:39:46.209654]  -> wl_display#1.sync(new id wl_callback#27)
[23:39:46.209677] {Display Queue} wl_display#1.delete_id(22)
[23:39:46.209680] {Display Queue} wl_display#1.delete_id(27)
[23:39:46.209681] wl_registry#26.global(1, "wl_compositor", 5)
[23:39:46.209684] wl_registry#26.global(2, "wl_subcompositor", 1)
[23:39:46.209686] wl_registry#26.global(3, "wp_viewporter", 1)
[23:39:46.209687] wl_registry#26.global(4, "zxdg_output_manager_v1", 2)
[23:39:46.209689] wl_registry#26.global(5, "wp_presentation", 2)
[23:39:46.209691] wl_registry#26.global(6, "wp_single_pixel_buffer_manager_v1", 1)
[23:39:46.209692] wl_registry#26.global(7, "wp_tearing_control_manager_v1", 1)
[23:39:46.209694] wl_registry#26.global(8, "wp_fifo_manager_v1", 1)
[23:39:46.209695] wl_registry#26.global(9, "wp_commit_timing_manager_v1", 1)
[23:39:46.209697] wl_registry#26.global(10, "wp_alpha_modifier_v1", 1)
[23:39:46.209699] wl_registry#26.global(11, "zwp_relative_pointer_manager_v1", 1)
[23:39:46.209702] wl_registry#26.global(12, "zwp_pointer_constraints_v1", 1)
[23:39:46.209705] wl_registry#26.global(13, "zwp_input_timestamps_manager_v1", 1)
[23:39:46.209707] wl_registry#26.global(14, "weston_capture_v1", 2)
[23:39:46.209709] wl_registry#26.global(15, "wl_data_device_manager", 3)
[23:39:46.209720] wl_registry#26.global(16, "wl_shm", 2)
[23:39:46.209723] wl_registry#26.global(17, "weston_debug_v1", 1)
[23:39:46.209725] wl_registry#26.global(18, "wl_eglstream_display", 1)
[23:39:46.209726] wl_registry#26.global(19, "wl_drm", 2)
[23:39:46.209727] wl_registry#26.global(20, "zwp_linux_dmabuf_v1", 5)
[23:39:46.209729] wl_registry#26.global(21, "zwp_linux_explicit_synchronization_v1", 2)
[23:39:46.209730] wl_registry#26.global(22, "wp_color_representation_manager_v1", 1)
[23:39:46.209732] wl_registry#26.global(23, "wl_output", 4)
[23:39:46.209733] wl_registry#26.global(24, "zwp_input_panel_v1", 1)
[23:39:46.209734] wl_registry#26.global(25, "zwp_text_input_manager_v1", 1)
[23:39:46.209736] wl_registry#26.global(26, "xdg_wm_base", 5)
[23:39:46.209737] wl_registry#26.global(27, "weston_desktop_shell", 1)
[23:39:46.209738] wl_registry#26.global(28, "wl_seat", 7)
[23:39:46.209740] wl_registry#26.global(29, "zwp_input_method_v1", 1)
[23:39:46.209741] wl_callback#27.done(116)
[23:39:46.209743]  -> wl_registry#26.bind(20, "zwp_linux_dmabuf_v1", 4, new id [unknown]#27)
[23:39:46.209745]  -> zwp_linux_dmabuf_v1#27.get_default_feedback(new id zwp_linux_dmabuf_feedback_v1#22)
[23:39:46.209747]  -> wl_display#1.sync(new id wl_callback#28)
[23:39:46.209762] {Display Queue} wl_display#1.delete_id(28)
[23:39:46.209764] zwp_linux_dmabuf_feedback_v1#22.format_table(fd 42, 9408)
[23:39:46.209769] zwp_linux_dmabuf_feedback_v1#22.main_device(array[8])
[23:39:46.209771] zwp_linux_dmabuf_feedback_v1#22.tranche_target_device(array[8])
[23:39:46.209772] zwp_linux_dmabuf_feedback_v1#22.tranche_flags(0)
[23:39:46.209773] zwp_linux_dmabuf_feedback_v1#22.tranche_formats(array[1176])
[23:39:46.209777] zwp_linux_dmabuf_feedback_v1#22.tranche_done()
[23:39:46.209778] zwp_linux_dmabuf_feedback_v1#22.done()
[23:39:46.209779] wl_callback#28.done(116)
[23:39:46.209781]  -> zwp_linux_dmabuf_feedback_v1#22.destroy()
[23:39:46.209829]  -> wl_registry#26.bind(19, "wl_drm", 1, new id [unknown]#28)
[23:39:46.209831]  -> wl_display#1.sync(new id wl_callback#29)
[23:39:46.209841] {Display Queue} wl_display#1.delete_id(22)
[23:39:46.209842] {Display Queue} wl_display#1.delete_id(29)
[23:39:46.209843] wl_drm#28.device("/dev/dri/renderD129")
[23:39:46.209845] wl_callback#29.done(116)
[23:39:46.210116]  -> wl_registry#26.bind(5, "wp_presentation", 2, new id [unknown]#29)
[23:39:46.210121]  -> wl_display#1.sync(new id wl_callback#22)
[23:39:46.210133] {Display Queue} wl_display#1.delete_id(22)
[23:39:46.210135] wp_presentation#29.clock_id(4)
[23:39:46.210137] wl_callback#22.done(116)
[23:39:46.210139] {Default Queue}  -> wl_registry#26.bind(8, "wp_fifo_manager_v1", 1, new id [unknown]#22)
[23:39:46.210141] {Default Queue}  -> wl_registry#26.bind(9, "wp_commit_timing_manager_v1", 1, new id [unknown]#30)
[23:39:46.215697] {Default Queue}  -> wp_fifo_manager_v1#22.get_fifo(new id wp_fifo_v1#31, wl_surface#19)
[23:39:46.215711] {Default Queue}  -> wp_commit_timing_manager_v1#30.get_timer(new id wp_commit_timer_v1#32, wl_surface#19)
[23:39:46.215716] {EGLSurface(19)}  -> zwp_linux_dmabuf_v1#27.get_surface_feedback(new id zwp_linux_dmabuf_feedback_v1#33, wl_surface#19)
[23:39:46.215719] {EGLSurface(19)}  -> wl_display#1.sync(new id wl_callback#34)
[23:39:46.215772] {Display Queue} wl_display#1.delete_id(34)
[23:39:46.215775] {EGLSurface(19)} zwp_linux_dmabuf_feedback_v1#33.format_table(fd 59, 9408)
[23:39:46.215783] {EGLSurface(19)} zwp_linux_dmabuf_feedback_v1#33.main_device(array[8])
[23:39:46.215786] {EGLSurface(19)} zwp_linux_dmabuf_feedback_v1#33.tranche_target_device(array[8])
[23:39:46.215788] {EGLSurface(19)} zwp_linux_dmabuf_feedback_v1#33.tranche_flags(0)
[23:39:46.215789] {EGLSurface(19)} zwp_linux_dmabuf_feedback_v1#33.tranche_formats(array[1176])
[23:39:46.215793] {EGLSurface(19)} zwp_linux_dmabuf_feedback_v1#33.tranche_done()
[23:39:46.215796] {EGLSurface(19)} zwp_linux_dmabuf_feedback_v1#33.done()
[23:39:46.215797] {EGLSurface(19)} wl_callback#34.done(116)
[23:39:46.215922] {EGLSurface(19/0x55e82d502f20)}  -> zwp_linux_dmabuf_v1#27.create_params(new id zwp_linux_buffer_params_v1#34)
[23:39:46.215934] {EGLSurface(19/0x55e82d502f20)}  -> zwp_linux_buffer_params_v1#34.add(fd 60, 0, 0, 2560, 50331648, 6316052)
[23:39:46.215937] {EGLSurface(19/0x55e82d502f20)}  -> zwp_linux_buffer_params_v1#34.create(640, 512, 875713112, 0)
[23:39:46.215940] {EGLSurface(19/0x55e82d502f20)}  -> wl_display#1.sync(new id wl_callback#35)
[23:39:46.216050] {Display Queue} wl_display#1.delete_id(35)
[23:39:46.216053] {EGLSurface(19/0x55e82d502f20)} zwp_linux_buffer_params_v1#34.created(new id wl_buffer#4278190080)
[23:39:46.216055] {EGLSurface(19/0x55e82d502f20)} wl_callback#35.done(116)
[23:39:46.216056] {EGLSurface(19/0x55e82d502f20)}  -> zwp_linux_buffer_params_v1#34.destroy()
[23:39:46.238120] {Default Queue}  -> xdg_wm_base#12.get_xdg_surface(new id xdg_surface#35, wl_surface#19)
[23:39:46.238132] {Default Queue}  -> xdg_surface#35.get_toplevel(new id xdg_toplevel#36)
[23:39:46.238134] {Default Queue}  -> xdg_toplevel#36.set_app_id("cudaterm")
[23:39:46.238136] {Default Queue}  -> xdg_toplevel#36.set_title("cudaterm")
[23:39:46.238147] {Default Queue}  -> wl_shm#10.create_pool(new id wl_shm_pool#37, fd 70, 4)
[23:39:46.238151] {Default Queue}  -> wl_shm_pool#37.create_buffer(new id wl_buffer#38, 0, 1, 1, 4, 0)
[23:39:46.238157] {Default Queue}  -> wl_shm_pool#37.destroy()
[23:39:46.238159] {Default Queue}  -> wl_compositor#4.create_surface(new id wl_surface#39)
[23:39:46.238161] {Default Queue}  -> wl_subcompositor#5.get_subsurface(new id wl_subsurface#40, wl_surface#39, wl_surface#19)
[23:39:46.238164] {Default Queue}  -> wl_subsurface#40.set_position(0, -24)
[23:39:46.238166] {Default Queue}  -> wp_viewporter#6.get_viewport(new id wp_viewport#41, wl_surface#39)
[23:39:46.238169] {Default Queue}  -> wp_viewport#41.set_destination(640, 24)
[23:39:46.238170] {Default Queue}  -> wl_surface#39.attach(wl_buffer#38, 0, 0)
[23:39:46.238173] {Default Queue}  -> wl_compositor#4.create_region(new id wl_region#42)
[23:39:46.238174] {Default Queue}  -> wl_region#42.add(0, 0, 640, 24)
[23:39:46.238177] {Default Queue}  -> wl_surface#39.set_opaque_region(wl_region#42)
[23:39:46.238178] {Default Queue}  -> wl_surface#39.commit()
[23:39:46.238180] {Default Queue}  -> wl_region#42.destroy()
[23:39:46.238182] {Default Queue}  -> wl_compositor#4.create_surface(new id wl_surface#43)
[23:39:46.238184] {Default Queue}  -> wl_subcompositor#5.get_subsurface(new id wl_subsurface#44, wl_surface#43, wl_surface#19)
[23:39:46.238186] {Default Queue}  -> wl_subsurface#44.set_position(-4, -24)
[23:39:46.238188] {Default Queue}  -> wp_viewporter#6.get_viewport(new id wp_viewport#45, wl_surface#43)
[23:39:46.238190] {Default Queue}  -> wp_viewport#45.set_destination(4, 536)
[23:39:46.238191] {Default Queue}  -> wl_surface#43.attach(wl_buffer#38, 0, 0)
[23:39:46.238194] {Default Queue}  -> wl_compositor#4.create_region(new id wl_region#46)
[23:39:46.238195] {Default Queue}  -> wl_region#46.add(0, 0, 4, 536)
[23:39:46.238197] {Default Queue}  -> wl_surface#43.set_opaque_region(wl_region#46)
[23:39:46.238199] {Default Queue}  -> wl_surface#43.commit()
[23:39:46.238200] {Default Queue}  -> wl_region#46.destroy()
[23:39:46.238202] {Default Queue}  -> wl_compositor#4.create_surface(new id wl_surface#47)
[23:39:46.238204] {Default Queue}  -> wl_subcompositor#5.get_subsurface(new id wl_subsurface#48, wl_surface#47, wl_surface#19)
[23:39:46.238206] {Default Queue}  -> wl_subsurface#48.set_position(640, -24)
[23:39:46.238207] {Default Queue}  -> wp_viewporter#6.get_viewport(new id wp_viewport#49, wl_surface#47)
[23:39:46.238209] {Default Queue}  -> wp_viewport#49.set_destination(4, 536)
[23:39:46.238211] {Default Queue}  -> wl_surface#47.attach(wl_buffer#38, 0, 0)
[23:39:46.238213] {Default Queue}  -> wl_compositor#4.create_region(new id wl_region#50)
[23:39:46.238214] {Default Queue}  -> wl_region#50.add(0, 0, 4, 536)
[23:39:46.238216] {Default Queue}  -> wl_surface#47.set_opaque_region(wl_region#50)
[23:39:46.238218] {Default Queue}  -> wl_surface#47.commit()
[23:39:46.238219] {Default Queue}  -> wl_region#50.destroy()
[23:39:46.238221] {Default Queue}  -> wl_compositor#4.create_surface(new id wl_surface#51)
[23:39:46.238223] {Default Queue}  -> wl_subcompositor#5.get_subsurface(new id wl_subsurface#52, wl_surface#51, wl_surface#19)
[23:39:46.238225] {Default Queue}  -> wl_subsurface#52.set_position(-4, 512)
[23:39:46.238227] {Default Queue}  -> wp_viewporter#6.get_viewport(new id wp_viewport#53, wl_surface#51)
[23:39:46.238228] {Default Queue}  -> wp_viewport#53.set_destination(648, 4)
[23:39:46.238230] {Default Queue}  -> wl_surface#51.attach(wl_buffer#38, 0, 0)
[23:39:46.238232] {Default Queue}  -> wl_compositor#4.create_region(new id wl_region#54)
[23:39:46.238234] {Default Queue}  -> wl_region#54.add(0, 0, 648, 4)
[23:39:46.238235] {Default Queue}  -> wl_surface#51.set_opaque_region(wl_region#54)
[23:39:46.238237] {Default Queue}  -> wl_surface#51.commit()
[23:39:46.238238] {Default Queue}  -> wl_region#54.destroy()
[23:39:46.238240] {Default Queue}  -> xdg_toplevel#36.set_min_size(0, 0)
[23:39:46.238242] {Default Queue}  -> xdg_toplevel#36.set_max_size(0, 0)
[23:39:46.238243] {Default Queue}  -> wl_surface#19.commit()
[23:39:46.238244] {Default Queue}  -> wl_display#1.sync(new id wl_callback#55)
[23:39:46.238247] {Default Queue} wl_keyboard#15.repeat_info(40, 400)
[23:39:46.238250] {Default Queue} wl_keyboard#15.keymap(1, fd 40, 35572)
[23:39:46.240128] {Display Queue} wl_display#1.delete_id(34)
[23:39:46.240134] {Display Queue} wl_display#1.delete_id(37)
[23:39:46.240136] {Display Queue} wl_display#1.delete_id(42)
[23:39:46.240139] {Display Queue} wl_display#1.delete_id(46)
[23:39:46.240141] {Display Queue} wl_display#1.delete_id(50)
[23:39:46.240143] {Display Queue} wl_display#1.delete_id(54)
[23:39:46.240146] {Display Queue} wl_display#1.delete_id(55)
[23:39:46.240148] {Default Queue} wl_callback#55.done(116)
[23:39:46.240150] {Default Queue} xdg_toplevel#36.configure(0, 0, array[0])
[23:39:46.240153] {Default Queue} xdg_surface#35.configure(117)
[23:39:46.240155] {Default Queue}  -> xdg_surface#35.ack_configure(117)
[23:39:46.252901] {EGLSurface(19)}  -> wl_surface#19.damage(0, 0, 2147483647, 2147483647)
[23:39:46.252909] {EGLSurface(19)}  -> wl_surface#19.attach(wl_buffer#4278190080, 0, 0)
[23:39:46.252912] {Default Queue}  -> wp_fifo_v1#31.set_barrier()
[23:39:46.252914] {EGLSurface(19)}  -> wl_surface#19.commit()
[23:39:46.252917] {EGLSurface(19)}  -> wl_display#1.sync(new id wl_callback#55)
[23:39:46.253102] {EGLSurface(19/0x55e82d502f20)}  -> zwp_linux_dmabuf_v1#27.create_params(new id zwp_linux_buffer_params_v1#54)
[23:39:46.253108] {EGLSurface(19/0x55e82d502f20)}  -> zwp_linux_buffer_params_v1#54.add(fd 40, 0, 0, 2560, 50331648, 6316052)
[23:39:46.253111] {EGLSurface(19/0x55e82d502f20)}  -> zwp_linux_buffer_params_v1#54.create(640, 512, 875713112, 0)
[23:39:46.253113] {EGLSurface(19/0x55e82d502f20)}  -> wl_display#1.sync(new id wl_callback#50)
[23:39:46.253124] {Display Queue} wl_display#1.delete_id(55)
[23:39:46.253215] {Display Queue} wl_display#1.delete_id(50)
[23:39:46.253217] {EGLSurface(19/0x55e82d502f20)} zwp_linux_buffer_params_v1#54.created(new id wl_buffer#4278190082)
[23:39:46.253219] {EGLSurface(19/0x55e82d502f20)} wl_callback#50.done(119)
[23:39:46.253220] {EGLSurface(19/0x55e82d502f20)}  -> zwp_linux_buffer_params_v1#54.destroy()
[23:39:46.253258] {Default Queue} wl_surface#19.enter(wl_output#11)
[23:39:46.253261] {Default Queue} discarded wl_surface#39.enter(wl_output#11)
[23:39:46.253262] {Default Queue} discarded wl_surface#43.enter(wl_output#11)
[23:39:46.253264] {Default Queue} discarded wl_surface#47.enter(wl_output#11)
[23:39:46.253265] {Default Queue} discarded wl_surface#51.enter(wl_output#11)
[23:39:46.253266] {Default Queue} wl_keyboard#15.enter(118, wl_surface#19, array[0])
[23:39:46.253353] {Default Queue} wl_keyboard#15.modifiers(118, 0, 0, 0, 0)
[23:39:46.253357] {Default Queue} wl_data_device#18.data_offer(new id wl_data_offer#4278190081)
[23:39:46.253359] {Default Queue} wl_data_offer#4278190081.offer("text/plain;charset=utf-8")
[23:39:46.253361] {Default Queue} wl_data_device#18.selection(wl_data_offer#4278190081)
[23:39:46.253363] {Default Queue} xdg_toplevel#36.configure(0, 0, array[4])
[23:39:46.253368] {Default Queue} xdg_surface#35.configure(119)
[23:39:46.253369] {Default Queue}  -> xdg_surface#35.ack_configure(119)
[23:39:46.261533] {Display Queue} wl_display#1.delete_id(54)
[23:39:46.261541] {Default Queue} discarded wl_buffer#38.release()
[23:39:47.011009] {Default Queue} wl_pointer#14.enter(121, wl_surface#19, 4.00000000, 24.00000000)
[23:39:47.011025] {Default Queue}  -> wl_shm_pool#3.create_buffer(new id wl_buffer#54, 581632, 32, 32, 128, 0)
[23:39:47.011030] {Default Queue}  -> wl_pointer#14.set_cursor(121, wl_surface#17, 4, 4)
[23:39:47.011033] {Default Queue}  -> wl_surface#17.set_buffer_scale(1)
[23:39:47.011035] {Default Queue}  -> wl_surface#17.attach(wl_buffer#54, 0, 0)
[23:39:47.011037] {Default Queue}  -> wl_surface#17.damage(0, 0, 32, 32)
[23:39:47.011039] {Default Queue}  -> wl_surface#17.commit()
[23:39:47.011191] {Default Queue} xdg_wm_base#12.ping(122)
[23:39:47.011194] {Default Queue}  -> xdg_wm_base#12.pong(122)
[23:39:47.011240] {Default Queue} discarded wl_surface#17.enter(wl_output#11)
[23:39:47.011446] {Default Queue} discarded wl_buffer#54.release()
[23:39:47.061052] {Default Queue} wl_keyboard#15.key(123, 1945191925, 42, 1)
[23:39:47.061073] {Default Queue} wl_keyboard#15.modifiers(123, 1, 0, 0, 0)
[23:39:47.061077] {Default Queue} wl_pointer#14.button(124, 1945191925, 272, 1)
[23:39:47.061289] {EGLSurface(19)} wl_callback#55.done(118)
[23:39:47.061499] {EGLSurface(19)}  -> wl_surface#19.damage(0, 0, 2147483647, 2147483647)
[23:39:47.061503] {EGLSurface(19)}  -> wl_surface#19.attach(wl_buffer#4278190082, 0, 0)
[23:39:47.061506] {Default Queue}  -> wp_fifo_v1#31.set_barrier()
[23:39:47.061509] {EGLSurface(19)}  -> wl_surface#19.commit()
[23:39:47.061511] {EGLSurface(19)}  -> wl_display#1.sync(new id wl_callback#55)
[23:39:47.061794] {EGLSurface(19/0x55e82d502f20)}  -> zwp_linux_dmabuf_v1#27.create_params(new id zwp_linux_buffer_params_v1#50)
[23:39:47.061801] {EGLSurface(19/0x55e82d502f20)}  -> zwp_linux_buffer_params_v1#50.add(fd 40, 0, 0, 2560, 50331648, 6316052)
[23:39:47.061804] {EGLSurface(19/0x55e82d502f20)}  -> zwp_linux_buffer_params_v1#50.create(640, 512, 875713112, 0)
[23:39:47.061807] {EGLSurface(19/0x55e82d502f20)}  -> wl_display#1.sync(new id wl_callback#46)
[23:39:47.061815] {Display Queue} wl_display#1.delete_id(55)
[23:39:47.061904] {Display Queue} wl_display#1.delete_id(46)
[23:39:47.061907] {EGLSurface(19/0x55e82d502f20)} zwp_linux_buffer_params_v1#50.created(new id wl_buffer#4278190083)
[23:39:47.061909] {EGLSurface(19/0x55e82d502f20)} wl_callback#46.done(124)
[23:39:47.061911] {EGLSurface(19/0x55e82d502f20)}  -> zwp_linux_buffer_params_v1#50.destroy()
[23:39:47.078111] {Display Queue} wl_display#1.delete_id(50)
[23:39:47.111129] {Default Queue} wl_pointer#14.motion(1945191975, 36.00000000, 56.00000000)
[23:39:47.111358] {EGLSurface(19)} wl_callback#55.done(124)
[23:39:47.111717] {EGLSurface(19)}  -> wl_surface#19.damage(0, 0, 2147483647, 2147483647)
[23:39:47.111722] {EGLSurface(19)}  -> wl_surface#19.attach(wl_buffer#4278190083, 0, 0)
[23:39:47.111725] {Default Queue}  -> wp_fifo_v1#31.set_barrier()
[23:39:47.111737] {EGLSurface(19)}  -> wl_surface#19.commit()
[23:39:47.111743] {EGLSurface(19)}  -> wl_display#1.sync(new id wl_callback#55)
[23:39:47.111750] {EGLSurface(19/0x55e82d502f20)} wl_buffer#4278190080.release()
[23:39:47.111809] {Display Queue} wl_display#1.delete_id(55)
[23:39:47.161202] {Default Queue} wl_pointer#14.button(125, 1945192025, 272, 0)
[23:39:47.161297] {Default Queue} xdg_wm_base#12.ping(126)
[23:39:47.161301] {Default Queue}  -> xdg_wm_base#12.pong(126)
[23:39:47.161305] {Default Queue} wl_keyboard#15.key(127, 1945192025, 42, 0)
[23:39:47.161310] {Default Queue} wl_keyboard#15.modifiers(127, 0, 0, 0, 0)
[23:39:47.161365] {EGLSurface(19)} wl_callback#55.done(124)
[23:39:47.161591] {EGLSurface(19)}  -> wl_surface#19.damage(0, 0, 2147483647, 2147483647)
[23:39:47.161595] {EGLSurface(19)}  -> wl_surface#19.attach(wl_buffer#4278190080, 0, 0)
[23:39:47.161598] {Default Queue}  -> wp_fifo_v1#31.set_barrier()
[23:39:47.161605] {EGLSurface(19)}  -> wl_surface#19.commit()
[23:39:47.161608] {EGLSurface(19)}  -> wl_display#1.sync(new id wl_callback#55)
[23:39:47.161614] {EGLSurface(19/0x55e82d502f20)} wl_buffer#4278190082.release()
[23:39:47.161633] {Display Queue} wl_display#1.delete_id(55)
[23:39:47.211301] {Default Queue} wl_keyboard#15.key(128, 1945192075, 29, 1)
[23:39:47.211319] {Default Queue} wl_keyboard#15.modifiers(128, 4, 0, 0, 0)
[23:39:47.211324] {Default Queue} wl_keyboard#15.key(129, 1945192075, 42, 1)
[23:39:47.211326] {Default Queue} wl_keyboard#15.modifiers(129, 5, 0, 0, 0)
[23:39:47.211328] {Default Queue} wl_keyboard#15.key(130, 1945192075, 46, 1)
[23:39:47.211574] {Default Queue}  -> wl_data_device_manager#9.create_data_source(new id wl_data_source#50)
[23:39:47.211577] {Default Queue}  -> wl_data_source#50.offer("text/plain;charset=utf-8")
[23:39:47.211580] {Default Queue}  -> wl_data_device#18.set_selection(wl_data_source#50, 130)
[23:39:47.211583] {Default Queue} wl_keyboard#15.key(131, 1945192075, 46, 0)
[23:39:47.211586] {Default Queue} wl_keyboard#15.key(132, 1945192075, 42, 0)
[23:39:47.211588] {Default Queue} wl_keyboard#15.modifiers(132, 4, 0, 0, 0)
[23:39:47.211590] {Default Queue} wl_keyboard#15.key(133, 1945192075, 29, 0)
[23:39:47.211592] {Default Queue} wl_keyboard#15.modifiers(133, 0, 0, 0, 0)
[23:39:47.211631] {Default Queue} wl_data_device#18.data_offer(new id wl_data_offer#4278190084)
[23:39:47.211633] {Default Queue} wl_data_offer#4278190084.offer("text/plain;charset=utf-8")
[23:39:47.211635] {Default Queue} wl_data_device#18.selection(wl_data_offer#4278190084)
[23:39:47.211638] {Default Queue}  -> wl_data_offer#4278190081.destroy()
[23:39:47.211640] {Default Queue} wl_data_source#50.send("text/plain;charset=utf-8", fd 40)
[23:39:47.311383] {Default Queue} wl_keyboard#15.key(134, 1945192175, 29, 1)
[23:39:47.311401] {Default Queue} wl_keyboard#15.modifiers(134, 4, 0, 0, 0)
[23:39:47.311404] {Default Queue} wl_keyboard#15.key(135, 1945192175, 42, 1)
[23:39:47.311407] {Default Queue} wl_keyboard#15.modifiers(135, 5, 0, 0, 0)
[23:39:47.311409] {Default Queue} wl_keyboard#15.key(136, 1945192175, 47, 1)
[23:39:47.311524] {Default Queue} wl_keyboard#15.key(137, 1945192175, 47, 0)
[23:39:47.311526] {Default Queue} wl_keyboard#15.key(138, 1945192175, 42, 0)
[23:39:47.311528] {Default Queue} wl_keyboard#15.modifiers(138, 4, 0, 0, 0)
[23:39:47.311530] {Default Queue} wl_keyboard#15.key(139, 1945192175, 29, 0)
[23:39:47.311532] {Default Queue} wl_keyboard#15.modifiers(139, 0, 0, 0, 0)
[23:39:47.311609] {EGLSurface(19)} wl_callback#55.done(127)
[23:39:47.311828] {EGLSurface(19)}  -> wl_surface#19.damage(0, 0, 2147483647, 2147483647)
[23:39:47.311833] {EGLSurface(19)}  -> wl_surface#19.attach(wl_buffer#4278190082, 0, 0)
[23:39:47.311836] {Default Queue}  -> wp_fifo_v1#31.set_barrier()
[23:39:47.311838] {EGLSurface(19)}  -> wl_surface#19.commit()
[23:39:47.311841] {EGLSurface(19)}  -> wl_display#1.sync(new id wl_callback#55)
[23:39:47.311847] {EGLSurface(19/0x55e82d502f20)} wl_buffer#4278190083.release()
[23:39:47.311878] {Display Queue} wl_display#1.delete_id(55)
[23:39:47.335260] {Default Queue}  -> wl_display#1.sync(new id wl_callback#46)
[23:39:47.335287] {Display Queue} wl_display#1.delete_id(46)
[23:39:47.335290] {Default Queue} discarded wl_callback#46.done(139)
[23:39:47.335311] {Default Queue}  -> wl_display#1.sync(new id wl_callback#42)
[23:39:47.335321] {Display Queue} wl_display#1.delete_id(42)
[23:39:47.335324] {Default Queue} discarded wl_callback#42.done(139)
[23:39:47.335327] {Default Queue}  -> wl_display#1.sync(new id wl_callback#37)
[23:39:47.336090] {EGLSurface(19/0x55e82d502f20)}  -> wl_buffer#4278190080.destroy()
[23:39:47.336134] {EGLSurface(19/0x55e82d502f20)}  -> wl_buffer#4278190082.destroy()
[23:39:47.336167] {EGLSurface(19/0x55e82d502f20)}  -> wl_buffer#4278190083.destroy()
[23:39:47.336202] {EGLSurface(19)}  -> zwp_linux_dmabuf_feedback_v1#33.destroy()
[23:39:47.336211] {Default Queue}  -> wp_fifo_v1#31.destroy()
[23:39:47.336214] {Default Queue}  -> wp_commit_timer_v1#32.destroy()
[23:39:47.336447] {Default Queue}  -> wl_subsurface#40.destroy()
[23:39:47.336452] {Default Queue}  -> wl_surface#39.destroy()
[23:39:47.336456] {Default Queue}  -> wp_viewport#41.destroy()
[23:39:47.336458] {Default Queue}  -> wl_subsurface#44.destroy()
[23:39:47.336461] {Default Queue}  -> wl_surface#43.destroy()
[23:39:47.336463] {Default Queue}  -> wp_viewport#45.destroy()
[23:39:47.336465] {Default Queue}  -> wl_subsurface#48.destroy()
[23:39:47.336467] {Default Queue}  -> wl_surface#47.destroy()
[23:39:47.336470] {Default Queue}  -> wp_viewport#49.destroy()
[23:39:47.336472] {Default Queue}  -> wl_subsurface#52.destroy()
[23:39:47.336475] {Default Queue}  -> wl_surface#51.destroy()
[23:39:47.336478] {Default Queue}  -> wp_viewport#53.destroy()
[23:39:47.336480] {Default Queue}  -> xdg_toplevel#36.destroy()
[23:39:47.336483] {Default Queue}  -> xdg_surface#35.destroy()
[23:39:47.336486] {Default Queue}  -> wl_buffer#38.destroy()
[23:39:47.336489] {Default Queue}  -> wl_surface#19.destroy()
[23:39:47.336503] {Default Queue}  -> zwp_linux_dmabuf_v1#27.destroy()
[23:39:47.336644] {Default Queue}  -> wl_buffer#54.destroy()
[23:39:47.336668] {Default Queue}  -> wl_shm_pool#3.destroy()
[23:39:47.336697] {Default Queue}  -> wl_shm_pool#16.destroy()
[23:39:47.336720] {Default Queue}  -> wl_surface#17.destroy()
[23:39:47.336723] {Default Queue}  -> wl_subcompositor#5.destroy()
[23:39:47.336726] {Default Queue}  -> wp_viewporter#6.destroy()
[23:39:47.336729] {Default Queue}  -> xdg_wm_base#12.destroy()
[23:39:47.336732] {Default Queue}  -> wl_data_offer#4278190084.destroy()
[23:39:47.336735] {Default Queue}  -> wl_data_source#50.destroy()
[23:39:47.336740] {Default Queue}  -> zwp_relative_pointer_manager_v1#7.destroy()
[23:39:47.336743] {Default Queue}  -> zwp_pointer_constraints_v1#8.destroy()
[23:39:47.387100] {Default Queue}  -> wl_display#1.get_registry(new id wl_registry#2)
[23:39:47.387114] {Default Queue}  -> wl_display#1.sync(new id wl_callback#3)
[23:39:47.387149] {Display Queue} wl_display#1.delete_id(3)
[23:39:47.387152] {Default Queue} wl_registry#2.global(1, "wl_compositor", 5)
[23:39:47.387155] {Default Queue}  -> wl_registry#2.bind(1, "wl_compositor", 3, new id [unknown]#4)
[23:39:47.387158] {Default Queue} wl_registry#2.global(2, "wl_subcompositor", 1)
[23:39:47.387160] {Default Queue}  -> wl_registry#2.bind(2, "wl_subcompositor", 1, new id [unknown]#5)
[23:39:47.387162] {Default Queue} wl_registry#2.global(3, "wp_viewporter", 1)
[23:39:47.387164] {Default Queue}  -> wl_registry#2.bind(3, "wp_viewporter", 1, new id [unknown]#6)
[23:39:47.387166] {Default Queue} wl_registry#2.global(4, "zxdg_output_manager_v1", 2)
[23:39:47.387168] {Default Queue} wl_registry#2.global(5, "wp_presentation", 2)
[23:39:47.387170] {Default Queue} wl_registry#2.global(6, "wp_single_pixel_buffer_manager_v1", 1)
[23:39:47.387171] {Default Queue} wl_registry#2.global(7, "wp_tearing_control_manager_v1", 1)
[23:39:47.387173] {Default Queue} wl_registry#2.global(8, "wp_fifo_manager_v1", 1)
[23:39:47.387175] {Default Queue} wl_registry#2.global(9, "wp_commit_timing_manager_v1", 1)
[23:39:47.387177] {Default Queue} wl_registry#2.global(10, "wp_alpha_modifier_v1", 1)
[23:39:47.387178] {Default Queue} wl_registry#2.global(11, "zwp_relative_pointer_manager_v1", 1)
[23:39:47.387180] {Default Queue}  -> wl_registry#2.bind(11, "zwp_relative_pointer_manager_v1", 1, new id [unknown]#7)
[23:39:47.387183] {Default Queue} wl_registry#2.global(12, "zwp_pointer_constraints_v1", 1)
[23:39:47.387185] {Default Queue}  -> wl_registry#2.bind(12, "zwp_pointer_constraints_v1", 1, new id [unknown]#8)
[23:39:47.387186] {Default Queue} wl_registry#2.global(13, "zwp_input_timestamps_manager_v1", 1)
[23:39:47.387188] {Default Queue} wl_registry#2.global(14, "weston_capture_v1", 2)
[23:39:47.387190] {Default Queue} wl_registry#2.global(15, "wl_data_device_manager", 3)
[23:39:47.387192] {Default Queue}  -> wl_registry#2.bind(15, "wl_data_device_manager", 1, new id [unknown]#9)
[23:39:47.387194] {Default Queue} wl_registry#2.global(16, "wl_shm", 2)
[23:39:47.387198] {Default Queue}  -> wl_registry#2.bind(16, "wl_shm", 1, new id [unknown]#10)
[23:39:47.387200] {Default Queue} wl_registry#2.global(17, "weston_debug_v1", 1)
[23:39:47.387201] {Default Queue} wl_registry#2.global(18, "wl_eglstream_display", 1)
[23:39:47.387204] {Default Queue} wl_registry#2.global(19, "wl_drm", 2)
[23:39:47.387205] {Default Queue} wl_registry#2.global(20, "zwp_linux_dmabuf_v1", 5)
[23:39:47.387207] {Default Queue} wl_registry#2.global(21, "zwp_linux_explicit_synchronization_v1", 2)
[23:39:47.387208] {Default Queue} wl_registry#2.global(22, "wp_color_representation_manager_v1", 1)
[23:39:47.387210] {Default Queue} wl_registry#2.global(23, "wl_output", 4)
[23:39:47.387212] {Default Queue}  -> wl_registry#2.bind(23, "wl_output", 4, new id [unknown]#11)
[23:39:47.387215] {Default Queue} wl_registry#2.global(24, "zwp_input_panel_v1", 1)
[23:39:47.387217] {Default Queue} wl_registry#2.global(25, "zwp_text_input_manager_v1", 1)
[23:39:47.387219] {Default Queue} wl_registry#2.global(26, "xdg_wm_base", 5)
[23:39:47.387220] {Default Queue}  -> wl_registry#2.bind(26, "xdg_wm_base", 1, new id [unknown]#12)
[23:39:47.387222] {Default Queue} wl_registry#2.global(27, "weston_desktop_shell", 1)
[23:39:47.387224] {Default Queue} wl_registry#2.global(28, "wl_seat", 7)
[23:39:47.387225] {Default Queue}  -> wl_registry#2.bind(28, "wl_seat", 4, new id [unknown]#13)
[23:39:47.387227] {Default Queue} wl_registry#2.global(29, "zwp_input_method_v1", 1)
[23:39:47.387229] {Default Queue} wl_callback#3.done(140)
[23:39:47.387232] {Default Queue}  -> wl_display#1.sync(new id wl_callback#3)
[23:39:47.387259] {Display Queue} wl_display#1.delete_id(3)
[23:39:47.387261] {Default Queue} discarded wl_shm#10.format(0)
[23:39:47.387263] {Default Queue} discarded wl_shm#10.format(1)
[23:39:47.387264] {Default Queue} discarded wl_shm#10.format(842093144)
[23:39:47.387266] {Default Queue} discarded wl_shm#10.format(842093121)
[23:39:47.387267] {Default Queue} discarded wl_shm#10.format(842089048)
[23:39:47.387268] {Default Queue} discarded wl_shm#10.format(842089025)
[23:39:47.387270] {Default Queue} discarded wl_shm#10.format(842094674)
[23:39:47.387271] {Default Queue} discarded wl_shm#10.format(842088786)
[23:39:47.387273] {Default Queue} discarded wl_shm#10.format(842094658)
[23:39:47.387274] {Default Queue} discarded wl_shm#10.format(842088770)
[23:39:47.387276] {Default Queue} discarded wl_shm#10.format(892426322)
[23:39:47.387277] {Default Queue} discarded wl_shm#10.format(892420434)
[23:39:47.387278] {Default Queue} discarded wl_shm#10.format(892426306)
[23:39:47.387279] {Default Queue} discarded wl_shm#10.format(892420418)
[23:39:47.387281] {Default Queue} discarded wl_shm#10.format(909199186)
[23:39:47.387282] {Default Queue} discarded wl_shm#10.format(909199170)
[23:39:47.387283] {Default Queue} discarded wl_shm#10.format(875710290)
[23:39:47.387284] {Default Queue} discarded wl_shm#10.format(875710274)
[23:39:47.387285] {Default Queue} discarded wl_shm#10.format(875713112)
[23:39:47.387286] {Default Queue} discarded wl_shm#10.format(875713089)
[23:39:47.387288] {Default Queue} discarded wl_shm#10.format(875709016)
[23:39:47.387289] {Default Queue} discarded wl_shm#10.format(875708993)
[23:39:47.387290] {Default Queue} discarded wl_shm#10.format(875714642)
[23:39:47.387292] {Default Queue} discarded wl_shm#10.format(875708754)
[23:39:47.387293] {Default Queue} discarded wl_shm#10.format(875714626)
[23:39:47.387295] {Default Queue} discarded wl_shm#10.format(875708738)
[23:39:47.387296] {Default Queue} discarded wl_shm#10.format(808669784)
[23:39:47.387297] {Default Queue} discarded wl_shm#10.format(808669761)
[23:39:47.387298] {Default Queue} discarded wl_shm#10.format(808665688)
[23:39:47.387299] {Default Queue} discarded wl_shm#10.format(808665665)
[23:39:47.387300] {Default Queue} discarded wl_shm#10.format(942948952)
[23:39:47.387301] {Default Queue} discarded wl_shm#10.format(942948929)
[23:39:47.387303] {Default Queue} discarded wl_shm#10.format(942953048)
[23:39:47.387304] {Default Queue} discarded wl_shm#10.format(942953025)
[23:39:47.387306] {Default Queue} discarded wl_shm#10.format(1211384408)
[23:39:47.387307] {Default Queue} discarded wl_shm#10.format(1211384385)
[23:39:47.387308] {Default Queue} discarded wl_shm#10.format(1211388504)
[23:39:47.387309] {Default Queue} discarded wl_shm#10.format(1211388481)
[23:39:47.387310] {Default Queue} discarded wl_shm#10.format(1448695129)
[23:39:47.387311] {Default Queue} discarded wl_shm#10.format(1431918169)
[23:39:47.387312] {Default Queue} discarded wl_shm#10.format(1498831189)
[23:39:47.387313] {Default Queue} discarded wl_shm#10.format(1498765654)
[23:39:47.387314] {Default Queue} discarded wl_shm#10.format(842094158)
[23:39:47.387315] {Default Queue} discarded wl_shm#10.format(825382478)
[23:39:47.387316] {Default Queue} discarded wl_shm#10.format(909203022)
[23:39:47.387317] {Default Queue} discarded wl_shm#10.format(825644622)
[23:39:47.387318] {Default Queue} discarded wl_shm#10.format(875714126)
[23:39:47.387319] {Default Queue} discarded wl_shm#10.format(842290766)
[23:39:47.387320] {Default Queue} discarded wl_shm#10.format(808530000)
[23:39:47.387322] {Default Queue} discarded wl_shm#10.format(842084432)
[23:39:47.387323] {Default Queue} discarded wl_shm#10.format(909193296)
[23:39:47.387324] {Default Queue} discarded wl_shm#10.format(842093913)
[23:39:47.387325] {Default Queue} discarded wl_shm#10.format(842094169)
[23:39:47.387326] {Default Queue} discarded wl_shm#10.format(909202777)
[23:39:47.387327] {Default Queue} discarded wl_shm#10.format(909203033)
[23:39:47.387328] {Default Queue} discarded wl_shm#10.format(875713881)
[23:39:47.387329] {Default Queue} discarded wl_shm#10.format(875714137)
[23:39:47.387330] {Default Queue} discarded wl_shm#10.format(1448434008)
[23:39:47.387332] {Default Queue} wl_output#11.geometry(0, 0, 1200, 900, 0, "weston", "headless", 0)
[23:39:47.387335] {Default Queue} wl_output#11.scale(1)
[23:39:47.387336] {Default Queue} wl_output#11.mode(3, 1200, 900, 60000)
[23:39:47.387339] {Default Queue} wl_output#11.name("headless")
[23:39:47.387341] {Default Queue} wl_output#11.description("headless")
[23:39:47.387342] {Default Queue} wl_output#11.done()
[23:39:47.387344] {Default Queue} wl_seat#13.name("cudaterm-test")
[23:39:47.387346] {Default Queue} wl_seat#13.capabilities(3)
[23:39:47.387347] {Default Queue}  -> wl_seat#13.get_pointer(new id wl_pointer#14)
[23:39:47.387350] {Default Queue}  -> wl_seat#13.get_keyboard(new id wl_keyboard#15)
[23:39:47.387351] {Default Queue} wl_callback#3.done(140)
[23:39:47.387367] {Default Queue}  -> wl_shm#10.create_pool(new id wl_shm_pool#3, fd 40, 1296)
[23:39:47.387596] {Default Queue}  -> wl_shm_pool#3.resize(6688)
[23:39:47.387604] {Default Queue}  -> wl_shm_pool#3.resize(17472)
[23:39:47.387611] {Default Queue}  -> wl_shm_pool#3.resize(39040)
[23:39:47.387620] {Default Queue}  -> wl_shm_pool#3.resize(82176)
[23:39:47.387634] {Default Queue}  -> wl_shm_pool#3.resize(168448)
[23:39:47.387877] {Default Queue}  -> wl_shm_pool#3.resize(340992)
[23:39:47.388268] {Default Queue}  -> wl_shm_pool#3.resize(686080)
[23:39:47.389163] {Default Queue}  -> wl_shm_pool#3.resize(1376256)
[23:39:47.390365] {Default Queue}  -> wl_shm#10.create_pool(new id wl_shm_pool#16, fd 42, 5184)
[23:39:47.390564] {Default Queue}  -> wl_shm_pool#16.resize(14464)
[23:39:47.390573] {Default Queue}  -> wl_shm_pool#16.resize(33024)
[23:39:47.390583] {Default Queue}  -> wl_shm_pool#16.resize(70144)
[23:39:47.390596] {Default Queue}  -> wl_shm_pool#16.resize(144384)
[23:39:47.390826] {Default Queue}  -> wl_shm_pool#16.resize(292864)
[23:39:47.391069] {Default Queue}  -> wl_shm_pool#16.resize(589824)
[23:39:47.392024] {Default Queue}  -> wl_shm_pool#16.resize(1183744)
[23:39:47.393186] {Default Queue}  -> wl_compositor#4.create_surface(new id wl_surface#17)
[23:39:47.393190] {Default Queue}  -> wl_data_device_manager#9.get_data_device(new id wl_data_device#18, wl_seat#13)
[23:39:47.393606] {Default Queue}  -> wl_compositor#4.create_surface(new id wl_surface#19)
[23:39:47.393608] {Default Queue}  -> wl_compositor#4.create_region(new id wl_region#20)
[23:39:47.393611] {Default Queue}  -> wl_region#20.add(0, 0, 640, 512)
[23:39:47.393613] {Default Queue}  -> wl_surface#19.set_opaque_region(wl_region#20)
[23:39:47.393615] {Default Queue}  -> wl_region#20.destroy()
[23:39:47.401212]  -> wl_display#1.get_registry(new id wl_registry#21)
[23:39:47.401218]  -> wl_display#1.sync(new id wl_callback#22)
[23:39:47.401346] {Display Queue} wl_display#1.delete_id(20)
[23:39:47.401349] {Display Queue} wl_display#1.delete_id(22)
[23:39:47.401351] wl_registry#21.global(1, "wl_compositor", 5)
[23:39:47.401353] wl_registry#21.global(2, "wl_subcompositor", 1)
[23:39:47.401355] wl_registry#21.global(3, "wp_viewporter", 1)
[23:39:47.401357] wl_registry#21.global(4, "zxdg_output_manager_v1", 2)
[23:39:47.401358] wl_registry#21.global(5, "wp_presentation", 2)
[23:39:47.401360] wl_registry#21.global(6, "wp_single_pixel_buffer_manager_v1", 1)
[23:39:47.401361] wl_registry#21.global(7, "wp_tearing_control_manager_v1", 1)
[23:39:47.401363] wl_registry#21.global(8, "wp_fifo_manager_v1", 1)
[23:39:47.401365] wl_registry#21.global(9, "wp_commit_timing_manager_v1", 1)
[23:39:47.401366] wl_registry#21.global(10, "wp_alpha_modifier_v1", 1)
[23:39:47.401368] wl_registry#21.global(11, "zwp_relative_pointer_manager_v1", 1)
[23:39:47.401369] wl_registry#21.global(12, "zwp_pointer_constraints_v1", 1)
[23:39:47.401370] wl_registry#21.global(13, "zwp_input_timestamps_manager_v1", 1)
[23:39:47.401372] wl_registry#21.global(14, "weston_capture_v1", 2)
[23:39:47.401374] wl_registry#21.global(15, "wl_data_device_manager", 3)
[23:39:47.401375] wl_registry#21.global(16, "wl_shm", 2)
[23:39:47.401377] wl_registry#21.global(17, "weston_debug_v1", 1)
[23:39:47.401378] wl_registry#21.global(18, "wl_eglstream_display", 1)
[23:39:47.401380] wl_registry#21.global(19, "wl_drm", 2)
[23:39:47.401382] wl_registry#21.global(20, "zwp_linux_dmabuf_v1", 5)
[23:39:47.401383] wl_registry#21.global(21, "zwp_linux_explicit_synchronization_v1", 2)
[23:39:47.401384] wl_registry#21.global(22, "wp_color_representation_manager_v1", 1)
[23:39:47.401386] wl_registry#21.global(23, "wl_output", 4)
[23:39:47.401387] wl_registry#21.global(24, "zwp_input_panel_v1", 1)
[23:39:47.401388] wl_registry#21.global(25, "zwp_text_input_manager_v1", 1)
[23:39:47.401390] wl_registry#21.global(26, "xdg_wm_base", 5)
[23:39:47.401391] wl_registry#21.global(27, "weston_desktop_shell", 1)
[23:39:47.401393] wl_registry#21.global(28, "wl_seat", 7)
[23:39:47.401394] wl_registry#21.global(29, "zwp_input_method_v1", 1)
[23:39:47.401396] wl_callback#22.done(140)
[23:39:47.401398]  -> wl_registry#21.bind(20, "zwp_linux_dmabuf_v1", 4, new id [unknown]#22)
[23:39:47.401400]  -> zwp_linux_dmabuf_v1#22.get_default_feedback(new id zwp_linux_dmabuf_feedback_v1#20)
[23:39:47.401402]  -> wl_display#1.sync(new id wl_callback#23)
[23:39:47.401420] {Display Queue} wl_display#1.delete_id(23)
[23:39:47.401422] zwp_linux_dmabuf_feedback_v1#20.format_table(fd 42, 9408)
[23:39:47.401426] zwp_linux_dmabuf_feedback_v1#20.main_device(array[8])
[23:39:47.401428] zwp_linux_dmabuf_feedback_v1#20.tranche_target_device(array[8])
[23:39:47.401429] zwp_linux_dmabuf_feedback_v1#20.tranche_flags(0)
[23:39:47.401431] zwp_linux_dmabuf_feedback_v1#20.tranche_formats(array[1176])
[23:39:47.401434] zwp_linux_dmabuf_feedback_v1#20.tranche_done()
[23:39:47.401436] zwp_linux_dmabuf_feedback_v1#20.done()
[23:39:47.401437] wl_callback#23.done(140)
[23:39:47.401439]  -> zwp_linux_dmabuf_feedback_v1#20.destroy()
[23:39:47.401488]  -> wl_registry#21.bind(19, "wl_drm", 1, new id [unknown]#23)
[23:39:47.401490]  -> wl_display#1.sync(new id wl_callback#24)
[23:39:47.401500] {Display Queue} wl_display#1.delete_id(20)
[23:39:47.401502] {Display Queue} wl_display#1.delete_id(24)
[23:39:47.401503] wl_drm#23.device("/dev/dri/renderD129")
[23:39:47.401505] wl_callback#24.done(140)
[23:39:47.404198]  -> wl_registry#21.bind(5, "wp_presentation", 2, new id [unknown]#24)
[23:39:47.404205]  -> wl_display#1.sync(new id wl_callback#20)
[23:39:47.404223] {Display Queue} wl_display#1.delete_id(20)
[23:39:47.404228] wp_presentation#24.clock_id(4)
[23:39:47.404229] wl_callback#20.done(140)
[23:39:47.404231] {Default Queue}  -> wl_registry#21.bind(8, "wp_fifo_manager_v1", 1, new id [unknown]#20)
[23:39:47.404233] {Default Queue}  -> wl_registry#21.bind(9, "wp_commit_timing_manager_v1", 1, new id [unknown]#25)
[23:39:47.404312] {Default Queue}  -> zwp_linux_dmabuf_v1#22.destroy()
[23:39:47.404360]  -> wl_display#1.get_registry(new id wl_registry#26)
[23:39:47.404363]  -> wl_display#1.sync(new id wl_callback#27)
[23:39:47.404390] {Display Queue} wl_display#1.delete_id(22)
[23:39:47.404392] {Display Queue} wl_display#1.delete_id(27)
[23:39:47.404394] wl_registry#26.global(1, "wl_compositor", 5)
[23:39:47.404396] wl_registry#26.global(2, "wl_subcompositor", 1)
[23:39:47.404397] wl_registry#26.global(3, "wp_viewporter", 1)
[23:39:47.404399] wl_registry#26.global(4, "zxdg_output_manager_v1", 2)
[23:39:47.404401] wl_registry#26.global(5, "wp_presentation", 2)
[23:39:47.404403] wl_registry#26.global(6, "wp_single_pixel_buffer_manager_v1", 1)
[23:39:47.404405] wl_registry#26.global(7, "wp_tearing_control_manager_v1", 1)
[23:39:47.404406] wl_registry#26.global(8, "wp_fifo_manager_v1", 1)
[23:39:47.404408] wl_registry#26.global(9, "wp_commit_timing_manager_v1", 1)
[23:39:47.404410] wl_registry#26.global(10, "wp_alpha_modifier_v1", 1)
[23:39:47.404411] wl_registry#26.global(11, "zwp_relative_pointer_manager_v1", 1)
[23:39:47.404413] wl_registry#26.global(12, "zwp_pointer_constraints_v1", 1)
[23:39:47.404414] wl_registry#26.global(13, "zwp_input_timestamps_manager_v1", 1)
[23:39:47.404416] wl_registry#26.global(14, "weston_capture_v1", 2)
[23:39:47.404417] wl_registry#26.global(15, "wl_data_device_manager", 3)
[23:39:47.404419] wl_registry#26.global(16, "wl_shm", 2)
[23:39:47.404421] wl_registry#26.global(17, "weston_debug_v1", 1)
[23:39:47.404423] wl_registry#26.global(18, "wl_eglstream_display", 1)
[23:39:47.404424] wl_registry#26.global(19, "wl_drm", 2)
[23:39:47.404426] wl_registry#26.global(20, "zwp_linux_dmabuf_v1", 5)
[23:39:47.404427] wl_registry#26.global(21, "zwp_linux_explicit_synchronization_v1", 2)
[23:39:47.404429] wl_registry#26.global(22, "wp_color_representation_manager_v1", 1)
[23:39:47.404431] wl_registry#26.global(23, "wl_output", 4)
[23:39:47.404433] wl_registry#26.global(24, "zwp_input_panel_v1", 1)
[23:39:47.404435] wl_registry#26.global(25, "zwp_text_input_manager_v1", 1)
[23:39:47.404436] wl_registry#26.global(26, "xdg_wm_base", 5)
[23:39:47.404438] wl_registry#26.global(27, "weston_desktop_shell", 1)
[23:39:47.404439] wl_registry#26.global(28, "wl_seat", 7)
[23:39:47.404441] wl_registry#26.global(29, "zwp_input_method_v1", 1)
[23:39:47.404443] wl_callback#27.done(140)
[23:39:47.404445]  -> wl_registry#26.bind(20, "zwp_linux_dmabuf_v1", 4, new id [unknown]#27)
[23:39:47.404447]  -> zwp_linux_dmabuf_v1#27.get_default_feedback(new id zwp_linux_dmabuf_feedback_v1#22)
[23:39:47.404449]  -> wl_display#1.sync(new id wl_callback#28)
[23:39:47.404465] {Display Queue} wl_display#1.delete_id(28)
[23:39:47.404467] zwp_linux_dmabuf_feedback_v1#22.format_table(fd 42, 9408)
[23:39:47.404473] zwp_linux_dmabuf_feedback_v1#22.main_device(array[8])
[23:39:47.404474] zwp_linux_dmabuf_feedback_v1#22.tranche_target_device(array[8])
[23:39:47.404476] zwp_linux_dmabuf_feedback_v1#22.tranche_flags(0)
[23:39:47.404477] zwp_linux_dmabuf_feedback_v1#22.tranche_formats(array[1176])
[23:39:47.404481] zwp_linux_dmabuf_feedback_v1#22.tranche_done()
[23:39:47.404482] zwp_linux_dmabuf_feedback_v1#22.done()
[23:39:47.404483] wl_callback#28.done(140)
[23:39:47.404485]  -> zwp_linux_dmabuf_feedback_v1#22.destroy()
[23:39:47.404534]  -> wl_registry#26.bind(19, "wl_drm", 1, new id [unknown]#28)
[23:39:47.404536]  -> wl_display#1.sync(new id wl_callback#29)
[23:39:47.404546] {Display Queue} wl_display#1.delete_id(22)
[23:39:47.404547] {Display Queue} wl_display#1.delete_id(29)
[23:39:47.404549] wl_drm#28.device("/dev/dri/renderD129")
[23:39:47.404550] wl_callback#29.done(140)
[23:39:47.404804]  -> wl_registry#26.bind(5, "wp_presentation", 2, new id [unknown]#29)
[23:39:47.404811]  -> wl_display#1.sync(new id wl_callback#22)
[23:39:47.404826] {Display Queue} wl_display#1.delete_id(22)
[23:39:47.404829] wp_presentation#29.clock_id(4)
[23:39:47.404830] wl_callback#22.done(140)
[23:39:47.404832] {Default Queue}  -> wl_registry#26.bind(8, "wp_fifo_manager_v1", 1, new id [unknown]#22)
[23:39:47.404834] {Default Queue}  -> wl_registry#26.bind(9, "wp_commit_timing_manager_v1", 1, new id [unknown]#30)
[23:39:47.409847] {Default Queue}  -> wp_fifo_manager_v1#22.get_fifo(new id wp_fifo_v1#31, wl_surface#19)
[23:39:47.409853] {Default Queue}  -> wp_commit_timing_manager_v1#30.get_timer(new id wp_commit_timer_v1#32, wl_surface#19)
[23:39:47.409856] {EGLSurface(19)}  -> zwp_linux_dmabuf_v1#27.get_surface_feedback(new id zwp_linux_dmabuf_feedback_v1#33, wl_surface#19)
[23:39:47.409859] {EGLSurface(19)}  -> wl_display#1.sync(new id wl_callback#34)
[23:39:47.409887] {Display Queue} wl_display#1.delete_id(34)
[23:39:47.409890] {EGLSurface(19)} zwp_linux_dmabuf_feedback_v1#33.format_table(fd 59, 9408)
[23:39:47.409895] {EGLSurface(19)} zwp_linux_dmabuf_feedback_v1#33.main_device(array[8])
[23:39:47.409897] {EGLSurface(19)} zwp_linux_dmabuf_feedback_v1#33.tranche_target_device(array[8])
[23:39:47.409898] {EGLSurface(19)} zwp_linux_dmabuf_feedback_v1#33.tranche_flags(0)
[23:39:47.409899] {EGLSurface(19)} zwp_linux_dmabuf_feedback_v1#33.tranche_formats(array[1176])
[23:39:47.409902] {EGLSurface(19)} zwp_linux_dmabuf_feedback_v1#33.tranche_done()
[23:39:47.409904] {EGLSurface(19)} zwp_linux_dmabuf_feedback_v1#33.done()
[23:39:47.409905] {EGLSurface(19)} wl_callback#34.done(140)
[23:39:47.410000] {EGLSurface(19/0x55e96ef67cc0)}  -> zwp_linux_dmabuf_v1#27.create_params(new id zwp_linux_buffer_params_v1#34)
[23:39:47.410004] {EGLSurface(19/0x55e96ef67cc0)}  -> zwp_linux_buffer_params_v1#34.add(fd 60, 0, 0, 2560, 50331648, 6316052)
[23:39:47.410006] {EGLSurface(19/0x55e96ef67cc0)}  -> zwp_linux_buffer_params_v1#34.create(640, 512, 875713112, 0)
[23:39:47.410008] {EGLSurface(19/0x55e96ef67cc0)}  -> wl_display#1.sync(new id wl_callback#35)
[23:39:47.410105] {Display Queue} wl_display#1.delete_id(35)
[23:39:47.410107] {EGLSurface(19/0x55e96ef67cc0)} zwp_linux_buffer_params_v1#34.created(new id wl_buffer#4278190080)
[23:39:47.410111] {EGLSurface(19/0x55e96ef67cc0)} wl_callback#35.done(140)
[23:39:47.410113] {EGLSurface(19/0x55e96ef67cc0)}  -> zwp_linux_buffer_params_v1#34.destroy()
[23:39:47.433921] {Default Queue}  -> xdg_wm_base#12.get_xdg_surface(new id xdg_surface#35, wl_surface#19)
[23:39:47.433929] {Default Queue}  -> xdg_surface#35.get_toplevel(new id xdg_toplevel#36)
[23:39:47.433933] {Default Queue}  -> xdg_toplevel#36.set_app_id("cudaterm")
[23:39:47.433935] {Default Queue}  -> xdg_toplevel#36.set_title("cudaterm")
[23:39:47.433949] {Default Queue}  -> wl_shm#10.create_pool(new id wl_shm_pool#37, fd 70, 4)
[23:39:47.433954] {Default Queue}  -> wl_shm_pool#37.create_buffer(new id wl_buffer#38, 0, 1, 1, 4, 0)
[23:39:47.433961] {Default Queue}  -> wl_shm_pool#37.destroy()
[23:39:47.433964] {Default Queue}  -> wl_compositor#4.create_surface(new id wl_surface#39)
[23:39:47.433968] {Default Queue}  -> wl_subcompositor#5.get_subsurface(new id wl_subsurface#40, wl_surface#39, wl_surface#19)
[23:39:47.433971] {Default Queue}  -> wl_subsurface#40.set_position(0, -24)
[23:39:47.433974] {Default Queue}  -> wp_viewporter#6.get_viewport(new id wp_viewport#41, wl_surface#39)
[23:39:47.433977] {Default Queue}  -> wp_viewport#41.set_destination(640, 24)
[23:39:47.433980] {Default Queue}  -> wl_surface#39.attach(wl_buffer#38, 0, 0)
[23:39:47.433983] {Default Queue}  -> wl_compositor#4.create_region(new id wl_region#42)
[23:39:47.433986] {Default Queue}  -> wl_region#42.add(0, 0, 640, 24)
[23:39:47.433989] {Default Queue}  -> wl_surface#39.set_opaque_region(wl_region#42)
[23:39:47.433991] {Default Queue}  -> wl_surface#39.commit()
[23:39:47.433994] {Default Queue}  -> wl_region#42.destroy()
[23:39:47.433996] {Default Queue}  -> wl_compositor#4.create_surface(new id wl_surface#43)
[23:39:47.434000] {Default Queue}  -> wl_subcompositor#5.get_subsurface(new id wl_subsurface#44, wl_surface#43, wl_surface#19)
[23:39:47.434003] {Default Queue}  -> wl_subsurface#44.set_position(-4, -24)
[23:39:47.434006] {Default Queue}  -> wp_viewporter#6.get_viewport(new id wp_viewport#45, wl_surface#43)
[23:39:47.434009] {Default Queue}  -> wp_viewport#45.set_destination(4, 536)
[23:39:47.434012] {Default Queue}  -> wl_surface#43.attach(wl_buffer#38, 0, 0)
[23:39:47.434014] {Default Queue}  -> wl_compositor#4.create_region(new id wl_region#46)
[23:39:47.434018] {Default Queue}  -> wl_region#46.add(0, 0, 4, 536)
[23:39:47.434020] {Default Queue}  -> wl_surface#43.set_opaque_region(wl_region#46)
[23:39:47.434023] {Default Queue}  -> wl_surface#43.commit()
[23:39:47.434026] {Default Queue}  -> wl_region#46.destroy()
[23:39:47.434028] {Default Queue}  -> wl_compositor#4.create_surface(new id wl_surface#47)
[23:39:47.434031] {Default Queue}  -> wl_subcompositor#5.get_subsurface(new id wl_subsurface#48, wl_surface#47, wl_surface#19)
[23:39:47.434034] {Default Queue}  -> wl_subsurface#48.set_position(640, -24)
[23:39:47.434037] {Default Queue}  -> wp_viewporter#6.get_viewport(new id wp_viewport#49, wl_surface#47)
[23:39:47.434040] {Default Queue}  -> wp_viewport#49.set_destination(4, 536)
[23:39:47.434043] {Default Queue}  -> wl_surface#47.attach(wl_buffer#38, 0, 0)
[23:39:47.434046] {Default Queue}  -> wl_compositor#4.create_region(new id wl_region#50)
[23:39:47.434049] {Default Queue}  -> wl_region#50.add(0, 0, 4, 536)
[23:39:47.434051] {Default Queue}  -> wl_surface#47.set_opaque_region(wl_region#50)
[23:39:47.434053] {Default Queue}  -> wl_surface#47.commit()
[23:39:47.434055] {Default Queue}  -> wl_region#50.destroy()
[23:39:47.434058] {Default Queue}  -> wl_compositor#4.create_surface(new id wl_surface#51)
[23:39:47.434060] {Default Queue}  -> wl_subcompositor#5.get_subsurface(new id wl_subsurface#52, wl_surface#51, wl_surface#19)
[23:39:47.434063] {Default Queue}  -> wl_subsurface#52.set_position(-4, 512)
[23:39:47.434066] {Default Queue}  -> wp_viewporter#6.get_viewport(new id wp_viewport#53, wl_surface#51)
[23:39:47.434068] {Default Queue}  -> wp_viewport#53.set_destination(648, 4)
[23:39:47.434071] {Default Queue}  -> wl_surface#51.attach(wl_buffer#38, 0, 0)
[23:39:47.434074] {Default Queue}  -> wl_compositor#4.create_region(new id wl_region#54)
[23:39:47.434076] {Default Queue}  -> wl_region#54.add(0, 0, 648, 4)
[23:39:47.434079] {Default Queue}  -> wl_surface#51.set_opaque_region(wl_region#54)
[23:39:47.434081] {Default Queue}  -> wl_surface#51.commit()
[23:39:47.434083] {Default Queue}  -> wl_region#54.destroy()
[23:39:47.434087] {Default Queue}  -> xdg_toplevel#36.set_min_size(0, 0)
[23:39:47.434090] {Default Queue}  -> xdg_toplevel#36.set_max_size(0, 0)
[23:39:47.434093] {Default Queue}  -> wl_surface#19.commit()
[23:39:47.434095] {Default Queue}  -> wl_display#1.sync(new id wl_callback#55)
[23:39:47.434098] {Default Queue} wl_keyboard#15.repeat_info(40, 400)
[23:39:47.434102] {Default Queue} wl_keyboard#15.keymap(1, fd 40, 35572)
[23:39:47.435879] {Display Queue} wl_display#1.delete_id(34)
[23:39:47.435884] {Display Queue} wl_display#1.delete_id(37)
[23:39:47.435886] {Display Queue} wl_display#1.delete_id(42)
[23:39:47.435888] {Display Queue} wl_display#1.delete_id(46)
[23:39:47.435889] {Display Queue} wl_display#1.delete_id(50)
[23:39:47.435890] {Display Queue} wl_display#1.delete_id(54)
[23:39:47.435891] {Display Queue} wl_display#1.delete_id(55)
[23:39:47.435892] {Default Queue} wl_callback#55.done(140)
[23:39:47.435894] {Default Queue} xdg_toplevel#36.configure(0, 0, array[0])
[23:39:47.435896] {Default Queue} xdg_surface#35.configure(141)
[23:39:47.435898] {Default Queue}  -> xdg_surface#35.ack_configure(141)
[23:39:47.448664] {EGLSurface(19)}  -> wl_surface#19.damage(0, 0, 2147483647, 2147483647)
[23:39:47.448673] {EGLSurface(19)}  -> wl_surface#19.attach(wl_buffer#4278190080, 0, 0)
[23:39:47.448678] {Default Queue}  -> wp_fifo_v1#31.set_barrier()
[23:39:47.448681] {EGLSurface(19)}  -> wl_surface#19.commit()
[23:39:47.448685] {EGLSurface(19)}  -> wl_display#1.sync(new id wl_callback#55)
[23:39:47.448870] {EGLSurface(19/0x55e96ef67cc0)}  -> zwp_linux_dmabuf_v1#27.create_params(new id zwp_linux_buffer_params_v1#54)
[23:39:47.448877] {EGLSurface(19/0x55e96ef67cc0)}  -> zwp_linux_buffer_params_v1#54.add(fd 40, 0, 0, 2560, 50331648, 6316052)
[23:39:47.448881] {EGLSurface(19/0x55e96ef67cc0)}  -> zwp_linux_buffer_params_v1#54.create(640, 512, 875713112, 0)
[23:39:47.448884] {EGLSurface(19/0x55e96ef67cc0)}  -> wl_display#1.sync(new id wl_callback#50)
[23:39:47.448898] {Display Queue} wl_display#1.delete_id(55)
[23:39:47.448981] {Display Queue} wl_display#1.delete_id(50)
[23:39:47.448983] {EGLSurface(19/0x55e96ef67cc0)} zwp_linux_buffer_params_v1#54.created(new id wl_buffer#4278190082)
[23:39:47.448986] {EGLSurface(19/0x55e96ef67cc0)} wl_callback#50.done(143)
[23:39:47.448989] {EGLSurface(19/0x55e96ef67cc0)}  -> zwp_linux_buffer_params_v1#54.destroy()
[23:39:47.449031] {Default Queue} wl_surface#19.enter(wl_output#11)
[23:39:47.449035] {Default Queue} discarded wl_surface#39.enter(wl_output#11)
[23:39:47.449038] {Default Queue} discarded wl_surface#43.enter(wl_output#11)
[23:39:47.449040] {Default Queue} discarded wl_surface#47.enter(wl_output#11)
[23:39:47.449042] {Default Queue} discarded wl_surface#51.enter(wl_output#11)
[23:39:47.449044] {Default Queue} wl_keyboard#15.enter(142, wl_surface#19, array[0])
[23:39:47.449140] {Default Queue} wl_keyboard#15.modifiers(142, 0, 0, 0, 0)
[23:39:47.449144] {Default Queue} wl_data_device#18.data_offer(new id wl_data_offer#4278190081)
[23:39:47.449147] {Default Queue} wl_data_offer#4278190081.offer("text/plain;charset=utf-8")
[23:39:47.449150] {Default Queue} wl_data_device#18.selection(wl_data_offer#4278190081)
[23:39:47.449153] {Default Queue} xdg_toplevel#36.configure(0, 0, array[4])
[23:39:47.449157] {Default Queue} xdg_surface#35.configure(143)
[23:39:47.449160] {Default Queue}  -> xdg_surface#35.ack_configure(143)
[23:39:47.455061] {Display Queue} wl_display#1.delete_id(54)
[23:39:47.455066] {Default Queue} discarded wl_buffer#38.release()
[23:39:47.455068] {Default Queue} wl_pointer#14.enter(145, wl_surface#19, 44.00000000, 134.00000000)
[23:39:47.455075] {Default Queue}  -> wl_shm_pool#3.create_buffer(new id wl_buffer#54, 581632, 32, 32, 128, 0)
[23:39:47.455079] {Default Queue}  -> wl_pointer#14.set_cursor(145, wl_surface#17, 4, 4)
[23:39:47.455082] {Default Queue}  -> wl_surface#17.set_buffer_scale(1)
[23:39:47.455085] {Default Queue}  -> wl_surface#17.attach(wl_buffer#54, 0, 0)
[23:39:47.455088] {Default Queue}  -> wl_surface#17.damage(0, 0, 32, 32)
[23:39:47.455092] {Default Queue}  -> wl_surface#17.commit()
[23:39:47.455232] {Default Queue} xdg_wm_base#12.ping(146)
[23:39:47.455235] {Default Queue}  -> xdg_wm_base#12.pong(146)
[23:39:47.455262] {Default Queue} discarded wl_surface#17.enter(wl_output#11)
[23:39:47.471626] {Default Queue} discarded wl_buffer#54.release()
[23:39:47.723844] {Default Queue} xdg_toplevel#36.configure(320, 512, array[4])
[23:39:47.723860] {Default Queue} xdg_surface#35.configure(147)
[23:39:47.723864] {Default Queue}  -> xdg_surface#35.ack_configure(147)
[23:39:47.723868] {Default Queue}  -> wl_compositor#4.create_region(new id wl_region#50)
[23:39:47.723871] {Default Queue}  -> wl_region#50.add(0, 0, 312, 484)
[23:39:47.723873] {Default Queue}  -> wl_surface#19.set_opaque_region(wl_region#50)
[23:39:47.723875] {Default Queue}  -> wl_region#50.destroy()
[23:39:47.724733] {Default Queue}  -> wp_viewport#41.set_destination(312, 24)
[23:39:47.724737] {Default Queue}  -> wl_surface#39.commit()
[23:39:47.724740] {Default Queue}  -> wp_viewport#45.set_destination(4, 508)
[23:39:47.724741] {Default Queue}  -> wl_surface#43.commit()
[23:39:47.724743] {Default Queue}  -> wl_subsurface#48.set_position(312, -24)
[23:39:47.724745] {Default Queue}  -> wp_viewport#49.set_destination(4, 508)
[23:39:47.724747] {Default Queue}  -> wl_surface#47.commit()
[23:39:47.724749] {Default Queue}  -> wl_subsurface#52.set_position(-4, 484)
[23:39:47.724750] {Default Queue}  -> wp_viewport#53.set_destination(320, 4)
[23:39:47.724756] {Default Queue}  -> wl_surface#51.commit()
[23:39:47.725159] {EGLSurface(19/0x55e96f3cfc80)}  -> zwp_linux_dmabuf_v1#27.create_params(new id zwp_linux_buffer_params_v1#46)
[23:39:47.725166] {EGLSurface(19/0x55e96f3cfc80)}  -> zwp_linux_buffer_params_v1#46.add(fd 67, 0, 0, 1280, 50331648, 6316052)
[23:39:47.725169] {EGLSurface(19/0x55e96f3cfc80)}  -> zwp_linux_buffer_params_v1#46.create(312, 484, 875713112, 0)
[23:39:47.725171] {EGLSurface(19/0x55e96f3cfc80)}  -> wl_display#1.sync(new id wl_callback#42)
[23:39:47.725276] {Display Queue} wl_display#1.delete_id(50)
[23:39:47.725280] {Display Queue} wl_display#1.delete_id(42)
[23:39:47.725282] {EGLSurface(19/0x55e96f3cfc80)} zwp_linux_buffer_params_v1#46.created(new id wl_buffer#4278190083)
[23:39:47.725284] {EGLSurface(19/0x55e96f3cfc80)} wl_callback#42.done(147)
[23:39:47.725286] {EGLSurface(19/0x55e96f3cfc80)}  -> zwp_linux_buffer_params_v1#46.destroy()
[23:39:47.725389] {EGLSurface(19/0x55e96ef67cc0)}  -> wl_buffer#4278190082.destroy()
[23:39:47.725423] {EGLSurface(19/0x55e96ef67cc0)}  -> wl_buffer#4278190080.destroy()
[23:39:47.726099] {EGLSurface(19)} wl_callback#55.done(142)
[23:39:47.726171] {EGLSurface(19)}  -> wl_surface#19.damage(0, 0, 2147483647, 2147483647)
[23:39:47.726174] {EGLSurface(19)}  -> wl_surface#19.attach(wl_buffer#4278190083, 0, 0)
[23:39:47.726177] {Default Queue}  -> wp_fifo_v1#31.set_barrier()
[23:39:47.726179] {EGLSurface(19)}  -> wl_surface#19.commit()
[23:39:47.726181] {EGLSurface(19)}  -> wl_display#1.sync(new id wl_callback#55)
[23:39:47.726346] {EGLSurface(19/0x55e96f3cfc80)}  -> zwp_linux_dmabuf_v1#27.create_params(new id zwp_linux_buffer_params_v1#42)
[23:39:47.726352] {EGLSurface(19/0x55e96f3cfc80)}  -> zwp_linux_buffer_params_v1#42.add(fd 40, 0, 0, 1280, 50331648, 6316052)
[23:39:47.726355] {EGLSurface(19/0x55e96f3cfc80)}  -> zwp_linux_buffer_params_v1#42.create(312, 484, 875713112, 0)
[23:39:47.726357] {EGLSurface(19/0x55e96f3cfc80)}  -> wl_display#1.sync(new id wl_callback#50)
[23:39:47.726366] {Display Queue} wl_display#1.delete_id(46)
[23:39:47.726369] {Display Queue} wl_display#1.delete_id(55)
[23:39:47.726427] {Display Queue} wl_display#1.delete_id(50)
[23:39:47.726430] {EGLSurface(19/0x55e96f3cfc80)} zwp_linux_buffer_params_v1#42.created(new id wl_buffer#4278190080)
[23:39:47.726431] {EGLSurface(19/0x55e96f3cfc80)} wl_callback#50.done(147)
[23:39:47.726433] {EGLSurface(19/0x55e96f3cfc80)}  -> zwp_linux_buffer_params_v1#42.destroy()
[23:39:57.477622] {Default Queue}  -> wl_display#1.sync(new id wl_callback#50)
[23:39:57.477678] {Display Queue} wl_display#1.delete_id(42)
[23:39:57.477683] {Display Queue} wl_display#1.delete_id(50)
[23:39:57.477685] {Default Queue} discarded wl_callback#50.done(147)
[23:39:57.478152] {EGLSurface(19)} wl_callback#55.done(147)
[23:39:57.480089] {EGLSurface(19)}  -> wl_surface#19.damage(0, 0, 2147483647, 2147483647)
[23:39:57.480096] {EGLSurface(19)}  -> wl_surface#19.attach(wl_buffer#4278190080, 0, 0)
[23:39:57.480099] {Default Queue}  -> wp_fifo_v1#31.set_barrier()
[23:39:57.480102] {EGLSurface(19)}  -> wl_surface#19.commit()
[23:39:57.480104] {EGLSurface(19)}  -> wl_display#1.sync(new id wl_callback#55)
[23:39:57.480357] {EGLSurface(19/0x55e96f3cfc80)}  -> zwp_linux_dmabuf_v1#27.create_params(new id zwp_linux_buffer_params_v1#42)
[23:39:57.480365] {EGLSurface(19/0x55e96f3cfc80)}  -> zwp_linux_buffer_params_v1#42.add(fd 40, 0, 0, 1280, 50331648, 6316052)
[23:39:57.480368] {EGLSurface(19/0x55e96f3cfc80)}  -> zwp_linux_buffer_params_v1#42.create(312, 484, 875713112, 0)
[23:39:57.480371] {EGLSurface(19/0x55e96f3cfc80)}  -> wl_display#1.sync(new id wl_callback#46)
[23:39:57.480380] {Display Queue} wl_display#1.delete_id(55)
[23:39:57.480488] {Display Queue} wl_display#1.delete_id(46)
[23:39:57.480491] {EGLSurface(19/0x55e96f3cfc80)} zwp_linux_buffer_params_v1#42.created(new id wl_buffer#4278190082)
[23:39:57.480493] {EGLSurface(19/0x55e96f3cfc80)} wl_callback#46.done(147)
[23:39:57.480494] {EGLSurface(19/0x55e96f3cfc80)}  -> zwp_linux_buffer_params_v1#42.destroy()
[23:39:57.488967] {EGLSurface(19)} wl_callback#55.done(147)
[23:39:57.490885] {EGLSurface(19)}  -> wl_surface#19.damage(0, 0, 2147483647, 2147483647)
[23:39:57.490891] {EGLSurface(19)}  -> wl_surface#19.attach(wl_buffer#4278190082, 0, 0)
[23:39:57.490894] {Default Queue}  -> wp_fifo_v1#31.set_barrier()
[23:39:57.490896] {EGLSurface(19)}  -> wl_surface#19.commit()
[23:39:57.490898] {EGLSurface(19)}  -> wl_display#1.sync(new id wl_callback#55)
[23:39:57.491049] {EGLSurface(19/0x55e96f3cfc80)}  -> zwp_linux_dmabuf_v1#27.create_params(new id zwp_linux_buffer_params_v1#46)
[23:39:57.491055] {EGLSurface(19/0x55e96f3cfc80)}  -> zwp_linux_buffer_params_v1#46.add(fd 40, 0, 0, 1280, 50331648, 6316052)
[23:39:57.491058] {EGLSurface(19/0x55e96f3cfc80)}  -> zwp_linux_buffer_params_v1#46.create(312, 484, 875713112, 0)
[23:39:57.491063] {EGLSurface(19/0x55e96f3cfc80)}  -> wl_display#1.sync(new id wl_callback#37)
[23:39:57.491071] {Display Queue} wl_display#1.delete_id(42)
[23:39:57.491073] {Display Queue} wl_display#1.delete_id(55)
[23:39:57.491076] {EGLSurface(19/0x55e96f3cfc80)} wl_buffer#4278190083.release()
[23:39:57.491136] {Display Queue} wl_display#1.delete_id(37)
[23:39:57.491139] {EGLSurface(19/0x55e96f3cfc80)} zwp_linux_buffer_params_v1#46.created(new id wl_buffer#4278190084)
[23:39:57.491140] {EGLSurface(19/0x55e96f3cfc80)} wl_callback#37.done(147)
[23:39:57.491142] {EGLSurface(19/0x55e96f3cfc80)}  -> zwp_linux_buffer_params_v1#46.destroy()
[23:39:57.496571] {Default Queue}  -> wl_display#1.sync(new id wl_callback#37)
[23:39:57.496610] {Display Queue} wl_display#1.delete_id(46)
[23:39:57.496618] {Display Queue} wl_display#1.delete_id(37)
[23:39:57.496621] {Default Queue} discarded wl_callback#37.done(147)
[23:39:57.496644] {Default Queue}  -> wl_display#1.sync(new id wl_callback#46)
[23:39:57.496655] {Display Queue} wl_display#1.delete_id(46)
[23:39:57.496657] {Default Queue} discarded wl_callback#46.done(147)
[23:39:57.496660] {Default Queue}  -> wl_display#1.sync(new id wl_callback#42)
[23:39:57.497688] {EGLSurface(19/0x55e96f3cfc80)}  -> wl_buffer#4278190084.destroy()
[23:39:57.497788] {EGLSurface(19/0x55e96f3cfc80)}  -> wl_buffer#4278190082.destroy()
[23:39:57.497853] {EGLSurface(19/0x55e96f3cfc80)}  -> wl_buffer#4278190080.destroy()
[23:39:57.497893] {EGLSurface(19/0x55e96f3cfc80)}  -> wl_buffer#4278190083.destroy()
[23:39:57.497926] {EGLSurface(19)}  -> zwp_linux_dmabuf_feedback_v1#33.destroy()
[23:39:57.497936] {Default Queue}  -> wp_fifo_v1#31.destroy()
[23:39:57.497938] {Default Queue}  -> wp_commit_timer_v1#32.destroy()
[23:39:57.498635] {Default Queue}  -> wl_subsurface#40.destroy()
[23:39:57.498639] {Default Queue}  -> wl_surface#39.destroy()
[23:39:57.498642] {Default Queue}  -> wp_viewport#41.destroy()
[23:39:57.498645] {Default Queue}  -> wl_subsurface#44.destroy()
[23:39:57.498647] {Default Queue}  -> wl_surface#43.destroy()
[23:39:57.498648] {Default Queue}  -> wp_viewport#45.destroy()
[23:39:57.498650] {Default Queue}  -> wl_subsurface#48.destroy()
[23:39:57.498651] {Default Queue}  -> wl_surface#47.destroy()
[23:39:57.498653] {Default Queue}  -> wp_viewport#49.destroy()
[23:39:57.498655] {Default Queue}  -> wl_subsurface#52.destroy()
[23:39:57.498656] {Default Queue}  -> wl_surface#51.destroy()
[23:39:57.498658] {Default Queue}  -> wp_viewport#53.destroy()
[23:39:57.498659] {Default Queue}  -> xdg_toplevel#36.destroy()
[23:39:57.498661] {Default Queue}  -> xdg_surface#35.destroy()
[23:39:57.498663] {Default Queue}  -> wl_buffer#38.destroy()
[23:39:57.498666] {Default Queue}  -> wl_surface#19.destroy()
[23:39:57.498679] {Default Queue}  -> zwp_linux_dmabuf_v1#27.destroy()
[23:39:57.498844] {Default Queue}  -> wl_buffer#54.destroy()
[23:39:57.498876] {Default Queue}  -> wl_shm_pool#3.destroy()
[23:39:57.498916] {Default Queue}  -> wl_shm_pool#16.destroy()
[23:39:57.498943] {Default Queue}  -> wl_surface#17.destroy()
[23:39:57.498946] {Default Queue}  -> wl_subcompositor#5.destroy()
[23:39:57.498949] {Default Queue}  -> wp_viewporter#6.destroy()
[23:39:57.498952] {Default Queue}  -> xdg_wm_base#12.destroy()
[23:39:57.498958] {Default Queue}  -> wl_data_offer#4278190081.destroy()
[23:39:57.498963] {Default Queue}  -> zwp_relative_pointer_manager_v1#7.destroy()
[23:39:57.498966] {Default Queue}  -> zwp_pointer_constraints_v1#8.destroy()
PASS: slow uploads and coalesced update boundaries retain complete frames
PASS: inherited PTY closes with final output and direct child status
PASS: Wayland Ctrl-Space reached the PTY during CUDA decode in 0.1 ms
PASS: Wayland Shift-selection mode 0 clipboard roundtrip preserves UTF-8 and bracketed-paste framing
PASS: Wayland large external clipboard paste preserves UTF-8 and bracketed-paste framing
PASS: Wayland Shift-selection mode 2 clipboard roundtrip preserves UTF-8 and bracketed-paste framing
PASS: Wayland Shift-selection mode 3 clipboard roundtrip preserves UTF-8 and bracketed-paste framing
PASS: Wayland Shift-selection mode 4 clipboard roundtrip preserves UTF-8 and bracketed-paste framing
Traceback (most recent call last):
  File "/nix/store/dlvvih16lg8x4v2k8frcggb736fkv28j-window_sync.py", line 258, in <module>
    else: main()
          ~~~~^^
  File "/nix/store/dlvvih16lg8x4v2k8frcggb736fkv28j-window_sync.py", line 200, in main
    wait('clipboard.resized')
    ~~~~^^^^^^^^^^^^^^^^^^^^^
  File "/nix/store/dlvvih16lg8x4v2k8frcggb736fkv28j-window_sync.py", line 124, in wait
    if time.monotonic()>deadline: raise RuntimeError('timed out: '+name)
                                  ^^^^^^^^^^^^^^^^^^^^^^^^^^^^^^^^^^^^^^
RuntimeError: timed out: clipboard.resized
